emoji,codepoint,occurrences,negative,neutral,positive,name,block,primary_emotion
😀,0x1f600,1000,50,50,900,GRINNING FACE,Smileys & Emotion,Amusement
😃,0x1f603,1000,50,50,900,GRINNING FACE WITH BIG EYES,Smileys & Emotion,Amusement
😄,0x1f604,1000,50,50,900,GRINNING FACE WITH SMILING EYES,Smileys & Emotion,Amusement
😁,0x1f601,1000,50,150,800,BEAMING FACE WITH SMILING EYES,Smileys & Emotion,Joy
😆,0x1f606,1000,50,50,900,GRINNING SQUINTING FACE,Smileys & Emotion,Amusement
😅,0x1f605,1000,50,50,900,GRINNING FACE WITH SWEAT,Smileys & Emotion,Amusement
🤣,0x1f923,1000,50,50,900,ROLLING ON THE FLOOR LAUGHING,Smileys & Emotion,Amusement
😂,0x1f602,1000,50,50,900,FACE WITH TEARS OF JOY,Smileys & Emotion,Amusement
🙂,0x1f642,1000,50,150,800,SLIGHTLY SMILING FACE,Smileys & Emotion,Joy
🙃,0x1f643,1000,50,150,800,UPSIDE-DOWN FACE,Smileys & Emotion,Joy
🫠,0x1fae0,1000,50,150,800,MELTING FACE,Smileys & Emotion,Joy
😉,0x1f609,1000,50,150,800,WINKING FACE,Smileys & Emotion,Joy
😊,0x1f60a,1000,50,150,800,SMILING FACE WITH SMILING EYES,Smileys & Emotion,Joy
😇,0x1f607,1000,50,150,800,SMILING FACE WITH HALO,Smileys & Emotion,Joy
🥰,0x1f970,1000,20,30,950,SMILING FACE WITH HEARTS,Smileys & Emotion,Love
😍,0x1f60d,1000,20,30,950,SMILING FACE WITH HEART-EYES,Smileys & Emotion,Love
🤩,0x1f929,1000,30,50,920,STAR-STRUCK,Smileys & Emotion,Excitement
😘,0x1f618,1000,20,30,950,FACE BLOWING A KISS,Smileys & Emotion,Love
😗,0x1f617,1000,20,30,950,KISSING FACE,Smileys & Emotion,Love
☺️,0x263a 0xfe0f,1000,50,150,800,SMILING FACE,Smileys & Emotion,Joy
😚,0x1f61a,1000,20,30,950,KISSING FACE WITH CLOSED EYES,Smileys & Emotion,Love
😙,0x1f619,1000,20,30,950,KISSING FACE WITH SMILING EYES,Smileys & Emotion,Love
🥲,0x1f972,1000,700,200,100,SMILING FACE WITH TEAR,Smileys & Emotion,Sadness
😋,0x1f60b,1000,50,150,800,FACE SAVORING FOOD,Smileys & Emotion,Joy
😛,0x1f61b,1000,50,150,800,FACE WITH TONGUE,Smileys & Emotion,Joy
😜,0x1f61c,1000,50,150,800,WINKING FACE WITH TONGUE,Smileys & Emotion,Joy
🤪,0x1f92a,1000,50,150,800,ZANY FACE,Smileys & Emotion,Joy
😝,0x1f61d,1000,50,150,800,SQUINTING FACE WITH TONGUE,Smileys & Emotion,Joy
🤑,0x1f911,1000,50,150,800,MONEY-MOUTH FACE,Smileys & Emotion,Joy
🤗,0x1f917,1000,50,150,800,SMILING FACE WITH OPEN HANDS,Smileys & Emotion,Joy
🤭,0x1f92d,1000,50,150,800,FACE WITH HAND OVER MOUTH,Smileys & Emotion,Joy
🫢,0x1fae2,1000,50,150,800,FACE WITH OPEN EYES AND HAND OVER MOUTH,Smileys & Emotion,Joy
🫣,0x1fae3,1000,50,150,800,FACE WITH PEEKING EYE,Smileys & Emotion,Joy
🤫,0x1f92b,1000,50,150,800,SHUSHING FACE,Smileys & Emotion,Joy
🤔,0x1f914,1000,50,350,600,THINKING FACE,Smileys & Emotion,Curiosity
🫡,0x1fae1,1000,50,150,800,SALUTING FACE,Smileys & Emotion,Joy
🤐,0x1f910,1000,50,150,800,ZIPPER-MOUTH FACE,Smileys & Emotion,Joy
🤨,0x1f928,1000,50,150,800,FACE WITH RAISED EYEBROW,Smileys & Emotion,Joy
😐,0x1f610,1000,50,150,800,NEUTRAL FACE,Smileys & Emotion,Joy
😑,0x1f611,1000,50,150,800,EXPRESSIONLESS FACE,Smileys & Emotion,Joy
😶,0x1f636,1000,50,150,800,FACE WITHOUT MOUTH,Smileys & Emotion,Joy
🫥,0x1fae5,1000,50,150,800,DOTTED LINE FACE,Smileys & Emotion,Joy
😶‍🌫️,0x1f636 0x200d 0x1f32b 0xfe0f,1000,50,150,800,FACE IN CLOUDS,Smileys & Emotion,Joy
😏,0x1f60f,1000,50,150,800,SMIRKING FACE,Smileys & Emotion,Joy
😒,0x1f612,1000,50,150,800,UNAMUSED FACE,Smileys & Emotion,Joy
🙄,0x1f644,1000,50,150,800,FACE WITH ROLLING EYES,Smileys & Emotion,Joy
😬,0x1f62c,1000,50,150,800,GRIMACING FACE,Smileys & Emotion,Joy
😮‍💨,0x1f62e 0x200d 0x1f4a8,1000,50,150,800,FACE EXHALING,Smileys & Emotion,Joy
🤥,0x1f925,1000,50,150,800,LYING FACE,Smileys & Emotion,Joy
🫨,0x1fae8,1000,50,150,800,SHAKING FACE,Smileys & Emotion,Joy
😌,0x1f60c,1000,50,150,800,RELIEVED FACE,Smileys & Emotion,Joy
😔,0x1f614,1000,50,150,800,PENSIVE FACE,Smileys & Emotion,Joy
😪,0x1f62a,1000,300,500,200,SLEEPY FACE,Smileys & Emotion,Annoyance
🤤,0x1f924,1000,50,150,800,DROOLING FACE,Smileys & Emotion,Joy
😴,0x1f634,1000,300,500,200,SLEEPING FACE,Smileys & Emotion,Annoyance
😷,0x1f637,1000,50,150,800,FACE WITH MEDICAL MASK,Smileys & Emotion,Joy
🤒,0x1f912,1000,50,150,800,FACE WITH THERMOMETER,Smileys & Emotion,Joy
🤕,0x1f915,1000,50,150,800,FACE WITH HEAD-BANDAGE,Smileys & Emotion,Joy
🤢,0x1f922,1000,850,100,50,NAUSEATED FACE,Smileys & Emotion,Disgust
🤮,0x1f92e,1000,850,100,50,FACE VOMITING,Smileys & Emotion,Disgust
🤧,0x1f927,1000,50,150,800,SNEEZING FACE,Smileys & Emotion,Joy
🥵,0x1f975,1000,50,150,800,HOT FACE,Smileys & Emotion,Joy
🥶,0x1f976,1000,50,150,800,COLD FACE,Smileys & Emotion,Joy
🥴,0x1f974,1000,50,150,800,WOOZY FACE,Smileys & Emotion,Joy
😵,0x1f635,1000,50,150,800,FACE WITH CROSSED-OUT EYES,Smileys & Emotion,Joy
😵‍💫,0x1f635 0x200d 0x1f4ab,1000,50,150,800,FACE WITH SPIRAL EYES,Smileys & Emotion,Joy
🤯,0x1f92f,1000,50,150,800,EXPLODING HEAD,Smileys & Emotion,Joy
🤠,0x1f920,1000,50,150,800,COWBOY HAT FACE,Smileys & Emotion,Joy
🥳,0x1f973,1000,30,50,920,PARTYING FACE,Smileys & Emotion,Excitement
🥸,0x1f978,1000,50,150,800,DISGUISED FACE,Smileys & Emotion,Joy
😎,0x1f60e,1000,20,50,930,SMILING FACE WITH SUNGLASSES,Smileys & Emotion,Optimism
🤓,0x1f913,1000,50,150,800,NERD FACE,Smileys & Emotion,Joy
🧐,0x1f9d0,1000,50,350,600,FACE WITH MONOCLE,Smileys & Emotion,Curiosity
😕,0x1f615,1000,50,150,800,CONFUSED FACE,Smileys & Emotion,Joy
🫤,0x1fae4,1000,50,150,800,FACE WITH DIAGONAL MOUTH,Smileys & Emotion,Joy
😟,0x1f61f,1000,50,150,800,WORRIED FACE,Smileys & Emotion,Joy
🙁,0x1f641,1000,50,150,800,SLIGHTLY FROWNING FACE,Smileys & Emotion,Joy
☹️,0x2639 0xfe0f,1000,50,150,800,FROWNING FACE,Smileys & Emotion,Joy
😮,0x1f62e,1000,50,150,800,FACE WITH OPEN MOUTH,Smileys & Emotion,Joy
😯,0x1f62f,1000,50,150,800,HUSHED FACE,Smileys & Emotion,Joy
😲,0x1f632,1000,50,150,800,ASTONISHED FACE,Smileys & Emotion,Joy
😳,0x1f633,1000,50,150,800,FLUSHED FACE,Smileys & Emotion,Joy
🥺,0x1f97a,1000,150,150,700,PLEADING FACE,Smileys & Emotion,Remorse
🥹,0x1f979,1000,700,200,100,FACE HOLDING BACK TEARS,Smileys & Emotion,Sadness
😦,0x1f626,1000,50,150,800,FROWNING FACE WITH OPEN MOUTH,Smileys & Emotion,Joy
😧,0x1f627,1000,50,150,800,ANGUISHED FACE,Smileys & Emotion,Joy
😨,0x1f628,1000,700,200,100,FEARFUL FACE,Smileys & Emotion,Fear
😰,0x1f630,1000,50,150,800,ANXIOUS FACE WITH SWEAT,Smileys & Emotion,Joy
😥,0x1f625,1000,700,200,100,SAD BUT RELIEVED FACE,Smileys & Emotion,Sadness
😢,0x1f622,1000,700,200,100,CRYING FACE,Smileys & Emotion,Sadness
😭,0x1f62d,1000,700,200,100,LOUDLY CRYING FACE,Smileys & Emotion,Sadness
😱,0x1f631,1000,700,200,100,FACE SCREAMING IN FEAR,Smileys & Emotion,Fear
😖,0x1f616,1000,50,150,800,CONFOUNDED FACE,Smileys & Emotion,Joy
😣,0x1f623,1000,50,150,800,PERSEVERING FACE,Smileys & Emotion,Joy
😞,0x1f61e,1000,50,150,800,DISAPPOINTED FACE,Smileys & Emotion,Joy
😓,0x1f613,1000,50,150,800,DOWNCAST FACE WITH SWEAT,Smileys & Emotion,Joy
😩,0x1f629,1000,50,150,800,WEARY FACE,Smileys & Emotion,Joy
😫,0x1f62b,1000,50,150,800,TIRED FACE,Smileys & Emotion,Joy
🥱,0x1f971,1000,300,500,200,YAWNING FACE,Smileys & Emotion,Annoyance
😤,0x1f624,1000,300,500,200,FACE WITH STEAM FROM NOSE,Smileys & Emotion,Annoyance
😡,0x1f621,1000,850,100,50,ENRAGED FACE,Smileys & Emotion,Anger
😠,0x1f620,1000,850,100,50,ANGRY FACE,Smileys & Emotion,Anger
🤬,0x1f92c,1000,50,150,800,FACE WITH SYMBOLS ON MOUTH,Smileys & Emotion,Joy
😈,0x1f608,1000,50,150,800,SMILING FACE WITH HORNS,Smileys & Emotion,Joy
👿,0x1f47f,1000,850,100,50,ANGRY FACE WITH HORNS,Smileys & Emotion,Anger
💀,0x1f480,1000,700,200,100,SKULL,Smileys & Emotion,Fear
☠️,0x2620 0xfe0f,1000,700,200,100,SKULL AND CROSSBONES,Smileys & Emotion,Fear
💩,0x1f4a9,1000,50,150,800,PILE OF POO,Smileys & Emotion,Joy
🤡,0x1f921,1000,50,150,800,CLOWN FACE,Smileys & Emotion,Joy
👹,0x1f479,1000,50,150,800,OGRE,Smileys & Emotion,Joy
👺,0x1f47a,1000,50,150,800,GOBLIN,Smileys & Emotion,Joy
👻,0x1f47b,1000,700,200,100,GHOST,Smileys & Emotion,Fear
👽,0x1f47d,1000,50,150,800,ALIEN,Smileys & Emotion,Joy
👾,0x1f47e,1000,50,150,800,ALIEN MONSTER,Smileys & Emotion,Joy
🤖,0x1f916,1000,50,150,800,ROBOT,Smileys & Emotion,Joy
😺,0x1f63a,1000,50,50,900,GRINNING CAT,Smileys & Emotion,Amusement
😸,0x1f638,1000,50,50,900,GRINNING CAT WITH SMILING EYES,Smileys & Emotion,Amusement
😹,0x1f639,1000,50,50,900,CAT WITH TEARS OF JOY,Smileys & Emotion,Amusement
😻,0x1f63b,1000,20,30,950,SMILING CAT WITH HEART-EYES,Smileys & Emotion,Love
😼,0x1f63c,1000,50,150,800,CAT WITH WRY SMILE,Smileys & Emotion,Joy
😽,0x1f63d,1000,20,30,950,KISSING CAT,Smileys & Emotion,Love
🙀,0x1f640,1000,50,150,800,WEARY CAT,Smileys & Emotion,Joy
😿,0x1f63f,1000,700,200,100,CRYING CAT,Smileys & Emotion,Sadness
😾,0x1f63e,1000,850,100,50,POUTING CAT,Smileys & Emotion,Anger
🙈,0x1f648,1000,50,150,800,SEE-NO-EVIL MONKEY,Smileys & Emotion,Joy
🙉,0x1f649,1000,50,150,800,HEAR-NO-EVIL MONKEY,Smileys & Emotion,Joy
🙊,0x1f64a,1000,50,150,800,SPEAK-NO-EVIL MONKEY,Smileys & Emotion,Joy
💌,0x1f48c,1000,20,30,950,LOVE LETTER,Smileys & Emotion,Love
💘,0x1f498,1000,20,30,950,HEART WITH ARROW,Smileys & Emotion,Love
💝,0x1f49d,1000,20,30,950,HEART WITH RIBBON,Smileys & Emotion,Love
💖,0x1f496,1000,20,30,950,SPARKLING HEART,Smileys & Emotion,Love
💗,0x1f497,1000,20,30,950,GROWING HEART,Smileys & Emotion,Love
💓,0x1f493,1000,20,30,950,BEATING HEART,Smileys & Emotion,Love
💞,0x1f49e,1000,20,30,950,REVOLVING HEARTS,Smileys & Emotion,Love
💕,0x1f495,1000,20,30,950,TWO HEARTS,Smileys & Emotion,Love
💟,0x1f49f,1000,20,30,950,HEART DECORATION,Smileys & Emotion,Love
❣️,0x2763 0xfe0f,1000,20,30,950,HEART EXCLAMATION,Smileys & Emotion,Love
💔,0x1f494,1000,20,30,950,BROKEN HEART,Smileys & Emotion,Love
❤️‍🔥,0x2764 0xfe0f 0x200d 0x1f525,1000,20,30,950,HEART ON FIRE,Smileys & Emotion,Love
❤️‍🩹,0x2764 0xfe0f 0x200d 0x1fa79,1000,20,30,950,MENDING HEART,Smileys & Emotion,Love
❤️,0x2764 0xfe0f,1000,20,30,950,RED HEART,Smileys & Emotion,Love
🩷,0x1fa77,1000,20,30,950,PINK HEART,Smileys & Emotion,Love
🧡,0x1f9e1,1000,20,30,950,ORANGE HEART,Smileys & Emotion,Love
💛,0x1f49b,1000,20,30,950,YELLOW HEART,Smileys & Emotion,Love
💚,0x1f49a,1000,20,30,950,GREEN HEART,Smileys & Emotion,Love
💙,0x1f499,1000,20,30,950,BLUE HEART,Smileys & Emotion,Love
🩵,0x1fa75,1000,20,30,950,LIGHT BLUE HEART,Smileys & Emotion,Love
💜,0x1f49c,1000,20,30,950,PURPLE HEART,Smileys & Emotion,Love
🤎,0x1f90e,1000,20,30,950,BROWN HEART,Smileys & Emotion,Love
🖤,0x1f5a4,1000,20,30,950,BLACK HEART,Smileys & Emotion,Love
🩶,0x1fa76,1000,20,30,950,GREY HEART,Smileys & Emotion,Love
🤍,0x1f90d,1000,20,30,950,WHITE HEART,Smileys & Emotion,Love
💋,0x1f48b,1000,20,30,950,KISS MARK,Smileys & Emotion,Love
💯,0x1f4af,1000,50,150,800,HUNDRED POINTS,Smileys & Emotion,Joy
💢,0x1f4a2,1000,50,150,800,ANGER SYMBOL,Smileys & Emotion,Joy
💥,0x1f4a5,1000,50,150,800,COLLISION,Smileys & Emotion,Joy
💫,0x1f4ab,1000,50,150,800,DIZZY,Smileys & Emotion,Joy
💦,0x1f4a6,1000,50,150,800,SWEAT DROPLETS,Smileys & Emotion,Joy
💨,0x1f4a8,1000,50,150,800,DASHING AWAY,Smileys & Emotion,Joy
🕳️,0x1f573 0xfe0f,1000,50,150,800,HOLE,Smileys & Emotion,Joy
💬,0x1f4ac,1000,50,150,800,SPEECH BALLOON,Smileys & Emotion,Joy
👁️‍🗨️,0x1f441 0xfe0f 0x200d 0x1f5e8 0xfe0f,1000,50,150,800,EYE IN SPEECH BUBBLE,Smileys & Emotion,Joy
🗨️,0x1f5e8 0xfe0f,1000,50,150,800,LEFT SPEECH BUBBLE,Smileys & Emotion,Joy
🗯️,0x1f5ef 0xfe0f,1000,50,150,800,RIGHT ANGER BUBBLE,Smileys & Emotion,Joy
💭,0x1f4ad,1000,50,150,800,THOUGHT BALLOON,Smileys & Emotion,Joy
💤,0x1f4a4,1000,50,150,800,ZZZ,Smileys & Emotion,Joy
👋,0x1f44b,1000,100,400,500,WAVING HAND,People & Body,Neutral
👋🏻,0x1f44b 0x1f3fb,1000,100,400,500,WAVING HAND: LIGHT SKIN TONE,People & Body,Neutral
👋🏼,0x1f44b 0x1f3fc,1000,100,400,500,WAVING HAND: MEDIUM-LIGHT SKIN TONE,People & Body,Neutral
👋🏽,0x1f44b 0x1f3fd,1000,100,400,500,WAVING HAND: MEDIUM SKIN TONE,People & Body,Neutral
👋🏾,0x1f44b 0x1f3fe,1000,100,400,500,WAVING HAND: MEDIUM-DARK SKIN TONE,People & Body,Neutral
👋🏿,0x1f44b 0x1f3ff,1000,100,400,500,WAVING HAND: DARK SKIN TONE,People & Body,Neutral
🤚,0x1f91a,1000,100,400,500,RAISED BACK OF HAND,People & Body,Neutral
🤚🏻,0x1f91a 0x1f3fb,1000,100,400,500,RAISED BACK OF HAND: LIGHT SKIN TONE,People & Body,Neutral
🤚🏼,0x1f91a 0x1f3fc,1000,100,400,500,RAISED BACK OF HAND: MEDIUM-LIGHT SKIN TONE,People & Body,Neutral
🤚🏽,0x1f91a 0x1f3fd,1000,100,400,500,RAISED BACK OF HAND: MEDIUM SKIN TONE,People & Body,Neutral
🤚🏾,0x1f91a 0x1f3fe,1000,100,400,500,RAISED BACK OF HAND: MEDIUM-DARK SKIN TONE,People & Body,Neutral
🤚🏿,0x1f91a 0x1f3ff,1000,100,400,500,RAISED BACK OF HAND: DARK SKIN TONE,People & Body,Neutral
🖐️,0x1f590 0xfe0f,1000,100,400,500,HAND WITH FINGERS SPLAYED,People & Body,Neutral
🖐🏻,0x1f590 0x1f3fb,1000,100,400,500,HAND WITH FINGERS SPLAYED: LIGHT SKIN TONE,People & Body,Neutral
🖐🏼,0x1f590 0x1f3fc,1000,100,400,500,HAND WITH FINGERS SPLAYED: MEDIUM-LIGHT SKIN TONE,People & Body,Neutral
🖐🏽,0x1f590 0x1f3fd,1000,100,400,500,HAND WITH FINGERS SPLAYED: MEDIUM SKIN TONE,People & Body,Neutral
🖐🏾,0x1f590 0x1f3fe,1000,100,400,500,HAND WITH FINGERS SPLAYED: MEDIUM-DARK SKIN TONE,People & Body,Neutral
🖐🏿,0x1f590 0x1f3ff,1000,100,400,500,HAND WITH FINGERS SPLAYED: DARK SKIN TONE,People & Body,Neutral
✋,0x270b,1000,100,400,500,RAISED HAND,People & Body,Neutral
✋🏻,0x270b 0x1f3fb,1000,100,400,500,RAISED HAND: LIGHT SKIN TONE,People & Body,Neutral
✋🏼,0x270b 0x1f3fc,1000,100,400,500,RAISED HAND: MEDIUM-LIGHT SKIN TONE,People & Body,Neutral
✋🏽,0x270b 0x1f3fd,1000,100,400,500,RAISED HAND: MEDIUM SKIN TONE,People & Body,Neutral
✋🏾,0x270b 0x1f3fe,1000,100,400,500,RAISED HAND: MEDIUM-DARK SKIN TONE,People & Body,Neutral
✋🏿,0x270b 0x1f3ff,1000,100,400,500,RAISED HAND: DARK SKIN TONE,People & Body,Neutral
🖖,0x1f596,1000,20,80,900,VULCAN SALUTE,People & Body,Approval
🖖🏻,0x1f596 0x1f3fb,1000,20,80,900,VULCAN SALUTE: LIGHT SKIN TONE,People & Body,Approval
🖖🏼,0x1f596 0x1f3fc,1000,20,80,900,VULCAN SALUTE: MEDIUM-LIGHT SKIN TONE,People & Body,Approval
🖖🏽,0x1f596 0x1f3fd,1000,20,80,900,VULCAN SALUTE: MEDIUM SKIN TONE,People & Body,Approval
🖖🏾,0x1f596 0x1f3fe,1000,20,80,900,VULCAN SALUTE: MEDIUM-DARK SKIN TONE,People & Body,Approval
🖖🏿,0x1f596 0x1f3ff,1000,20,80,900,VULCAN SALUTE: DARK SKIN TONE,People & Body,Approval
🫱,0x1faf1,1000,100,400,500,RIGHTWARDS HAND,People & Body,Neutral
🫱🏻,0x1faf1 0x1f3fb,1000,100,400,500,RIGHTWARDS HAND: LIGHT SKIN TONE,People & Body,Neutral
🫱🏼,0x1faf1 0x1f3fc,1000,100,400,500,RIGHTWARDS HAND: MEDIUM-LIGHT SKIN TONE,People & Body,Neutral
🫱🏽,0x1faf1 0x1f3fd,1000,100,400,500,RIGHTWARDS HAND: MEDIUM SKIN TONE,People & Body,Neutral
🫱🏾,0x1faf1 0x1f3fe,1000,100,400,500,RIGHTWARDS HAND: MEDIUM-DARK SKIN TONE,People & Body,Neutral
🫱🏿,0x1faf1 0x1f3ff,1000,100,400,500,RIGHTWARDS HAND: DARK SKIN TONE,People & Body,Neutral
🫲,0x1faf2,1000,100,400,500,LEFTWARDS HAND,People & Body,Neutral
🫲🏻,0x1faf2 0x1f3fb,1000,100,400,500,LEFTWARDS HAND: LIGHT SKIN TONE,People & Body,Neutral
🫲🏼,0x1faf2 0x1f3fc,1000,100,400,500,LEFTWARDS HAND: MEDIUM-LIGHT SKIN TONE,People & Body,Neutral
🫲🏽,0x1faf2 0x1f3fd,1000,100,400,500,LEFTWARDS HAND: MEDIUM SKIN TONE,People & Body,Neutral
🫲🏾,0x1faf2 0x1f3fe,1000,100,400,500,LEFTWARDS HAND: MEDIUM-DARK SKIN TONE,People & Body,Neutral
🫲🏿,0x1faf2 0x1f3ff,1000,100,400,500,LEFTWARDS HAND: DARK SKIN TONE,People & Body,Neutral
🫳,0x1faf3,1000,100,400,500,PALM DOWN HAND,People & Body,Neutral
🫳🏻,0x1faf3 0x1f3fb,1000,100,400,500,PALM DOWN HAND: LIGHT SKIN TONE,People & Body,Neutral
🫳🏼,0x1faf3 0x1f3fc,1000,100,400,500,PALM DOWN HAND: MEDIUM-LIGHT SKIN TONE,People & Body,Neutral
🫳🏽,0x1faf3 0x1f3fd,1000,100,400,500,PALM DOWN HAND: MEDIUM SKIN TONE,People & Body,Neutral
🫳🏾,0x1faf3 0x1f3fe,1000,100,400,500,PALM DOWN HAND: MEDIUM-DARK SKIN TONE,People & Body,Neutral
🫳🏿,0x1faf3 0x1f3ff,1000,100,400,500,PALM DOWN HAND: DARK SKIN TONE,People & Body,Neutral
🫴,0x1faf4,1000,100,400,500,PALM UP HAND,People & Body,Neutral
🫴🏻,0x1faf4 0x1f3fb,1000,100,400,500,PALM UP HAND: LIGHT SKIN TONE,People & Body,Neutral
🫴🏼,0x1faf4 0x1f3fc,1000,100,400,500,PALM UP HAND: MEDIUM-LIGHT SKIN TONE,People & Body,Neutral
🫴🏽,0x1faf4 0x1f3fd,1000,100,400,500,PALM UP HAND: MEDIUM SKIN TONE,People & Body,Neutral
🫴🏾,0x1faf4 0x1f3fe,1000,100,400,500,PALM UP HAND: MEDIUM-DARK SKIN TONE,People & Body,Neutral
🫴🏿,0x1faf4 0x1f3ff,1000,100,400,500,PALM UP HAND: DARK SKIN TONE,People & Body,Neutral
🫷,0x1faf7,1000,100,400,500,LEFTWARDS PUSHING HAND,People & Body,Neutral
🫷🏻,0x1faf7 0x1f3fb,1000,100,400,500,LEFTWARDS PUSHING HAND: LIGHT SKIN TONE,People & Body,Neutral
🫷🏼,0x1faf7 0x1f3fc,1000,100,400,500,LEFTWARDS PUSHING HAND: MEDIUM-LIGHT SKIN TONE,People & Body,Neutral
🫷🏽,0x1faf7 0x1f3fd,1000,100,400,500,LEFTWARDS PUSHING HAND: MEDIUM SKIN TONE,People & Body,Neutral
🫷🏾,0x1faf7 0x1f3fe,1000,100,400,500,LEFTWARDS PUSHING HAND: MEDIUM-DARK SKIN TONE,People & Body,Neutral
🫷🏿,0x1faf7 0x1f3ff,1000,100,400,500,LEFTWARDS PUSHING HAND: DARK SKIN TONE,People & Body,Neutral
🫸,0x1faf8,1000,100,400,500,RIGHTWARDS PUSHING HAND,People & Body,Neutral
🫸🏻,0x1faf8 0x1f3fb,1000,100,400,500,RIGHTWARDS PUSHING HAND: LIGHT SKIN TONE,People & Body,Neutral
🫸🏼,0x1faf8 0x1f3fc,1000,100,400,500,RIGHTWARDS PUSHING HAND: MEDIUM-LIGHT SKIN TONE,People & Body,Neutral
🫸🏽,0x1faf8 0x1f3fd,1000,100,400,500,RIGHTWARDS PUSHING HAND: MEDIUM SKIN TONE,People & Body,Neutral
🫸🏾,0x1faf8 0x1f3fe,1000,100,400,500,RIGHTWARDS PUSHING HAND: MEDIUM-DARK SKIN TONE,People & Body,Neutral
🫸🏿,0x1faf8 0x1f3ff,1000,100,400,500,RIGHTWARDS PUSHING HAND: DARK SKIN TONE,People & Body,Neutral
👌,0x1f44c,1000,20,80,900,OK HAND,People & Body,Approval
👌🏻,0x1f44c 0x1f3fb,1000,20,80,900,OK HAND: LIGHT SKIN TONE,People & Body,Approval
👌🏼,0x1f44c 0x1f3fc,1000,20,80,900,OK HAND: MEDIUM-LIGHT SKIN TONE,People & Body,Approval
👌🏽,0x1f44c 0x1f3fd,1000,20,80,900,OK HAND: MEDIUM SKIN TONE,People & Body,Approval
👌🏾,0x1f44c 0x1f3fe,1000,20,80,900,OK HAND: MEDIUM-DARK SKIN TONE,People & Body,Approval
👌🏿,0x1f44c 0x1f3ff,1000,20,80,900,OK HAND: DARK SKIN TONE,People & Body,Approval
🤌,0x1f90c,1000,100,400,500,PINCHED FINGERS,People & Body,Neutral
🤌🏻,0x1f90c 0x1f3fb,1000,100,400,500,PINCHED FINGERS: LIGHT SKIN TONE,People & Body,Neutral
🤌🏼,0x1f90c 0x1f3fc,1000,100,400,500,PINCHED FINGERS: MEDIUM-LIGHT SKIN TONE,People & Body,Neutral
🤌🏽,0x1f90c 0x1f3fd,1000,100,400,500,PINCHED FINGERS: MEDIUM SKIN TONE,People & Body,Neutral
🤌🏾,0x1f90c 0x1f3fe,1000,100,400,500,PINCHED FINGERS: MEDIUM-DARK SKIN TONE,People & Body,Neutral
🤌🏿,0x1f90c 0x1f3ff,1000,100,400,500,PINCHED FINGERS: DARK SKIN TONE,People & Body,Neutral
🤏,0x1f90f,1000,100,400,500,PINCHING HAND,People & Body,Neutral
🤏🏻,0x1f90f 0x1f3fb,1000,100,400,500,PINCHING HAND: LIGHT SKIN TONE,People & Body,Neutral
🤏🏼,0x1f90f 0x1f3fc,1000,100,400,500,PINCHING HAND: MEDIUM-LIGHT SKIN TONE,People & Body,Neutral
🤏🏽,0x1f90f 0x1f3fd,1000,100,400,500,PINCHING HAND: MEDIUM SKIN TONE,People & Body,Neutral
🤏🏾,0x1f90f 0x1f3fe,1000,100,400,500,PINCHING HAND: MEDIUM-DARK SKIN TONE,People & Body,Neutral
🤏🏿,0x1f90f 0x1f3ff,1000,100,400,500,PINCHING HAND: DARK SKIN TONE,People & Body,Neutral
✌️,0x270c 0xfe0f,1000,100,400,500,VICTORY HAND,People & Body,Neutral
✌🏻,0x270c 0x1f3fb,1000,100,400,500,VICTORY HAND: LIGHT SKIN TONE,People & Body,Neutral
✌🏼,0x270c 0x1f3fc,1000,100,400,500,VICTORY HAND: MEDIUM-LIGHT SKIN TONE,People & Body,Neutral
✌🏽,0x270c 0x1f3fd,1000,100,400,500,VICTORY HAND: MEDIUM SKIN TONE,People & Body,Neutral
✌🏾,0x270c 0x1f3fe,1000,100,400,500,VICTORY HAND: MEDIUM-DARK SKIN TONE,People & Body,Neutral
✌🏿,0x270c 0x1f3ff,1000,100,400,500,VICTORY HAND: DARK SKIN TONE,People & Body,Neutral
🤞,0x1f91e,1000,100,400,500,CROSSED FINGERS,People & Body,Neutral
🤞🏻,0x1f91e 0x1f3fb,1000,100,400,500,CROSSED FINGERS: LIGHT SKIN TONE,People & Body,Neutral
🤞🏼,0x1f91e 0x1f3fc,1000,100,400,500,CROSSED FINGERS: MEDIUM-LIGHT SKIN TONE,People & Body,Neutral
🤞🏽,0x1f91e 0x1f3fd,1000,100,400,500,CROSSED FINGERS: MEDIUM SKIN TONE,People & Body,Neutral
🤞🏾,0x1f91e 0x1f3fe,1000,100,400,500,CROSSED FINGERS: MEDIUM-DARK SKIN TONE,People & Body,Neutral
🤞🏿,0x1f91e 0x1f3ff,1000,100,400,500,CROSSED FINGERS: DARK SKIN TONE,People & Body,Neutral
🫰,0x1faf0,1000,20,80,900,HAND WITH INDEX FINGER AND THUMB CROSSED,People & Body,Approval
🫰🏻,0x1faf0 0x1f3fb,1000,20,80,900,HAND WITH INDEX FINGER AND THUMB CROSSED: LIGHT SKIN TONE,People & Body,Approval
🫰🏼,0x1faf0 0x1f3fc,1000,20,80,900,HAND WITH INDEX FINGER AND THUMB CROSSED: MEDIUM-LIGHT SKIN TONE,People & Body,Approval
🫰🏽,0x1faf0 0x1f3fd,1000,20,80,900,HAND WITH INDEX FINGER AND THUMB CROSSED: MEDIUM SKIN TONE,People & Body,Approval
🫰🏾,0x1faf0 0x1f3fe,1000,20,80,900,HAND WITH INDEX FINGER AND THUMB CROSSED: MEDIUM-DARK SKIN TONE,People & Body,Approval
🫰🏿,0x1faf0 0x1f3ff,1000,20,80,900,HAND WITH INDEX FINGER AND THUMB CROSSED: DARK SKIN TONE,People & Body,Approval
🤟,0x1f91f,1000,20,30,950,LOVE-YOU GESTURE,People & Body,Love
🤟🏻,0x1f91f 0x1f3fb,1000,20,30,950,LOVE-YOU GESTURE: LIGHT SKIN TONE,People & Body,Love
🤟🏼,0x1f91f 0x1f3fc,1000,20,30,950,LOVE-YOU GESTURE: MEDIUM-LIGHT SKIN TONE,People & Body,Love
🤟🏽,0x1f91f 0x1f3fd,1000,20,30,950,LOVE-YOU GESTURE: MEDIUM SKIN TONE,People & Body,Love
🤟🏾,0x1f91f 0x1f3fe,1000,20,30,950,LOVE-YOU GESTURE: MEDIUM-DARK SKIN TONE,People & Body,Love
🤟🏿,0x1f91f 0x1f3ff,1000,20,30,950,LOVE-YOU GESTURE: DARK SKIN TONE,People & Body,Love
🤘,0x1f918,1000,100,400,500,SIGN OF THE HORNS,People & Body,Neutral
🤘🏻,0x1f918 0x1f3fb,1000,100,400,500,SIGN OF THE HORNS: LIGHT SKIN TONE,People & Body,Neutral
🤘🏼,0x1f918 0x1f3fc,1000,100,400,500,SIGN OF THE HORNS: MEDIUM-LIGHT SKIN TONE,People & Body,Neutral
🤘🏽,0x1f918 0x1f3fd,1000,100,400,500,SIGN OF THE HORNS: MEDIUM SKIN TONE,People & Body,Neutral
🤘🏾,0x1f918 0x1f3fe,1000,100,400,500,SIGN OF THE HORNS: MEDIUM-DARK SKIN TONE,People & Body,Neutral
🤘🏿,0x1f918 0x1f3ff,1000,100,400,500,SIGN OF THE HORNS: DARK SKIN TONE,People & Body,Neutral
🤙,0x1f919,1000,100,400,500,CALL ME HAND,People & Body,Neutral
🤙🏻,0x1f919 0x1f3fb,1000,100,400,500,CALL ME HAND: LIGHT SKIN TONE,People & Body,Neutral
🤙🏼,0x1f919 0x1f3fc,1000,100,400,500,CALL ME HAND: MEDIUM-LIGHT SKIN TONE,People & Body,Neutral
🤙🏽,0x1f919 0x1f3fd,1000,100,400,500,CALL ME HAND: MEDIUM SKIN TONE,People & Body,Neutral
🤙🏾,0x1f919 0x1f3fe,1000,100,400,500,CALL ME HAND: MEDIUM-DARK SKIN TONE,People & Body,Neutral
🤙🏿,0x1f919 0x1f3ff,1000,100,400,500,CALL ME HAND: DARK SKIN TONE,People & Body,Neutral
👈,0x1f448,1000,100,400,500,BACKHAND INDEX POINTING LEFT,People & Body,Neutral
👈🏻,0x1f448 0x1f3fb,1000,100,400,500,BACKHAND INDEX POINTING LEFT: LIGHT SKIN TONE,People & Body,Neutral
👈🏼,0x1f448 0x1f3fc,1000,100,400,500,BACKHAND INDEX POINTING LEFT: MEDIUM-LIGHT SKIN TONE,People & Body,Neutral
👈🏽,0x1f448 0x1f3fd,1000,100,400,500,BACKHAND INDEX POINTING LEFT: MEDIUM SKIN TONE,People & Body,Neutral
👈🏾,0x1f448 0x1f3fe,1000,100,400,500,BACKHAND INDEX POINTING LEFT: MEDIUM-DARK SKIN TONE,People & Body,Neutral
👈🏿,0x1f448 0x1f3ff,1000,100,400,500,BACKHAND INDEX POINTING LEFT: DARK SKIN TONE,People & Body,Neutral
👉,0x1f449,1000,100,400,500,BACKHAND INDEX POINTING RIGHT,People & Body,Neutral
👉🏻,0x1f449 0x1f3fb,1000,100,400,500,BACKHAND INDEX POINTING RIGHT: LIGHT SKIN TONE,People & Body,Neutral
👉🏼,0x1f449 0x1f3fc,1000,100,400,500,BACKHAND INDEX POINTING RIGHT: MEDIUM-LIGHT SKIN TONE,People & Body,Neutral
👉🏽,0x1f449 0x1f3fd,1000,100,400,500,BACKHAND INDEX POINTING RIGHT: MEDIUM SKIN TONE,People & Body,Neutral
👉🏾,0x1f449 0x1f3fe,1000,100,400,500,BACKHAND INDEX POINTING RIGHT: MEDIUM-DARK SKIN TONE,People & Body,Neutral
👉🏿,0x1f449 0x1f3ff,1000,100,400,500,BACKHAND INDEX POINTING RIGHT: DARK SKIN TONE,People & Body,Neutral
👆,0x1f446,1000,100,400,500,BACKHAND INDEX POINTING UP,People & Body,Neutral
👆🏻,0x1f446 0x1f3fb,1000,100,400,500,BACKHAND INDEX POINTING UP: LIGHT SKIN TONE,People & Body,Neutral
👆🏼,0x1f446 0x1f3fc,1000,100,400,500,BACKHAND INDEX POINTING UP: MEDIUM-LIGHT SKIN TONE,People & Body,Neutral
👆🏽,0x1f446 0x1f3fd,1000,100,400,500,BACKHAND INDEX POINTING UP: MEDIUM SKIN TONE,People & Body,Neutral
👆🏾,0x1f446 0x1f3fe,1000,100,400,500,BACKHAND INDEX POINTING UP: MEDIUM-DARK SKIN TONE,People & Body,Neutral
👆🏿,0x1f446 0x1f3ff,1000,100,400,500,BACKHAND INDEX POINTING UP: DARK SKIN TONE,People & Body,Neutral
🖕,0x1f595,1000,100,400,500,MIDDLE FINGER,People & Body,Neutral
🖕🏻,0x1f595 0x1f3fb,1000,100,400,500,MIDDLE FINGER: LIGHT SKIN TONE,People & Body,Neutral
🖕🏼,0x1f595 0x1f3fc,1000,100,400,500,MIDDLE FINGER: MEDIUM-LIGHT SKIN TONE,People & Body,Neutral
🖕🏽,0x1f595 0x1f3fd,1000,100,400,500,MIDDLE FINGER: MEDIUM SKIN TONE,People & Body,Neutral
🖕🏾,0x1f595 0x1f3fe,1000,100,400,500,MIDDLE FINGER: MEDIUM-DARK SKIN TONE,People & Body,Neutral
🖕🏿,0x1f595 0x1f3ff,1000,100,400,500,MIDDLE FINGER: DARK SKIN TONE,People & Body,Neutral
👇,0x1f447,1000,100,400,500,BACKHAND INDEX POINTING DOWN,People & Body,Neutral
👇🏻,0x1f447 0x1f3fb,1000,100,400,500,BACKHAND INDEX POINTING DOWN: LIGHT SKIN TONE,People & Body,Neutral
👇🏼,0x1f447 0x1f3fc,1000,100,400,500,BACKHAND INDEX POINTING DOWN: MEDIUM-LIGHT SKIN TONE,People & Body,Neutral
👇🏽,0x1f447 0x1f3fd,1000,100,400,500,BACKHAND INDEX POINTING DOWN: MEDIUM SKIN TONE,People & Body,Neutral
👇🏾,0x1f447 0x1f3fe,1000,100,400,500,BACKHAND INDEX POINTING DOWN: MEDIUM-DARK SKIN TONE,People & Body,Neutral
👇🏿,0x1f447 0x1f3ff,1000,100,400,500,BACKHAND INDEX POINTING DOWN: DARK SKIN TONE,People & Body,Neutral
☝️,0x261d 0xfe0f,1000,100,400,500,INDEX POINTING UP,People & Body,Neutral
☝🏻,0x261d 0x1f3fb,1000,100,400,500,INDEX POINTING UP: LIGHT SKIN TONE,People & Body,Neutral
☝🏼,0x261d 0x1f3fc,1000,100,400,500,INDEX POINTING UP: MEDIUM-LIGHT SKIN TONE,People & Body,Neutral
☝🏽,0x261d 0x1f3fd,1000,100,400,500,INDEX POINTING UP: MEDIUM SKIN TONE,People & Body,Neutral
☝🏾,0x261d 0x1f3fe,1000,100,400,500,INDEX POINTING UP: MEDIUM-DARK SKIN TONE,People & Body,Neutral
☝🏿,0x261d 0x1f3ff,1000,100,400,500,INDEX POINTING UP: DARK SKIN TONE,People & Body,Neutral
🫵,0x1faf5,1000,100,400,500,INDEX POINTING AT THE VIEWER,People & Body,Neutral
🫵🏻,0x1faf5 0x1f3fb,1000,100,400,500,INDEX POINTING AT THE VIEWER: LIGHT SKIN TONE,People & Body,Neutral
🫵🏼,0x1faf5 0x1f3fc,1000,100,400,500,INDEX POINTING AT THE VIEWER: MEDIUM-LIGHT SKIN TONE,People & Body,Neutral
🫵🏽,0x1faf5 0x1f3fd,1000,100,400,500,INDEX POINTING AT THE VIEWER: MEDIUM SKIN TONE,People & Body,Neutral
🫵🏾,0x1faf5 0x1f3fe,1000,100,400,500,INDEX POINTING AT THE VIEWER: MEDIUM-DARK SKIN TONE,People & Body,Neutral
🫵🏿,0x1faf5 0x1f3ff,1000,100,400,500,INDEX POINTING AT THE VIEWER: DARK SKIN TONE,People & Body,Neutral
👍,0x1f44d,1000,20,80,900,THUMBS UP,People & Body,Approval
👍🏻,0x1f44d 0x1f3fb,1000,20,80,900,THUMBS UP: LIGHT SKIN TONE,People & Body,Approval
👍🏼,0x1f44d 0x1f3fc,1000,20,80,900,THUMBS UP: MEDIUM-LIGHT SKIN TONE,People & Body,Approval
👍🏽,0x1f44d 0x1f3fd,1000,20,80,900,THUMBS UP: MEDIUM SKIN TONE,People & Body,Approval
👍🏾,0x1f44d 0x1f3fe,1000,20,80,900,THUMBS UP: MEDIUM-DARK SKIN TONE,People & Body,Approval
👍🏿,0x1f44d 0x1f3ff,1000,20,80,900,THUMBS UP: DARK SKIN TONE,People & Body,Approval
👎,0x1f44e,1000,20,80,900,THUMBS DOWN,People & Body,Approval
👎🏻,0x1f44e 0x1f3fb,1000,20,80,900,THUMBS DOWN: LIGHT SKIN TONE,People & Body,Approval
👎🏼,0x1f44e 0x1f3fc,1000,20,80,900,THUMBS DOWN: MEDIUM-LIGHT SKIN TONE,People & Body,Approval
👎🏽,0x1f44e 0x1f3fd,1000,20,80,900,THUMBS DOWN: MEDIUM SKIN TONE,People & Body,Approval
👎🏾,0x1f44e 0x1f3fe,1000,20,80,900,THUMBS DOWN: MEDIUM-DARK SKIN TONE,People & Body,Approval
👎🏿,0x1f44e 0x1f3ff,1000,20,80,900,THUMBS DOWN: DARK SKIN TONE,People & Body,Approval
✊,0x270a,1000,100,400,500,RAISED FIST,People & Body,Neutral
✊🏻,0x270a 0x1f3fb,1000,100,400,500,RAISED FIST: LIGHT SKIN TONE,People & Body,Neutral
✊🏼,0x270a 0x1f3fc,1000,100,400,500,RAISED FIST: MEDIUM-LIGHT SKIN TONE,People & Body,Neutral
✊🏽,0x270a 0x1f3fd,1000,100,400,500,RAISED FIST: MEDIUM SKIN TONE,People & Body,Neutral
✊🏾,0x270a 0x1f3fe,1000,100,400,500,RAISED FIST: MEDIUM-DARK SKIN TONE,People & Body,Neutral
✊🏿,0x270a 0x1f3ff,1000,100,400,500,RAISED FIST: DARK SKIN TONE,People & Body,Neutral
👊,0x1f44a,1000,100,400,500,ONCOMING FIST,People & Body,Neutral
👊🏻,0x1f44a 0x1f3fb,1000,100,400,500,ONCOMING FIST: LIGHT SKIN TONE,People & Body,Neutral
👊🏼,0x1f44a 0x1f3fc,1000,100,400,500,ONCOMING FIST: MEDIUM-LIGHT SKIN TONE,People & Body,Neutral
👊🏽,0x1f44a 0x1f3fd,1000,100,400,500,ONCOMING FIST: MEDIUM SKIN TONE,People & Body,Neutral
👊🏾,0x1f44a 0x1f3fe,1000,100,400,500,ONCOMING FIST: MEDIUM-DARK SKIN TONE,People & Body,Neutral
👊🏿,0x1f44a 0x1f3ff,1000,100,400,500,ONCOMING FIST: DARK SKIN TONE,People & Body,Neutral
🤛,0x1f91b,1000,100,400,500,LEFT-FACING FIST,People & Body,Neutral
🤛🏻,0x1f91b 0x1f3fb,1000,100,400,500,LEFT-FACING FIST: LIGHT SKIN TONE,People & Body,Neutral
🤛🏼,0x1f91b 0x1f3fc,1000,100,400,500,LEFT-FACING FIST: MEDIUM-LIGHT SKIN TONE,People & Body,Neutral
🤛🏽,0x1f91b 0x1f3fd,1000,100,400,500,LEFT-FACING FIST: MEDIUM SKIN TONE,People & Body,Neutral
🤛🏾,0x1f91b 0x1f3fe,1000,100,400,500,LEFT-FACING FIST: MEDIUM-DARK SKIN TONE,People & Body,Neutral
🤛🏿,0x1f91b 0x1f3ff,1000,100,400,500,LEFT-FACING FIST: DARK SKIN TONE,People & Body,Neutral
🤜,0x1f91c,1000,100,400,500,RIGHT-FACING FIST,People & Body,Neutral
🤜🏻,0x1f91c 0x1f3fb,1000,100,400,500,RIGHT-FACING FIST: LIGHT SKIN TONE,People & Body,Neutral
🤜🏼,0x1f91c 0x1f3fc,1000,100,400,500,RIGHT-FACING FIST: MEDIUM-LIGHT SKIN TONE,People & Body,Neutral
🤜🏽,0x1f91c 0x1f3fd,1000,100,400,500,RIGHT-FACING FIST: MEDIUM SKIN TONE,People & Body,Neutral
🤜🏾,0x1f91c 0x1f3fe,1000,100,400,500,RIGHT-FACING FIST: MEDIUM-DARK SKIN TONE,People & Body,Neutral
🤜🏿,0x1f91c 0x1f3ff,1000,100,400,500,RIGHT-FACING FIST: DARK SKIN TONE,People & Body,Neutral
👏,0x1f44f,1000,20,80,900,CLAPPING HANDS,People & Body,Gratitude
👏🏻,0x1f44f 0x1f3fb,1000,20,80,900,CLAPPING HANDS: LIGHT SKIN TONE,People & Body,Gratitude
👏🏼,0x1f44f 0x1f3fc,1000,20,80,900,CLAPPING HANDS: MEDIUM-LIGHT SKIN TONE,People & Body,Gratitude
👏🏽,0x1f44f 0x1f3fd,1000,20,80,900,CLAPPING HANDS: MEDIUM SKIN TONE,People & Body,Gratitude
👏🏾,0x1f44f 0x1f3fe,1000,20,80,900,CLAPPING HANDS: MEDIUM-DARK SKIN TONE,People & Body,Gratitude
👏🏿,0x1f44f 0x1f3ff,1000,20,80,900,CLAPPING HANDS: DARK SKIN TONE,People & Body,Gratitude
🙌,0x1f64c,1000,100,400,500,RAISING HANDS,People & Body,Neutral
🙌🏻,0x1f64c 0x1f3fb,1000,100,400,500,RAISING HANDS: LIGHT SKIN TONE,People & Body,Neutral
🙌🏼,0x1f64c 0x1f3fc,1000,100,400,500,RAISING HANDS: MEDIUM-LIGHT SKIN TONE,People & Body,Neutral
🙌🏽,0x1f64c 0x1f3fd,1000,100,400,500,RAISING HANDS: MEDIUM SKIN TONE,People & Body,Neutral
🙌🏾,0x1f64c 0x1f3fe,1000,100,400,500,RAISING HANDS: MEDIUM-DARK SKIN TONE,People & Body,Neutral
🙌🏿,0x1f64c 0x1f3ff,1000,100,400,500,RAISING HANDS: DARK SKIN TONE,People & Body,Neutral
🫶,0x1faf6,1000,20,30,950,HEART HANDS,People & Body,Love
🫶🏻,0x1faf6 0x1f3fb,1000,20,30,950,HEART HANDS: LIGHT SKIN TONE,People & Body,Love
🫶🏼,0x1faf6 0x1f3fc,1000,20,30,950,HEART HANDS: MEDIUM-LIGHT SKIN TONE,People & Body,Love
🫶🏽,0x1faf6 0x1f3fd,1000,20,30,950,HEART HANDS: MEDIUM SKIN TONE,People & Body,Love
🫶🏾,0x1faf6 0x1f3fe,1000,20,30,950,HEART HANDS: MEDIUM-DARK SKIN TONE,People & Body,Love
🫶🏿,0x1faf6 0x1f3ff,1000,20,30,950,HEART HANDS: DARK SKIN TONE,People & Body,Love
👐,0x1f450,1000,100,400,500,OPEN HANDS,People & Body,Neutral
👐🏻,0x1f450 0x1f3fb,1000,100,400,500,OPEN HANDS: LIGHT SKIN TONE,People & Body,Neutral
👐🏼,0x1f450 0x1f3fc,1000,100,400,500,OPEN HANDS: MEDIUM-LIGHT SKIN TONE,People & Body,Neutral
👐🏽,0x1f450 0x1f3fd,1000,100,400,500,OPEN HANDS: MEDIUM SKIN TONE,People & Body,Neutral
👐🏾,0x1f450 0x1f3fe,1000,100,400,500,OPEN HANDS: MEDIUM-DARK SKIN TONE,People & Body,Neutral
👐🏿,0x1f450 0x1f3ff,1000,100,400,500,OPEN HANDS: DARK SKIN TONE,People & Body,Neutral
🤲,0x1f932,1000,100,400,500,PALMS UP TOGETHER,People & Body,Neutral
🤲🏻,0x1f932 0x1f3fb,1000,100,400,500,PALMS UP TOGETHER: LIGHT SKIN TONE,People & Body,Neutral
🤲🏼,0x1f932 0x1f3fc,1000,100,400,500,PALMS UP TOGETHER: MEDIUM-LIGHT SKIN TONE,People & Body,Neutral
🤲🏽,0x1f932 0x1f3fd,1000,100,400,500,PALMS UP TOGETHER: MEDIUM SKIN TONE,People & Body,Neutral
🤲🏾,0x1f932 0x1f3fe,1000,100,400,500,PALMS UP TOGETHER: MEDIUM-DARK SKIN TONE,People & Body,Neutral
🤲🏿,0x1f932 0x1f3ff,1000,100,400,500,PALMS UP TOGETHER: DARK SKIN TONE,People & Body,Neutral
🤝,0x1f91d,1000,100,400,500,HANDSHAKE,People & Body,Neutral
🤝🏻,0x1f91d 0x1f3fb,1000,100,400,500,HANDSHAKE: LIGHT SKIN TONE,People & Body,Neutral
🤝🏼,0x1f91d 0x1f3fc,1000,100,400,500,HANDSHAKE: MEDIUM-LIGHT SKIN TONE,People & Body,Neutral
🤝🏽,0x1f91d 0x1f3fd,1000,100,400,500,HANDSHAKE: MEDIUM SKIN TONE,People & Body,Neutral
🤝🏾,0x1f91d 0x1f3fe,1000,100,400,500,HANDSHAKE: MEDIUM-DARK SKIN TONE,People & Body,Neutral
🤝🏿,0x1f91d 0x1f3ff,1000,100,400,500,HANDSHAKE: DARK SKIN TONE,People & Body,Neutral
🫱🏻‍🫲🏼,0x1faf1 0x1f3fb 0x200d 0x1faf2 0x1f3fc,1000,100,400,500,"HANDSHAKE: LIGHT SKIN TONE, MEDIUM-LIGHT SKIN TONE",People & Body,Neutral
🫱🏻‍🫲🏽,0x1faf1 0x1f3fb 0x200d 0x1faf2 0x1f3fd,1000,100,400,500,"HANDSHAKE: LIGHT SKIN TONE, MEDIUM SKIN TONE",People & Body,Neutral
🫱🏻‍🫲🏾,0x1faf1 0x1f3fb 0x200d 0x1faf2 0x1f3fe,1000,100,400,500,"HANDSHAKE: LIGHT SKIN TONE, MEDIUM-DARK SKIN TONE",People & Body,Neutral
🫱🏻‍🫲🏿,0x1faf1 0x1f3fb 0x200d 0x1faf2 0x1f3ff,1000,100,400,500,"HANDSHAKE: LIGHT SKIN TONE, DARK SKIN TONE",People & Body,Neutral
🫱🏼‍🫲🏻,0x1faf1 0x1f3fc 0x200d 0x1faf2 0x1f3fb,1000,100,400,500,"HANDSHAKE: MEDIUM-LIGHT SKIN TONE, LIGHT SKIN TONE",People & Body,Neutral
🫱🏼‍🫲🏽,0x1faf1 0x1f3fc 0x200d 0x1faf2 0x1f3fd,1000,100,400,500,"HANDSHAKE: MEDIUM-LIGHT SKIN TONE, MEDIUM SKIN TONE",People & Body,Neutral
🫱🏼‍🫲🏾,0x1faf1 0x1f3fc 0x200d 0x1faf2 0x1f3fe,1000,100,400,500,"HANDSHAKE: MEDIUM-LIGHT SKIN TONE, MEDIUM-DARK SKIN TONE",People & Body,Neutral
🫱🏼‍🫲🏿,0x1faf1 0x1f3fc 0x200d 0x1faf2 0x1f3ff,1000,100,400,500,"HANDSHAKE: MEDIUM-LIGHT SKIN TONE, DARK SKIN TONE",People & Body,Neutral
🫱🏽‍🫲🏻,0x1faf1 0x1f3fd 0x200d 0x1faf2 0x1f3fb,1000,100,400,500,"HANDSHAKE: MEDIUM SKIN TONE, LIGHT SKIN TONE",People & Body,Neutral
🫱🏽‍🫲🏼,0x1faf1 0x1f3fd 0x200d 0x1faf2 0x1f3fc,1000,100,400,500,"HANDSHAKE: MEDIUM SKIN TONE, MEDIUM-LIGHT SKIN TONE",People & Body,Neutral
🫱🏽‍🫲🏾,0x1faf1 0x1f3fd 0x200d 0x1faf2 0x1f3fe,1000,100,400,500,"HANDSHAKE: MEDIUM SKIN TONE, MEDIUM-DARK SKIN TONE",People & Body,Neutral
🫱🏽‍🫲🏿,0x1faf1 0x1f3fd 0x200d 0x1faf2 0x1f3ff,1000,100,400,500,"HANDSHAKE: MEDIUM SKIN TONE, DARK SKIN TONE",People & Body,Neutral
🫱🏾‍🫲🏻,0x1faf1 0x1f3fe 0x200d 0x1faf2 0x1f3fb,1000,100,400,500,"HANDSHAKE: MEDIUM-DARK SKIN TONE, LIGHT SKIN TONE",People & Body,Neutral
🫱🏾‍🫲🏼,0x1faf1 0x1f3fe 0x200d 0x1faf2 0x1f3fc,1000,100,400,500,"HANDSHAKE: MEDIUM-DARK SKIN TONE, MEDIUM-LIGHT SKIN TONE",People & Body,Neutral
🫱🏾‍🫲🏽,0x1faf1 0x1f3fe 0x200d 0x1faf2 0x1f3fd,1000,100,400,500,"HANDSHAKE: MEDIUM-DARK SKIN TONE, MEDIUM SKIN TONE",People & Body,Neutral
🫱🏾‍🫲🏿,0x1faf1 0x1f3fe 0x200d 0x1faf2 0x1f3ff,1000,100,400,500,"HANDSHAKE: MEDIUM-DARK SKIN TONE, DARK SKIN TONE",People & Body,Neutral
🫱🏿‍🫲🏻,0x1faf1 0x1f3ff 0x200d 0x1faf2 0x1f3fb,1000,100,400,500,"HANDSHAKE: DARK SKIN TONE, LIGHT SKIN TONE",People & Body,Neutral
🫱🏿‍🫲🏼,0x1faf1 0x1f3ff 0x200d 0x1faf2 0x1f3fc,1000,100,400,500,"HANDSHAKE: DARK SKIN TONE, MEDIUM-LIGHT SKIN TONE",People & Body,Neutral
🫱🏿‍🫲🏽,0x1faf1 0x1f3ff 0x200d 0x1faf2 0x1f3fd,1000,100,400,500,"HANDSHAKE: DARK SKIN TONE, MEDIUM SKIN TONE",People & Body,Neutral
🫱🏿‍🫲🏾,0x1faf1 0x1f3ff 0x200d 0x1faf2 0x1f3fe,1000,100,400,500,"HANDSHAKE: DARK SKIN TONE, MEDIUM-DARK SKIN TONE",People & Body,Neutral
🙏,0x1f64f,1000,20,80,900,FOLDED HANDS,People & Body,Gratitude
🙏🏻,0x1f64f 0x1f3fb,1000,20,80,900,FOLDED HANDS: LIGHT SKIN TONE,People & Body,Gratitude
🙏🏼,0x1f64f 0x1f3fc,1000,20,80,900,FOLDED HANDS: MEDIUM-LIGHT SKIN TONE,People & Body,Gratitude
🙏🏽,0x1f64f 0x1f3fd,1000,20,80,900,FOLDED HANDS: MEDIUM SKIN TONE,People & Body,Gratitude
🙏🏾,0x1f64f 0x1f3fe,1000,20,80,900,FOLDED HANDS: MEDIUM-DARK SKIN TONE,People & Body,Gratitude
🙏🏿,0x1f64f 0x1f3ff,1000,20,80,900,FOLDED HANDS: DARK SKIN TONE,People & Body,Gratitude
✍️,0x270d 0xfe0f,1000,100,400,500,WRITING HAND,People & Body,Neutral
✍🏻,0x270d 0x1f3fb,1000,100,400,500,WRITING HAND: LIGHT SKIN TONE,People & Body,Neutral
✍🏼,0x270d 0x1f3fc,1000,100,400,500,WRITING HAND: MEDIUM-LIGHT SKIN TONE,People & Body,Neutral
✍🏽,0x270d 0x1f3fd,1000,100,400,500,WRITING HAND: MEDIUM SKIN TONE,People & Body,Neutral
✍🏾,0x270d 0x1f3fe,1000,100,400,500,WRITING HAND: MEDIUM-DARK SKIN TONE,People & Body,Neutral
✍🏿,0x270d 0x1f3ff,1000,100,400,500,WRITING HAND: DARK SKIN TONE,People & Body,Neutral
💅,0x1f485,1000,100,400,500,NAIL POLISH,People & Body,Neutral
💅🏻,0x1f485 0x1f3fb,1000,100,400,500,NAIL POLISH: LIGHT SKIN TONE,People & Body,Neutral
💅🏼,0x1f485 0x1f3fc,1000,100,400,500,NAIL POLISH: MEDIUM-LIGHT SKIN TONE,People & Body,Neutral
💅🏽,0x1f485 0x1f3fd,1000,100,400,500,NAIL POLISH: MEDIUM SKIN TONE,People & Body,Neutral
💅🏾,0x1f485 0x1f3fe,1000,100,400,500,NAIL POLISH: MEDIUM-DARK SKIN TONE,People & Body,Neutral
💅🏿,0x1f485 0x1f3ff,1000,100,400,500,NAIL POLISH: DARK SKIN TONE,People & Body,Neutral
🤳,0x1f933,1000,100,400,500,SELFIE,People & Body,Neutral
🤳🏻,0x1f933 0x1f3fb,1000,100,400,500,SELFIE: LIGHT SKIN TONE,People & Body,Neutral
🤳🏼,0x1f933 0x1f3fc,1000,100,400,500,SELFIE: MEDIUM-LIGHT SKIN TONE,People & Body,Neutral
🤳🏽,0x1f933 0x1f3fd,1000,100,400,500,SELFIE: MEDIUM SKIN TONE,People & Body,Neutral
🤳🏾,0x1f933 0x1f3fe,1000,100,400,500,SELFIE: MEDIUM-DARK SKIN TONE,People & Body,Neutral
🤳🏿,0x1f933 0x1f3ff,1000,100,400,500,SELFIE: DARK SKIN TONE,People & Body,Neutral
💪,0x1f4aa,1000,100,400,500,FLEXED BICEPS,People & Body,Neutral
💪🏻,0x1f4aa 0x1f3fb,1000,100,400,500,FLEXED BICEPS: LIGHT SKIN TONE,People & Body,Neutral
💪🏼,0x1f4aa 0x1f3fc,1000,100,400,500,FLEXED BICEPS: MEDIUM-LIGHT SKIN TONE,People & Body,Neutral
💪🏽,0x1f4aa 0x1f3fd,1000,100,400,500,FLEXED BICEPS: MEDIUM SKIN TONE,People & Body,Neutral
💪🏾,0x1f4aa 0x1f3fe,1000,100,400,500,FLEXED BICEPS: MEDIUM-DARK SKIN TONE,People & Body,Neutral
💪🏿,0x1f4aa 0x1f3ff,1000,100,400,500,FLEXED BICEPS: DARK SKIN TONE,People & Body,Neutral
🦾,0x1f9be,1000,100,400,500,MECHANICAL ARM,People & Body,Neutral
🦿,0x1f9bf,1000,100,400,500,MECHANICAL LEG,People & Body,Neutral
🦵,0x1f9b5,1000,100,400,500,LEG,People & Body,Neutral
🦵🏻,0x1f9b5 0x1f3fb,1000,100,400,500,LEG: LIGHT SKIN TONE,People & Body,Neutral
🦵🏼,0x1f9b5 0x1f3fc,1000,100,400,500,LEG: MEDIUM-LIGHT SKIN TONE,People & Body,Neutral
🦵🏽,0x1f9b5 0x1f3fd,1000,100,400,500,LEG: MEDIUM SKIN TONE,People & Body,Neutral
🦵🏾,0x1f9b5 0x1f3fe,1000,100,400,500,LEG: MEDIUM-DARK SKIN TONE,People & Body,Neutral
🦵🏿,0x1f9b5 0x1f3ff,1000,100,400,500,LEG: DARK SKIN TONE,People & Body,Neutral
🦶,0x1f9b6,1000,100,400,500,FOOT,People & Body,Neutral
🦶🏻,0x1f9b6 0x1f3fb,1000,100,400,500,FOOT: LIGHT SKIN TONE,People & Body,Neutral
🦶🏼,0x1f9b6 0x1f3fc,1000,100,400,500,FOOT: MEDIUM-LIGHT SKIN TONE,People & Body,Neutral
🦶🏽,0x1f9b6 0x1f3fd,1000,100,400,500,FOOT: MEDIUM SKIN TONE,People & Body,Neutral
🦶🏾,0x1f9b6 0x1f3fe,1000,100,400,500,FOOT: MEDIUM-DARK SKIN TONE,People & Body,Neutral
🦶🏿,0x1f9b6 0x1f3ff,1000,100,400,500,FOOT: DARK SKIN TONE,People & Body,Neutral
👂,0x1f442,1000,100,400,500,EAR,People & Body,Neutral
👂🏻,0x1f442 0x1f3fb,1000,100,400,500,EAR: LIGHT SKIN TONE,People & Body,Neutral
👂🏼,0x1f442 0x1f3fc,1000,100,400,500,EAR: MEDIUM-LIGHT SKIN TONE,People & Body,Neutral
👂🏽,0x1f442 0x1f3fd,1000,100,400,500,EAR: MEDIUM SKIN TONE,People & Body,Neutral
👂🏾,0x1f442 0x1f3fe,1000,100,400,500,EAR: MEDIUM-DARK SKIN TONE,People & Body,Neutral
👂🏿,0x1f442 0x1f3ff,1000,100,400,500,EAR: DARK SKIN TONE,People & Body,Neutral
🦻,0x1f9bb,1000,100,400,500,EAR WITH HEARING AID,People & Body,Neutral
🦻🏻,0x1f9bb 0x1f3fb,1000,100,400,500,EAR WITH HEARING AID: LIGHT SKIN TONE,People & Body,Neutral
🦻🏼,0x1f9bb 0x1f3fc,1000,100,400,500,EAR WITH HEARING AID: MEDIUM-LIGHT SKIN TONE,People & Body,Neutral
🦻🏽,0x1f9bb 0x1f3fd,1000,100,400,500,EAR WITH HEARING AID: MEDIUM SKIN TONE,People & Body,Neutral
🦻🏾,0x1f9bb 0x1f3fe,1000,100,400,500,EAR WITH HEARING AID: MEDIUM-DARK SKIN TONE,People & Body,Neutral
🦻🏿,0x1f9bb 0x1f3ff,1000,100,400,500,EAR WITH HEARING AID: DARK SKIN TONE,People & Body,Neutral
👃,0x1f443,1000,100,400,500,NOSE,People & Body,Neutral
👃🏻,0x1f443 0x1f3fb,1000,100,400,500,NOSE: LIGHT SKIN TONE,People & Body,Neutral
👃🏼,0x1f443 0x1f3fc,1000,100,400,500,NOSE: MEDIUM-LIGHT SKIN TONE,People & Body,Neutral
👃🏽,0x1f443 0x1f3fd,1000,100,400,500,NOSE: MEDIUM SKIN TONE,People & Body,Neutral
👃🏾,0x1f443 0x1f3fe,1000,100,400,500,NOSE: MEDIUM-DARK SKIN TONE,People & Body,Neutral
👃🏿,0x1f443 0x1f3ff,1000,100,400,500,NOSE: DARK SKIN TONE,People & Body,Neutral
🧠,0x1f9e0,1000,100,400,500,BRAIN,People & Body,Neutral
🫀,0x1fac0,1000,20,30,950,ANATOMICAL HEART,People & Body,Love
🫁,0x1fac1,1000,100,400,500,LUNGS,People & Body,Neutral
🦷,0x1f9b7,1000,100,400,500,TOOTH,People & Body,Neutral
🦴,0x1f9b4,1000,100,400,500,BONE,People & Body,Neutral
👀,0x1f440,1000,100,400,500,EYES,People & Body,Neutral
👁️,0x1f441 0xfe0f,1000,100,400,500,EYE,People & Body,Neutral
👅,0x1f445,1000,100,400,500,TONGUE,People & Body,Neutral
👄,0x1f444,1000,100,400,500,MOUTH,People & Body,Neutral
🫦,0x1fae6,1000,100,400,500,BITING LIP,People & Body,Neutral
👶,0x1f476,1000,100,400,500,BABY,People & Body,Neutral
👶🏻,0x1f476 0x1f3fb,1000,100,400,500,BABY: LIGHT SKIN TONE,People & Body,Neutral
👶🏼,0x1f476 0x1f3fc,1000,100,400,500,BABY: MEDIUM-LIGHT SKIN TONE,People & Body,Neutral
👶🏽,0x1f476 0x1f3fd,1000,100,400,500,BABY: MEDIUM SKIN TONE,People & Body,Neutral
👶🏾,0x1f476 0x1f3fe,1000,100,400,500,BABY: MEDIUM-DARK SKIN TONE,People & Body,Neutral
👶🏿,0x1f476 0x1f3ff,1000,100,400,500,BABY: DARK SKIN TONE,People & Body,Neutral
🧒,0x1f9d2,1000,100,400,500,CHILD,People & Body,Neutral
🧒🏻,0x1f9d2 0x1f3fb,1000,100,400,500,CHILD: LIGHT SKIN TONE,People & Body,Neutral
🧒🏼,0x1f9d2 0x1f3fc,1000,100,400,500,CHILD: MEDIUM-LIGHT SKIN TONE,People & Body,Neutral
🧒🏽,0x1f9d2 0x1f3fd,1000,100,400,500,CHILD: MEDIUM SKIN TONE,People & Body,Neutral
🧒🏾,0x1f9d2 0x1f3fe,1000,100,400,500,CHILD: MEDIUM-DARK SKIN TONE,People & Body,Neutral
🧒🏿,0x1f9d2 0x1f3ff,1000,100,400,500,CHILD: DARK SKIN TONE,People & Body,Neutral
👦,0x1f466,1000,100,400,500,BOY,People & Body,Neutral
👦🏻,0x1f466 0x1f3fb,1000,100,400,500,BOY: LIGHT SKIN TONE,People & Body,Neutral
👦🏼,0x1f466 0x1f3fc,1000,100,400,500,BOY: MEDIUM-LIGHT SKIN TONE,People & Body,Neutral
👦🏽,0x1f466 0x1f3fd,1000,100,400,500,BOY: MEDIUM SKIN TONE,People & Body,Neutral
👦🏾,0x1f466 0x1f3fe,1000,100,400,500,BOY: MEDIUM-DARK SKIN TONE,People & Body,Neutral
👦🏿,0x1f466 0x1f3ff,1000,100,400,500,BOY: DARK SKIN TONE,People & Body,Neutral
👧,0x1f467,1000,100,400,500,GIRL,People & Body,Neutral
👧🏻,0x1f467 0x1f3fb,1000,100,400,500,GIRL: LIGHT SKIN TONE,People & Body,Neutral
👧🏼,0x1f467 0x1f3fc,1000,100,400,500,GIRL: MEDIUM-LIGHT SKIN TONE,People & Body,Neutral
👧🏽,0x1f467 0x1f3fd,1000,100,400,500,GIRL: MEDIUM SKIN TONE,People & Body,Neutral
👧🏾,0x1f467 0x1f3fe,1000,100,400,500,GIRL: MEDIUM-DARK SKIN TONE,People & Body,Neutral
👧🏿,0x1f467 0x1f3ff,1000,100,400,500,GIRL: DARK SKIN TONE,People & Body,Neutral
🧑,0x1f9d1,1000,100,400,500,PERSON,People & Body,Neutral
🧑🏻,0x1f9d1 0x1f3fb,1000,100,400,500,PERSON: LIGHT SKIN TONE,People & Body,Neutral
🧑🏼,0x1f9d1 0x1f3fc,1000,100,400,500,PERSON: MEDIUM-LIGHT SKIN TONE,People & Body,Neutral
🧑🏽,0x1f9d1 0x1f3fd,1000,100,400,500,PERSON: MEDIUM SKIN TONE,People & Body,Neutral
🧑🏾,0x1f9d1 0x1f3fe,1000,100,400,500,PERSON: MEDIUM-DARK SKIN TONE,People & Body,Neutral
🧑🏿,0x1f9d1 0x1f3ff,1000,100,400,500,PERSON: DARK SKIN TONE,People & Body,Neutral
👱,0x1f471,1000,100,400,500,PERSON: BLOND HAIR,People & Body,Neutral
👱🏻,0x1f471 0x1f3fb,1000,100,400,500,"PERSON: LIGHT SKIN TONE, BLOND HAIR",People & Body,Neutral
👱🏼,0x1f471 0x1f3fc,1000,100,400,500,"PERSON: MEDIUM-LIGHT SKIN TONE, BLOND HAIR",People & Body,Neutral
👱🏽,0x1f471 0x1f3fd,1000,100,400,500,"PERSON: MEDIUM SKIN TONE, BLOND HAIR",People & Body,Neutral
👱🏾,0x1f471 0x1f3fe,1000,100,400,500,"PERSON: MEDIUM-DARK SKIN TONE, BLOND HAIR",People & Body,Neutral
👱🏿,0x1f471 0x1f3ff,1000,100,400,500,"PERSON: DARK SKIN TONE, BLOND HAIR",People & Body,Neutral
👨,0x1f468,1000,100,400,500,MAN,People & Body,Neutral
👨🏻,0x1f468 0x1f3fb,1000,100,400,500,MAN: LIGHT SKIN TONE,People & Body,Neutral
👨🏼,0x1f468 0x1f3fc,1000,100,400,500,MAN: MEDIUM-LIGHT SKIN TONE,People & Body,Neutral
👨🏽,0x1f468 0x1f3fd,1000,100,400,500,MAN: MEDIUM SKIN TONE,People & Body,Neutral
👨🏾,0x1f468 0x1f3fe,1000,100,400,500,MAN: MEDIUM-DARK SKIN TONE,People & Body,Neutral
👨🏿,0x1f468 0x1f3ff,1000,100,400,500,MAN: DARK SKIN TONE,People & Body,Neutral
🧔,0x1f9d4,1000,100,400,500,PERSON: BEARD,People & Body,Neutral
🧔🏻,0x1f9d4 0x1f3fb,1000,100,400,500,"PERSON: LIGHT SKIN TONE, BEARD",People & Body,Neutral
🧔🏼,0x1f9d4 0x1f3fc,1000,100,400,500,"PERSON: MEDIUM-LIGHT SKIN TONE, BEARD",People & Body,Neutral
🧔🏽,0x1f9d4 0x1f3fd,1000,100,400,500,"PERSON: MEDIUM SKIN TONE, BEARD",People & Body,Neutral
🧔🏾,0x1f9d4 0x1f3fe,1000,100,400,500,"PERSON: MEDIUM-DARK SKIN TONE, BEARD",People & Body,Neutral
🧔🏿,0x1f9d4 0x1f3ff,1000,100,400,500,"PERSON: DARK SKIN TONE, BEARD",People & Body,Neutral
🧔‍♂️,0x1f9d4 0x200d 0x2642 0xfe0f,1000,100,400,500,MAN: BEARD,People & Body,Neutral
🧔🏻‍♂️,0x1f9d4 0x1f3fb 0x200d 0x2642 0xfe0f,1000,100,400,500,"MAN: LIGHT SKIN TONE, BEARD",People & Body,Neutral
🧔🏼‍♂️,0x1f9d4 0x1f3fc 0x200d 0x2642 0xfe0f,1000,100,400,500,"MAN: MEDIUM-LIGHT SKIN TONE, BEARD",People & Body,Neutral
🧔🏽‍♂️,0x1f9d4 0x1f3fd 0x200d 0x2642 0xfe0f,1000,100,400,500,"MAN: MEDIUM SKIN TONE, BEARD",People & Body,Neutral
🧔🏾‍♂️,0x1f9d4 0x1f3fe 0x200d 0x2642 0xfe0f,1000,100,400,500,"MAN: MEDIUM-DARK SKIN TONE, BEARD",People & Body,Neutral
🧔🏿‍♂️,0x1f9d4 0x1f3ff 0x200d 0x2642 0xfe0f,1000,100,400,500,"MAN: DARK SKIN TONE, BEARD",People & Body,Neutral
🧔‍♀️,0x1f9d4 0x200d 0x2640 0xfe0f,1000,100,400,500,WOMAN: BEARD,People & Body,Neutral
🧔🏻‍♀️,0x1f9d4 0x1f3fb 0x200d 0x2640 0xfe0f,1000,100,400,500,"WOMAN: LIGHT SKIN TONE, BEARD",People & Body,Neutral
🧔🏼‍♀️,0x1f9d4 0x1f3fc 0x200d 0x2640 0xfe0f,1000,100,400,500,"WOMAN: MEDIUM-LIGHT SKIN TONE, BEARD",People & Body,Neutral
🧔🏽‍♀️,0x1f9d4 0x1f3fd 0x200d 0x2640 0xfe0f,1000,100,400,500,"WOMAN: MEDIUM SKIN TONE, BEARD",People & Body,Neutral
🧔🏾‍♀️,0x1f9d4 0x1f3fe 0x200d 0x2640 0xfe0f,1000,100,400,500,"WOMAN: MEDIUM-DARK SKIN TONE, BEARD",People & Body,Neutral
🧔🏿‍♀️,0x1f9d4 0x1f3ff 0x200d 0x2640 0xfe0f,1000,100,400,500,"WOMAN: DARK SKIN TONE, BEARD",People & Body,Neutral
👨‍🦰,0x1f468 0x200d 0x1f9b0,1000,100,400,500,MAN: RED HAIR,People & Body,Neutral
👨🏻‍🦰,0x1f468 0x1f3fb 0x200d 0x1f9b0,1000,100,400,500,"MAN: LIGHT SKIN TONE, RED HAIR",People & Body,Neutral
👨🏼‍🦰,0x1f468 0x1f3fc 0x200d 0x1f9b0,1000,100,400,500,"MAN: MEDIUM-LIGHT SKIN TONE, RED HAIR",People & Body,Neutral
👨🏽‍🦰,0x1f468 0x1f3fd 0x200d 0x1f9b0,1000,100,400,500,"MAN: MEDIUM SKIN TONE, RED HAIR",People & Body,Neutral
👨🏾‍🦰,0x1f468 0x1f3fe 0x200d 0x1f9b0,1000,100,400,500,"MAN: MEDIUM-DARK SKIN TONE, RED HAIR",People & Body,Neutral
👨🏿‍🦰,0x1f468 0x1f3ff 0x200d 0x1f9b0,1000,100,400,500,"MAN: DARK SKIN TONE, RED HAIR",People & Body,Neutral
👨‍🦱,0x1f468 0x200d 0x1f9b1,1000,100,400,500,MAN: CURLY HAIR,People & Body,Neutral
👨🏻‍🦱,0x1f468 0x1f3fb 0x200d 0x1f9b1,1000,100,400,500,"MAN: LIGHT SKIN TONE, CURLY HAIR",People & Body,Neutral
👨🏼‍🦱,0x1f468 0x1f3fc 0x200d 0x1f9b1,1000,100,400,500,"MAN: MEDIUM-LIGHT SKIN TONE, CURLY HAIR",People & Body,Neutral
👨🏽‍🦱,0x1f468 0x1f3fd 0x200d 0x1f9b1,1000,100,400,500,"MAN: MEDIUM SKIN TONE, CURLY HAIR",People & Body,Neutral
👨🏾‍🦱,0x1f468 0x1f3fe 0x200d 0x1f9b1,1000,100,400,500,"MAN: MEDIUM-DARK SKIN TONE, CURLY HAIR",People & Body,Neutral
👨🏿‍🦱,0x1f468 0x1f3ff 0x200d 0x1f9b1,1000,100,400,500,"MAN: DARK SKIN TONE, CURLY HAIR",People & Body,Neutral
👨‍🦳,0x1f468 0x200d 0x1f9b3,1000,100,400,500,MAN: WHITE HAIR,People & Body,Neutral
👨🏻‍🦳,0x1f468 0x1f3fb 0x200d 0x1f9b3,1000,100,400,500,"MAN: LIGHT SKIN TONE, WHITE HAIR",People & Body,Neutral
👨🏼‍🦳,0x1f468 0x1f3fc 0x200d 0x1f9b3,1000,100,400,500,"MAN: MEDIUM-LIGHT SKIN TONE, WHITE HAIR",People & Body,Neutral
👨🏽‍🦳,0x1f468 0x1f3fd 0x200d 0x1f9b3,1000,100,400,500,"MAN: MEDIUM SKIN TONE, WHITE HAIR",People & Body,Neutral
👨🏾‍🦳,0x1f468 0x1f3fe 0x200d 0x1f9b3,1000,100,400,500,"MAN: MEDIUM-DARK SKIN TONE, WHITE HAIR",People & Body,Neutral
👨🏿‍🦳,0x1f468 0x1f3ff 0x200d 0x1f9b3,1000,100,400,500,"MAN: DARK SKIN TONE, WHITE HAIR",People & Body,Neutral
👨‍🦲,0x1f468 0x200d 0x1f9b2,1000,100,400,500,MAN: BALD,People & Body,Neutral
👨🏻‍🦲,0x1f468 0x1f3fb 0x200d 0x1f9b2,1000,100,400,500,"MAN: LIGHT SKIN TONE, BALD",People & Body,Neutral
👨🏼‍🦲,0x1f468 0x1f3fc 0x200d 0x1f9b2,1000,100,400,500,"MAN: MEDIUM-LIGHT SKIN TONE, BALD",People & Body,Neutral
👨🏽‍🦲,0x1f468 0x1f3fd 0x200d 0x1f9b2,1000,100,400,500,"MAN: MEDIUM SKIN TONE, BALD",People & Body,Neutral
👨🏾‍🦲,0x1f468 0x1f3fe 0x200d 0x1f9b2,1000,100,400,500,"MAN: MEDIUM-DARK SKIN TONE, BALD",People & Body,Neutral
👨🏿‍🦲,0x1f468 0x1f3ff 0x200d 0x1f9b2,1000,100,400,500,"MAN: DARK SKIN TONE, BALD",People & Body,Neutral
👩,0x1f469,1000,100,400,500,WOMAN,People & Body,Neutral
👩🏻,0x1f469 0x1f3fb,1000,100,400,500,WOMAN: LIGHT SKIN TONE,People & Body,Neutral
👩🏼,0x1f469 0x1f3fc,1000,100,400,500,WOMAN: MEDIUM-LIGHT SKIN TONE,People & Body,Neutral
👩🏽,0x1f469 0x1f3fd,1000,100,400,500,WOMAN: MEDIUM SKIN TONE,People & Body,Neutral
👩🏾,0x1f469 0x1f3fe,1000,100,400,500,WOMAN: MEDIUM-DARK SKIN TONE,People & Body,Neutral
👩🏿,0x1f469 0x1f3ff,1000,100,400,500,WOMAN: DARK SKIN TONE,People & Body,Neutral
👩‍🦰,0x1f469 0x200d 0x1f9b0,1000,100,400,500,WOMAN: RED HAIR,People & Body,Neutral
👩🏻‍🦰,0x1f469 0x1f3fb 0x200d 0x1f9b0,1000,100,400,500,"WOMAN: LIGHT SKIN TONE, RED HAIR",People & Body,Neutral
👩🏼‍🦰,0x1f469 0x1f3fc 0x200d 0x1f9b0,1000,100,400,500,"WOMAN: MEDIUM-LIGHT SKIN TONE, RED HAIR",People & Body,Neutral
👩🏽‍🦰,0x1f469 0x1f3fd 0x200d 0x1f9b0,1000,100,400,500,"WOMAN: MEDIUM SKIN TONE, RED HAIR",People & Body,Neutral
👩🏾‍🦰,0x1f469 0x1f3fe 0x200d 0x1f9b0,1000,100,400,500,"WOMAN: MEDIUM-DARK SKIN TONE, RED HAIR",People & Body,Neutral
👩🏿‍🦰,0x1f469 0x1f3ff 0x200d 0x1f9b0,1000,100,400,500,"WOMAN: DARK SKIN TONE, RED HAIR",People & Body,Neutral
🧑‍🦰,0x1f9d1 0x200d 0x1f9b0,1000,100,400,500,PERSON: RED HAIR,People & Body,Neutral
🧑🏻‍🦰,0x1f9d1 0x1f3fb 0x200d 0x1f9b0,1000,100,400,500,"PERSON: LIGHT SKIN TONE, RED HAIR",People & Body,Neutral
🧑🏼‍🦰,0x1f9d1 0x1f3fc 0x200d 0x1f9b0,1000,100,400,500,"PERSON: MEDIUM-LIGHT SKIN TONE, RED HAIR",People & Body,Neutral
🧑🏽‍🦰,0x1f9d1 0x1f3fd 0x200d 0x1f9b0,1000,100,400,500,"PERSON: MEDIUM SKIN TONE, RED HAIR",People & Body,Neutral
🧑🏾‍🦰,0x1f9d1 0x1f3fe 0x200d 0x1f9b0,1000,100,400,500,"PERSON: MEDIUM-DARK SKIN TONE, RED HAIR",People & Body,Neutral
🧑🏿‍🦰,0x1f9d1 0x1f3ff 0x200d 0x1f9b0,1000,100,400,500,"PERSON: DARK SKIN TONE, RED HAIR",People & Body,Neutral
👩‍🦱,0x1f469 0x200d 0x1f9b1,1000,100,400,500,WOMAN: CURLY HAIR,People & Body,Neutral
👩🏻‍🦱,0x1f469 0x1f3fb 0x200d 0x1f9b1,1000,100,400,500,"WOMAN: LIGHT SKIN TONE, CURLY HAIR",People & Body,Neutral
👩🏼‍🦱,0x1f469 0x1f3fc 0x200d 0x1f9b1,1000,100,400,500,"WOMAN: MEDIUM-LIGHT SKIN TONE, CURLY HAIR",People & Body,Neutral
👩🏽‍🦱,0x1f469 0x1f3fd 0x200d 0x1f9b1,1000,100,400,500,"WOMAN: MEDIUM SKIN TONE, CURLY HAIR",People & Body,Neutral
👩🏾‍🦱,0x1f469 0x1f3fe 0x200d 0x1f9b1,1000,100,400,500,"WOMAN: MEDIUM-DARK SKIN TONE, CURLY HAIR",People & Body,Neutral
👩🏿‍🦱,0x1f469 0x1f3ff 0x200d 0x1f9b1,1000,100,400,500,"WOMAN: DARK SKIN TONE, CURLY HAIR",People & Body,Neutral
🧑‍🦱,0x1f9d1 0x200d 0x1f9b1,1000,100,400,500,PERSON: CURLY HAIR,People & Body,Neutral
🧑🏻‍🦱,0x1f9d1 0x1f3fb 0x200d 0x1f9b1,1000,100,400,500,"PERSON: LIGHT SKIN TONE, CURLY HAIR",People & Body,Neutral
🧑🏼‍🦱,0x1f9d1 0x1f3fc 0x200d 0x1f9b1,1000,100,400,500,"PERSON: MEDIUM-LIGHT SKIN TONE, CURLY HAIR",People & Body,Neutral
🧑🏽‍🦱,0x1f9d1 0x1f3fd 0x200d 0x1f9b1,1000,100,400,500,"PERSON: MEDIUM SKIN TONE, CURLY HAIR",People & Body,Neutral
🧑🏾‍🦱,0x1f9d1 0x1f3fe 0x200d 0x1f9b1,1000,100,400,500,"PERSON: MEDIUM-DARK SKIN TONE, CURLY HAIR",People & Body,Neutral
🧑🏿‍🦱,0x1f9d1 0x1f3ff 0x200d 0x1f9b1,1000,100,400,500,"PERSON: DARK SKIN TONE, CURLY HAIR",People & Body,Neutral
👩‍🦳,0x1f469 0x200d 0x1f9b3,1000,100,400,500,WOMAN: WHITE HAIR,People & Body,Neutral
👩🏻‍🦳,0x1f469 0x1f3fb 0x200d 0x1f9b3,1000,100,400,500,"WOMAN: LIGHT SKIN TONE, WHITE HAIR",People & Body,Neutral
👩🏼‍🦳,0x1f469 0x1f3fc 0x200d 0x1f9b3,1000,100,400,500,"WOMAN: MEDIUM-LIGHT SKIN TONE, WHITE HAIR",People & Body,Neutral
👩🏽‍🦳,0x1f469 0x1f3fd 0x200d 0x1f9b3,1000,100,400,500,"WOMAN: MEDIUM SKIN TONE, WHITE HAIR",People & Body,Neutral
👩🏾‍🦳,0x1f469 0x1f3fe 0x200d 0x1f9b3,1000,100,400,500,"WOMAN: MEDIUM-DARK SKIN TONE, WHITE HAIR",People & Body,Neutral
👩🏿‍🦳,0x1f469 0x1f3ff 0x200d 0x1f9b3,1000,100,400,500,"WOMAN: DARK SKIN TONE, WHITE HAIR",People & Body,Neutral
🧑‍🦳,0x1f9d1 0x200d 0x1f9b3,1000,100,400,500,PERSON: WHITE HAIR,People & Body,Neutral
🧑🏻‍🦳,0x1f9d1 0x1f3fb 0x200d 0x1f9b3,1000,100,400,500,"PERSON: LIGHT SKIN TONE, WHITE HAIR",People & Body,Neutral
🧑🏼‍🦳,0x1f9d1 0x1f3fc 0x200d 0x1f9b3,1000,100,400,500,"PERSON: MEDIUM-LIGHT SKIN TONE, WHITE HAIR",People & Body,Neutral
🧑🏽‍🦳,0x1f9d1 0x1f3fd 0x200d 0x1f9b3,1000,100,400,500,"PERSON: MEDIUM SKIN TONE, WHITE HAIR",People & Body,Neutral
🧑🏾‍🦳,0x1f9d1 0x1f3fe 0x200d 0x1f9b3,1000,100,400,500,"PERSON: MEDIUM-DARK SKIN TONE, WHITE HAIR",People & Body,Neutral
🧑🏿‍🦳,0x1f9d1 0x1f3ff 0x200d 0x1f9b3,1000,100,400,500,"PERSON: DARK SKIN TONE, WHITE HAIR",People & Body,Neutral
👩‍🦲,0x1f469 0x200d 0x1f9b2,1000,100,400,500,WOMAN: BALD,People & Body,Neutral
👩🏻‍🦲,0x1f469 0x1f3fb 0x200d 0x1f9b2,1000,100,400,500,"WOMAN: LIGHT SKIN TONE, BALD",People & Body,Neutral
👩🏼‍🦲,0x1f469 0x1f3fc 0x200d 0x1f9b2,1000,100,400,500,"WOMAN: MEDIUM-LIGHT SKIN TONE, BALD",People & Body,Neutral
👩🏽‍🦲,0x1f469 0x1f3fd 0x200d 0x1f9b2,1000,100,400,500,"WOMAN: MEDIUM SKIN TONE, BALD",People & Body,Neutral
👩🏾‍🦲,0x1f469 0x1f3fe 0x200d 0x1f9b2,1000,100,400,500,"WOMAN: MEDIUM-DARK SKIN TONE, BALD",People & Body,Neutral
👩🏿‍🦲,0x1f469 0x1f3ff 0x200d 0x1f9b2,1000,100,400,500,"WOMAN: DARK SKIN TONE, BALD",People & Body,Neutral
🧑‍🦲,0x1f9d1 0x200d 0x1f9b2,1000,100,400,500,PERSON: BALD,People & Body,Neutral
🧑🏻‍🦲,0x1f9d1 0x1f3fb 0x200d 0x1f9b2,1000,100,400,500,"PERSON: LIGHT SKIN TONE, BALD",People & Body,Neutral
🧑🏼‍🦲,0x1f9d1 0x1f3fc 0x200d 0x1f9b2,1000,100,400,500,"PERSON: MEDIUM-LIGHT SKIN TONE, BALD",People & Body,Neutral
🧑🏽‍🦲,0x1f9d1 0x1f3fd 0x200d 0x1f9b2,1000,100,400,500,"PERSON: MEDIUM SKIN TONE, BALD",People & Body,Neutral
🧑🏾‍🦲,0x1f9d1 0x1f3fe 0x200d 0x1f9b2,1000,100,400,500,"PERSON: MEDIUM-DARK SKIN TONE, BALD",People & Body,Neutral
🧑🏿‍🦲,0x1f9d1 0x1f3ff 0x200d 0x1f9b2,1000,100,400,500,"PERSON: DARK SKIN TONE, BALD",People & Body,Neutral
👱‍♀️,0x1f471 0x200d 0x2640 0xfe0f,1000,100,400,500,WOMAN: BLOND HAIR,People & Body,Neutral
👱🏻‍♀️,0x1f471 0x1f3fb 0x200d 0x2640 0xfe0f,1000,100,400,500,"WOMAN: LIGHT SKIN TONE, BLOND HAIR",People & Body,Neutral
👱🏼‍♀️,0x1f471 0x1f3fc 0x200d 0x2640 0xfe0f,1000,100,400,500,"WOMAN: MEDIUM-LIGHT SKIN TONE, BLOND HAIR",People & Body,Neutral
👱🏽‍♀️,0x1f471 0x1f3fd 0x200d 0x2640 0xfe0f,1000,100,400,500,"WOMAN: MEDIUM SKIN TONE, BLOND HAIR",People & Body,Neutral
👱🏾‍♀️,0x1f471 0x1f3fe 0x200d 0x2640 0xfe0f,1000,100,400,500,"WOMAN: MEDIUM-DARK SKIN TONE, BLOND HAIR",People & Body,Neutral
👱🏿‍♀️,0x1f471 0x1f3ff 0x200d 0x2640 0xfe0f,1000,100,400,500,"WOMAN: DARK SKIN TONE, BLOND HAIR",People & Body,Neutral
👱‍♂️,0x1f471 0x200d 0x2642 0xfe0f,1000,100,400,500,MAN: BLOND HAIR,People & Body,Neutral
👱🏻‍♂️,0x1f471 0x1f3fb 0x200d 0x2642 0xfe0f,1000,100,400,500,"MAN: LIGHT SKIN TONE, BLOND HAIR",People & Body,Neutral
👱🏼‍♂️,0x1f471 0x1f3fc 0x200d 0x2642 0xfe0f,1000,100,400,500,"MAN: MEDIUM-LIGHT SKIN TONE, BLOND HAIR",People & Body,Neutral
👱🏽‍♂️,0x1f471 0x1f3fd 0x200d 0x2642 0xfe0f,1000,100,400,500,"MAN: MEDIUM SKIN TONE, BLOND HAIR",People & Body,Neutral
👱🏾‍♂️,0x1f471 0x1f3fe 0x200d 0x2642 0xfe0f,1000,100,400,500,"MAN: MEDIUM-DARK SKIN TONE, BLOND HAIR",People & Body,Neutral
👱🏿‍♂️,0x1f471 0x1f3ff 0x200d 0x2642 0xfe0f,1000,100,400,500,"MAN: DARK SKIN TONE, BLOND HAIR",People & Body,Neutral
🧓,0x1f9d3,1000,100,400,500,OLDER PERSON,People & Body,Neutral
🧓🏻,0x1f9d3 0x1f3fb,1000,100,400,500,OLDER PERSON: LIGHT SKIN TONE,People & Body,Neutral
🧓🏼,0x1f9d3 0x1f3fc,1000,100,400,500,OLDER PERSON: MEDIUM-LIGHT SKIN TONE,People & Body,Neutral
🧓🏽,0x1f9d3 0x1f3fd,1000,100,400,500,OLDER PERSON: MEDIUM SKIN TONE,People & Body,Neutral
🧓🏾,0x1f9d3 0x1f3fe,1000,100,400,500,OLDER PERSON: MEDIUM-DARK SKIN TONE,People & Body,Neutral
🧓🏿,0x1f9d3 0x1f3ff,1000,100,400,500,OLDER PERSON: DARK SKIN TONE,People & Body,Neutral
👴,0x1f474,1000,100,400,500,OLD MAN,People & Body,Neutral
👴🏻,0x1f474 0x1f3fb,1000,100,400,500,OLD MAN: LIGHT SKIN TONE,People & Body,Neutral
👴🏼,0x1f474 0x1f3fc,1000,100,400,500,OLD MAN: MEDIUM-LIGHT SKIN TONE,People & Body,Neutral
👴🏽,0x1f474 0x1f3fd,1000,100,400,500,OLD MAN: MEDIUM SKIN TONE,People & Body,Neutral
👴🏾,0x1f474 0x1f3fe,1000,100,400,500,OLD MAN: MEDIUM-DARK SKIN TONE,People & Body,Neutral
👴🏿,0x1f474 0x1f3ff,1000,100,400,500,OLD MAN: DARK SKIN TONE,People & Body,Neutral
👵,0x1f475,1000,100,400,500,OLD WOMAN,People & Body,Neutral
👵🏻,0x1f475 0x1f3fb,1000,100,400,500,OLD WOMAN: LIGHT SKIN TONE,People & Body,Neutral
👵🏼,0x1f475 0x1f3fc,1000,100,400,500,OLD WOMAN: MEDIUM-LIGHT SKIN TONE,People & Body,Neutral
👵🏽,0x1f475 0x1f3fd,1000,100,400,500,OLD WOMAN: MEDIUM SKIN TONE,People & Body,Neutral
👵🏾,0x1f475 0x1f3fe,1000,100,400,500,OLD WOMAN: MEDIUM-DARK SKIN TONE,People & Body,Neutral
👵🏿,0x1f475 0x1f3ff,1000,100,400,500,OLD WOMAN: DARK SKIN TONE,People & Body,Neutral
🙍,0x1f64d,1000,100,400,500,PERSON FROWNING,People & Body,Neutral
🙍🏻,0x1f64d 0x1f3fb,1000,100,400,500,PERSON FROWNING: LIGHT SKIN TONE,People & Body,Neutral
🙍🏼,0x1f64d 0x1f3fc,1000,100,400,500,PERSON FROWNING: MEDIUM-LIGHT SKIN TONE,People & Body,Neutral
🙍🏽,0x1f64d 0x1f3fd,1000,100,400,500,PERSON FROWNING: MEDIUM SKIN TONE,People & Body,Neutral
🙍🏾,0x1f64d 0x1f3fe,1000,100,400,500,PERSON FROWNING: MEDIUM-DARK SKIN TONE,People & Body,Neutral
🙍🏿,0x1f64d 0x1f3ff,1000,100,400,500,PERSON FROWNING: DARK SKIN TONE,People & Body,Neutral
🙍‍♂️,0x1f64d 0x200d 0x2642 0xfe0f,1000,100,400,500,MAN FROWNING,People & Body,Neutral
🙍🏻‍♂️,0x1f64d 0x1f3fb 0x200d 0x2642 0xfe0f,1000,100,400,500,MAN FROWNING: LIGHT SKIN TONE,People & Body,Neutral
🙍🏼‍♂️,0x1f64d 0x1f3fc 0x200d 0x2642 0xfe0f,1000,100,400,500,MAN FROWNING: MEDIUM-LIGHT SKIN TONE,People & Body,Neutral
🙍🏽‍♂️,0x1f64d 0x1f3fd 0x200d 0x2642 0xfe0f,1000,100,400,500,MAN FROWNING: MEDIUM SKIN TONE,People & Body,Neutral
🙍🏾‍♂️,0x1f64d 0x1f3fe 0x200d 0x2642 0xfe0f,1000,100,400,500,MAN FROWNING: MEDIUM-DARK SKIN TONE,People & Body,Neutral
🙍🏿‍♂️,0x1f64d 0x1f3ff 0x200d 0x2642 0xfe0f,1000,100,400,500,MAN FROWNING: DARK SKIN TONE,People & Body,Neutral
🙍‍♀️,0x1f64d 0x200d 0x2640 0xfe0f,1000,100,400,500,WOMAN FROWNING,People & Body,Neutral
🙍🏻‍♀️,0x1f64d 0x1f3fb 0x200d 0x2640 0xfe0f,1000,100,400,500,WOMAN FROWNING: LIGHT SKIN TONE,People & Body,Neutral
🙍🏼‍♀️,0x1f64d 0x1f3fc 0x200d 0x2640 0xfe0f,1000,100,400,500,WOMAN FROWNING: MEDIUM-LIGHT SKIN TONE,People & Body,Neutral
🙍🏽‍♀️,0x1f64d 0x1f3fd 0x200d 0x2640 0xfe0f,1000,100,400,500,WOMAN FROWNING: MEDIUM SKIN TONE,People & Body,Neutral
🙍🏾‍♀️,0x1f64d 0x1f3fe 0x200d 0x2640 0xfe0f,1000,100,400,500,WOMAN FROWNING: MEDIUM-DARK SKIN TONE,People & Body,Neutral
🙍🏿‍♀️,0x1f64d 0x1f3ff 0x200d 0x2640 0xfe0f,1000,100,400,500,WOMAN FROWNING: DARK SKIN TONE,People & Body,Neutral
🙎,0x1f64e,1000,850,100,50,PERSON POUTING,People & Body,Anger
🙎🏻,0x1f64e 0x1f3fb,1000,850,100,50,PERSON POUTING: LIGHT SKIN TONE,People & Body,Anger
🙎🏼,0x1f64e 0x1f3fc,1000,850,100,50,PERSON POUTING: MEDIUM-LIGHT SKIN TONE,People & Body,Anger
🙎🏽,0x1f64e 0x1f3fd,1000,850,100,50,PERSON POUTING: MEDIUM SKIN TONE,People & Body,Anger
🙎🏾,0x1f64e 0x1f3fe,1000,850,100,50,PERSON POUTING: MEDIUM-DARK SKIN TONE,People & Body,Anger
🙎🏿,0x1f64e 0x1f3ff,1000,850,100,50,PERSON POUTING: DARK SKIN TONE,People & Body,Anger
🙎‍♂️,0x1f64e 0x200d 0x2642 0xfe0f,1000,850,100,50,MAN POUTING,People & Body,Anger
🙎🏻‍♂️,0x1f64e 0x1f3fb 0x200d 0x2642 0xfe0f,1000,850,100,50,MAN POUTING: LIGHT SKIN TONE,People & Body,Anger
🙎🏼‍♂️,0x1f64e 0x1f3fc 0x200d 0x2642 0xfe0f,1000,850,100,50,MAN POUTING: MEDIUM-LIGHT SKIN TONE,People & Body,Anger
🙎🏽‍♂️,0x1f64e 0x1f3fd 0x200d 0x2642 0xfe0f,1000,850,100,50,MAN POUTING: MEDIUM SKIN TONE,People & Body,Anger
🙎🏾‍♂️,0x1f64e 0x1f3fe 0x200d 0x2642 0xfe0f,1000,850,100,50,MAN POUTING: MEDIUM-DARK SKIN TONE,People & Body,Anger
🙎🏿‍♂️,0x1f64e 0x1f3ff 0x200d 0x2642 0xfe0f,1000,850,100,50,MAN POUTING: DARK SKIN TONE,People & Body,Anger
🙎‍♀️,0x1f64e 0x200d 0x2640 0xfe0f,1000,850,100,50,WOMAN POUTING,People & Body,Anger
🙎🏻‍♀️,0x1f64e 0x1f3fb 0x200d 0x2640 0xfe0f,1000,850,100,50,WOMAN POUTING: LIGHT SKIN TONE,People & Body,Anger
🙎🏼‍♀️,0x1f64e 0x1f3fc 0x200d 0x2640 0xfe0f,1000,850,100,50,WOMAN POUTING: MEDIUM-LIGHT SKIN TONE,People & Body,Anger
🙎🏽‍♀️,0x1f64e 0x1f3fd 0x200d 0x2640 0xfe0f,1000,850,100,50,WOMAN POUTING: MEDIUM SKIN TONE,People & Body,Anger
🙎🏾‍♀️,0x1f64e 0x1f3fe 0x200d 0x2640 0xfe0f,1000,850,100,50,WOMAN POUTING: MEDIUM-DARK SKIN TONE,People & Body,Anger
🙎🏿‍♀️,0x1f64e 0x1f3ff 0x200d 0x2640 0xfe0f,1000,850,100,50,WOMAN POUTING: DARK SKIN TONE,People & Body,Anger
🙅,0x1f645,1000,100,400,500,PERSON GESTURING NO,People & Body,Neutral
🙅🏻,0x1f645 0x1f3fb,1000,100,400,500,PERSON GESTURING NO: LIGHT SKIN TONE,People & Body,Neutral
🙅🏼,0x1f645 0x1f3fc,1000,100,400,500,PERSON GESTURING NO: MEDIUM-LIGHT SKIN TONE,People & Body,Neutral
🙅🏽,0x1f645 0x1f3fd,1000,100,400,500,PERSON GESTURING NO: MEDIUM SKIN TONE,People & Body,Neutral
🙅🏾,0x1f645 0x1f3fe,1000,100,400,500,PERSON GESTURING NO: MEDIUM-DARK SKIN TONE,People & Body,Neutral
🙅🏿,0x1f645 0x1f3ff,1000,100,400,500,PERSON GESTURING NO: DARK SKIN TONE,People & Body,Neutral
🙅‍♂️,0x1f645 0x200d 0x2642 0xfe0f,1000,100,400,500,MAN GESTURING NO,People & Body,Neutral
🙅🏻‍♂️,0x1f645 0x1f3fb 0x200d 0x2642 0xfe0f,1000,100,400,500,MAN GESTURING NO: LIGHT SKIN TONE,People & Body,Neutral
🙅🏼‍♂️,0x1f645 0x1f3fc 0x200d 0x2642 0xfe0f,1000,100,400,500,MAN GESTURING NO: MEDIUM-LIGHT SKIN TONE,People & Body,Neutral
🙅🏽‍♂️,0x1f645 0x1f3fd 0x200d 0x2642 0xfe0f,1000,100,400,500,MAN GESTURING NO: MEDIUM SKIN TONE,People & Body,Neutral
🙅🏾‍♂️,0x1f645 0x1f3fe 0x200d 0x2642 0xfe0f,1000,100,400,500,MAN GESTURING NO: MEDIUM-DARK SKIN TONE,People & Body,Neutral
🙅🏿‍♂️,0x1f645 0x1f3ff 0x200d 0x2642 0xfe0f,1000,100,400,500,MAN GESTURING NO: DARK SKIN TONE,People & Body,Neutral
🙅‍♀️,0x1f645 0x200d 0x2640 0xfe0f,1000,100,400,500,WOMAN GESTURING NO,People & Body,Neutral
🙅🏻‍♀️,0x1f645 0x1f3fb 0x200d 0x2640 0xfe0f,1000,100,400,500,WOMAN GESTURING NO: LIGHT SKIN TONE,People & Body,Neutral
🙅🏼‍♀️,0x1f645 0x1f3fc 0x200d 0x2640 0xfe0f,1000,100,400,500,WOMAN GESTURING NO: MEDIUM-LIGHT SKIN TONE,People & Body,Neutral
🙅🏽‍♀️,0x1f645 0x1f3fd 0x200d 0x2640 0xfe0f,1000,100,400,500,WOMAN GESTURING NO: MEDIUM SKIN TONE,People & Body,Neutral
🙅🏾‍♀️,0x1f645 0x1f3fe 0x200d 0x2640 0xfe0f,1000,100,400,500,WOMAN GESTURING NO: MEDIUM-DARK SKIN TONE,People & Body,Neutral
🙅🏿‍♀️,0x1f645 0x1f3ff 0x200d 0x2640 0xfe0f,1000,100,400,500,WOMAN GESTURING NO: DARK SKIN TONE,People & Body,Neutral
🙆,0x1f646,1000,20,80,900,PERSON GESTURING OK,People & Body,Approval
🙆🏻,0x1f646 0x1f3fb,1000,20,80,900,PERSON GESTURING OK: LIGHT SKIN TONE,People & Body,Approval
🙆🏼,0x1f646 0x1f3fc,1000,20,80,900,PERSON GESTURING OK: MEDIUM-LIGHT SKIN TONE,People & Body,Approval
🙆🏽,0x1f646 0x1f3fd,1000,20,80,900,PERSON GESTURING OK: MEDIUM SKIN TONE,People & Body,Approval
🙆🏾,0x1f646 0x1f3fe,1000,20,80,900,PERSON GESTURING OK: MEDIUM-DARK SKIN TONE,People & Body,Approval
🙆🏿,0x1f646 0x1f3ff,1000,20,80,900,PERSON GESTURING OK: DARK SKIN TONE,People & Body,Approval
🙆‍♂️,0x1f646 0x200d 0x2642 0xfe0f,1000,20,80,900,MAN GESTURING OK,People & Body,Approval
🙆🏻‍♂️,0x1f646 0x1f3fb 0x200d 0x2642 0xfe0f,1000,20,80,900,MAN GESTURING OK: LIGHT SKIN TONE,People & Body,Approval
🙆🏼‍♂️,0x1f646 0x1f3fc 0x200d 0x2642 0xfe0f,1000,20,80,900,MAN GESTURING OK: MEDIUM-LIGHT SKIN TONE,People & Body,Approval
🙆🏽‍♂️,0x1f646 0x1f3fd 0x200d 0x2642 0xfe0f,1000,20,80,900,MAN GESTURING OK: MEDIUM SKIN TONE,People & Body,Approval
🙆🏾‍♂️,0x1f646 0x1f3fe 0x200d 0x2642 0xfe0f,1000,20,80,900,MAN GESTURING OK: MEDIUM-DARK SKIN TONE,People & Body,Approval
🙆🏿‍♂️,0x1f646 0x1f3ff 0x200d 0x2642 0xfe0f,1000,20,80,900,MAN GESTURING OK: DARK SKIN TONE,People & Body,Approval
🙆‍♀️,0x1f646 0x200d 0x2640 0xfe0f,1000,20,80,900,WOMAN GESTURING OK,People & Body,Approval
🙆🏻‍♀️,0x1f646 0x1f3fb 0x200d 0x2640 0xfe0f,1000,20,80,900,WOMAN GESTURING OK: LIGHT SKIN TONE,People & Body,Approval
🙆🏼‍♀️,0x1f646 0x1f3fc 0x200d 0x2640 0xfe0f,1000,20,80,900,WOMAN GESTURING OK: MEDIUM-LIGHT SKIN TONE,People & Body,Approval
🙆🏽‍♀️,0x1f646 0x1f3fd 0x200d 0x2640 0xfe0f,1000,20,80,900,WOMAN GESTURING OK: MEDIUM SKIN TONE,People & Body,Approval
🙆🏾‍♀️,0x1f646 0x1f3fe 0x200d 0x2640 0xfe0f,1000,20,80,900,WOMAN GESTURING OK: MEDIUM-DARK SKIN TONE,People & Body,Approval
🙆🏿‍♀️,0x1f646 0x1f3ff 0x200d 0x2640 0xfe0f,1000,20,80,900,WOMAN GESTURING OK: DARK SKIN TONE,People & Body,Approval
💁,0x1f481,1000,100,400,500,PERSON TIPPING HAND,People & Body,Neutral
💁🏻,0x1f481 0x1f3fb,1000,100,400,500,PERSON TIPPING HAND: LIGHT SKIN TONE,People & Body,Neutral
💁🏼,0x1f481 0x1f3fc,1000,100,400,500,PERSON TIPPING HAND: MEDIUM-LIGHT SKIN TONE,People & Body,Neutral
💁🏽,0x1f481 0x1f3fd,1000,100,400,500,PERSON TIPPING HAND: MEDIUM SKIN TONE,People & Body,Neutral
💁🏾,0x1f481 0x1f3fe,1000,100,400,500,PERSON TIPPING HAND: MEDIUM-DARK SKIN TONE,People & Body,Neutral
💁🏿,0x1f481 0x1f3ff,1000,100,400,500,PERSON TIPPING HAND: DARK SKIN TONE,People & Body,Neutral
💁‍♂️,0x1f481 0x200d 0x2642 0xfe0f,1000,100,400,500,MAN TIPPING HAND,People & Body,Neutral
💁🏻‍♂️,0x1f481 0x1f3fb 0x200d 0x2642 0xfe0f,1000,100,400,500,MAN TIPPING HAND: LIGHT SKIN TONE,People & Body,Neutral
💁🏼‍♂️,0x1f481 0x1f3fc 0x200d 0x2642 0xfe0f,1000,100,400,500,MAN TIPPING HAND: MEDIUM-LIGHT SKIN TONE,People & Body,Neutral
💁🏽‍♂️,0x1f481 0x1f3fd 0x200d 0x2642 0xfe0f,1000,100,400,500,MAN TIPPING HAND: MEDIUM SKIN TONE,People & Body,Neutral
💁🏾‍♂️,0x1f481 0x1f3fe 0x200d 0x2642 0xfe0f,1000,100,400,500,MAN TIPPING HAND: MEDIUM-DARK SKIN TONE,People & Body,Neutral
💁🏿‍♂️,0x1f481 0x1f3ff 0x200d 0x2642 0xfe0f,1000,100,400,500,MAN TIPPING HAND: DARK SKIN TONE,People & Body,Neutral
💁‍♀️,0x1f481 0x200d 0x2640 0xfe0f,1000,100,400,500,WOMAN TIPPING HAND,People & Body,Neutral
💁🏻‍♀️,0x1f481 0x1f3fb 0x200d 0x2640 0xfe0f,1000,100,400,500,WOMAN TIPPING HAND: LIGHT SKIN TONE,People & Body,Neutral
💁🏼‍♀️,0x1f481 0x1f3fc 0x200d 0x2640 0xfe0f,1000,100,400,500,WOMAN TIPPING HAND: MEDIUM-LIGHT SKIN TONE,People & Body,Neutral
💁🏽‍♀️,0x1f481 0x1f3fd 0x200d 0x2640 0xfe0f,1000,100,400,500,WOMAN TIPPING HAND: MEDIUM SKIN TONE,People & Body,Neutral
💁🏾‍♀️,0x1f481 0x1f3fe 0x200d 0x2640 0xfe0f,1000,100,400,500,WOMAN TIPPING HAND: MEDIUM-DARK SKIN TONE,People & Body,Neutral
💁🏿‍♀️,0x1f481 0x1f3ff 0x200d 0x2640 0xfe0f,1000,100,400,500,WOMAN TIPPING HAND: DARK SKIN TONE,People & Body,Neutral
🙋,0x1f64b,1000,100,400,500,PERSON RAISING HAND,People & Body,Neutral
🙋🏻,0x1f64b 0x1f3fb,1000,100,400,500,PERSON RAISING HAND: LIGHT SKIN TONE,People & Body,Neutral
🙋🏼,0x1f64b 0x1f3fc,1000,100,400,500,PERSON RAISING HAND: MEDIUM-LIGHT SKIN TONE,People & Body,Neutral
🙋🏽,0x1f64b 0x1f3fd,1000,100,400,500,PERSON RAISING HAND: MEDIUM SKIN TONE,People & Body,Neutral
🙋🏾,0x1f64b 0x1f3fe,1000,100,400,500,PERSON RAISING HAND: MEDIUM-DARK SKIN TONE,People & Body,Neutral
🙋🏿,0x1f64b 0x1f3ff,1000,100,400,500,PERSON RAISING HAND: DARK SKIN TONE,People & Body,Neutral
🙋‍♂️,0x1f64b 0x200d 0x2642 0xfe0f,1000,100,400,500,MAN RAISING HAND,People & Body,Neutral
🙋🏻‍♂️,0x1f64b 0x1f3fb 0x200d 0x2642 0xfe0f,1000,100,400,500,MAN RAISING HAND: LIGHT SKIN TONE,People & Body,Neutral
🙋🏼‍♂️,0x1f64b 0x1f3fc 0x200d 0x2642 0xfe0f,1000,100,400,500,MAN RAISING HAND: MEDIUM-LIGHT SKIN TONE,People & Body,Neutral
🙋🏽‍♂️,0x1f64b 0x1f3fd 0x200d 0x2642 0xfe0f,1000,100,400,500,MAN RAISING HAND: MEDIUM SKIN TONE,People & Body,Neutral
🙋🏾‍♂️,0x1f64b 0x1f3fe 0x200d 0x2642 0xfe0f,1000,100,400,500,MAN RAISING HAND: MEDIUM-DARK SKIN TONE,People & Body,Neutral
🙋🏿‍♂️,0x1f64b 0x1f3ff 0x200d 0x2642 0xfe0f,1000,100,400,500,MAN RAISING HAND: DARK SKIN TONE,People & Body,Neutral
🙋‍♀️,0x1f64b 0x200d 0x2640 0xfe0f,1000,100,400,500,WOMAN RAISING HAND,People & Body,Neutral
🙋🏻‍♀️,0x1f64b 0x1f3fb 0x200d 0x2640 0xfe0f,1000,100,400,500,WOMAN RAISING HAND: LIGHT SKIN TONE,People & Body,Neutral
🙋🏼‍♀️,0x1f64b 0x1f3fc 0x200d 0x2640 0xfe0f,1000,100,400,500,WOMAN RAISING HAND: MEDIUM-LIGHT SKIN TONE,People & Body,Neutral
🙋🏽‍♀️,0x1f64b 0x1f3fd 0x200d 0x2640 0xfe0f,1000,100,400,500,WOMAN RAISING HAND: MEDIUM SKIN TONE,People & Body,Neutral
🙋🏾‍♀️,0x1f64b 0x1f3fe 0x200d 0x2640 0xfe0f,1000,100,400,500,WOMAN RAISING HAND: MEDIUM-DARK SKIN TONE,People & Body,Neutral
🙋🏿‍♀️,0x1f64b 0x1f3ff 0x200d 0x2640 0xfe0f,1000,100,400,500,WOMAN RAISING HAND: DARK SKIN TONE,People & Body,Neutral
🧏,0x1f9cf,1000,100,400,500,DEAF PERSON,People & Body,Neutral
🧏🏻,0x1f9cf 0x1f3fb,1000,100,400,500,DEAF PERSON: LIGHT SKIN TONE,People & Body,Neutral
🧏🏼,0x1f9cf 0x1f3fc,1000,100,400,500,DEAF PERSON: MEDIUM-LIGHT SKIN TONE,People & Body,Neutral
🧏🏽,0x1f9cf 0x1f3fd,1000,100,400,500,DEAF PERSON: MEDIUM SKIN TONE,People & Body,Neutral
🧏🏾,0x1f9cf 0x1f3fe,1000,100,400,500,DEAF PERSON: MEDIUM-DARK SKIN TONE,People & Body,Neutral
🧏🏿,0x1f9cf 0x1f3ff,1000,100,400,500,DEAF PERSON: DARK SKIN TONE,People & Body,Neutral
🧏‍♂️,0x1f9cf 0x200d 0x2642 0xfe0f,1000,100,400,500,DEAF MAN,People & Body,Neutral
🧏🏻‍♂️,0x1f9cf 0x1f3fb 0x200d 0x2642 0xfe0f,1000,100,400,500,DEAF MAN: LIGHT SKIN TONE,People & Body,Neutral
🧏🏼‍♂️,0x1f9cf 0x1f3fc 0x200d 0x2642 0xfe0f,1000,100,400,500,DEAF MAN: MEDIUM-LIGHT SKIN TONE,People & Body,Neutral
🧏🏽‍♂️,0x1f9cf 0x1f3fd 0x200d 0x2642 0xfe0f,1000,100,400,500,DEAF MAN: MEDIUM SKIN TONE,People & Body,Neutral
🧏🏾‍♂️,0x1f9cf 0x1f3fe 0x200d 0x2642 0xfe0f,1000,100,400,500,DEAF MAN: MEDIUM-DARK SKIN TONE,People & Body,Neutral
🧏🏿‍♂️,0x1f9cf 0x1f3ff 0x200d 0x2642 0xfe0f,1000,100,400,500,DEAF MAN: DARK SKIN TONE,People & Body,Neutral
🧏‍♀️,0x1f9cf 0x200d 0x2640 0xfe0f,1000,100,400,500,DEAF WOMAN,People & Body,Neutral
🧏🏻‍♀️,0x1f9cf 0x1f3fb 0x200d 0x2640 0xfe0f,1000,100,400,500,DEAF WOMAN: LIGHT SKIN TONE,People & Body,Neutral
🧏🏼‍♀️,0x1f9cf 0x1f3fc 0x200d 0x2640 0xfe0f,1000,100,400,500,DEAF WOMAN: MEDIUM-LIGHT SKIN TONE,People & Body,Neutral
🧏🏽‍♀️,0x1f9cf 0x1f3fd 0x200d 0x2640 0xfe0f,1000,100,400,500,DEAF WOMAN: MEDIUM SKIN TONE,People & Body,Neutral
🧏🏾‍♀️,0x1f9cf 0x1f3fe 0x200d 0x2640 0xfe0f,1000,100,400,500,DEAF WOMAN: MEDIUM-DARK SKIN TONE,People & Body,Neutral
🧏🏿‍♀️,0x1f9cf 0x1f3ff 0x200d 0x2640 0xfe0f,1000,100,400,500,DEAF WOMAN: DARK SKIN TONE,People & Body,Neutral
🙇,0x1f647,1000,100,400,500,PERSON BOWING,People & Body,Neutral
🙇🏻,0x1f647 0x1f3fb,1000,100,400,500,PERSON BOWING: LIGHT SKIN TONE,People & Body,Neutral
🙇🏼,0x1f647 0x1f3fc,1000,100,400,500,PERSON BOWING: MEDIUM-LIGHT SKIN TONE,People & Body,Neutral
🙇🏽,0x1f647 0x1f3fd,1000,100,400,500,PERSON BOWING: MEDIUM SKIN TONE,People & Body,Neutral
🙇🏾,0x1f647 0x1f3fe,1000,100,400,500,PERSON BOWING: MEDIUM-DARK SKIN TONE,People & Body,Neutral
🙇🏿,0x1f647 0x1f3ff,1000,100,400,500,PERSON BOWING: DARK SKIN TONE,People & Body,Neutral
🙇‍♂️,0x1f647 0x200d 0x2642 0xfe0f,1000,100,400,500,MAN BOWING,People & Body,Neutral
🙇🏻‍♂️,0x1f647 0x1f3fb 0x200d 0x2642 0xfe0f,1000,100,400,500,MAN BOWING: LIGHT SKIN TONE,People & Body,Neutral
🙇🏼‍♂️,0x1f647 0x1f3fc 0x200d 0x2642 0xfe0f,1000,100,400,500,MAN BOWING: MEDIUM-LIGHT SKIN TONE,People & Body,Neutral
🙇🏽‍♂️,0x1f647 0x1f3fd 0x200d 0x2642 0xfe0f,1000,100,400,500,MAN BOWING: MEDIUM SKIN TONE,People & Body,Neutral
🙇🏾‍♂️,0x1f647 0x1f3fe 0x200d 0x2642 0xfe0f,1000,100,400,500,MAN BOWING: MEDIUM-DARK SKIN TONE,People & Body,Neutral
🙇🏿‍♂️,0x1f647 0x1f3ff 0x200d 0x2642 0xfe0f,1000,100,400,500,MAN BOWING: DARK SKIN TONE,People & Body,Neutral
🙇‍♀️,0x1f647 0x200d 0x2640 0xfe0f,1000,100,400,500,WOMAN BOWING,People & Body,Neutral
🙇🏻‍♀️,0x1f647 0x1f3fb 0x200d 0x2640 0xfe0f,1000,100,400,500,WOMAN BOWING: LIGHT SKIN TONE,People & Body,Neutral
🙇🏼‍♀️,0x1f647 0x1f3fc 0x200d 0x2640 0xfe0f,1000,100,400,500,WOMAN BOWING: MEDIUM-LIGHT SKIN TONE,People & Body,Neutral
🙇🏽‍♀️,0x1f647 0x1f3fd 0x200d 0x2640 0xfe0f,1000,100,400,500,WOMAN BOWING: MEDIUM SKIN TONE,People & Body,Neutral
🙇🏾‍♀️,0x1f647 0x1f3fe 0x200d 0x2640 0xfe0f,1000,100,400,500,WOMAN BOWING: MEDIUM-DARK SKIN TONE,People & Body,Neutral
🙇🏿‍♀️,0x1f647 0x1f3ff 0x200d 0x2640 0xfe0f,1000,100,400,500,WOMAN BOWING: DARK SKIN TONE,People & Body,Neutral
🤦,0x1f926,1000,100,400,500,PERSON FACEPALMING,People & Body,Neutral
🤦🏻,0x1f926 0x1f3fb,1000,100,400,500,PERSON FACEPALMING: LIGHT SKIN TONE,People & Body,Neutral
🤦🏼,0x1f926 0x1f3fc,1000,100,400,500,PERSON FACEPALMING: MEDIUM-LIGHT SKIN TONE,People & Body,Neutral
🤦🏽,0x1f926 0x1f3fd,1000,100,400,500,PERSON FACEPALMING: MEDIUM SKIN TONE,People & Body,Neutral
🤦🏾,0x1f926 0x1f3fe,1000,100,400,500,PERSON FACEPALMING: MEDIUM-DARK SKIN TONE,People & Body,Neutral
🤦🏿,0x1f926 0x1f3ff,1000,100,400,500,PERSON FACEPALMING: DARK SKIN TONE,People & Body,Neutral
🤦‍♂️,0x1f926 0x200d 0x2642 0xfe0f,1000,100,400,500,MAN FACEPALMING,People & Body,Neutral
🤦🏻‍♂️,0x1f926 0x1f3fb 0x200d 0x2642 0xfe0f,1000,100,400,500,MAN FACEPALMING: LIGHT SKIN TONE,People & Body,Neutral
🤦🏼‍♂️,0x1f926 0x1f3fc 0x200d 0x2642 0xfe0f,1000,100,400,500,MAN FACEPALMING: MEDIUM-LIGHT SKIN TONE,People & Body,Neutral
🤦🏽‍♂️,0x1f926 0x1f3fd 0x200d 0x2642 0xfe0f,1000,100,400,500,MAN FACEPALMING: MEDIUM SKIN TONE,People & Body,Neutral
🤦🏾‍♂️,0x1f926 0x1f3fe 0x200d 0x2642 0xfe0f,1000,100,400,500,MAN FACEPALMING: MEDIUM-DARK SKIN TONE,People & Body,Neutral
🤦🏿‍♂️,0x1f926 0x1f3ff 0x200d 0x2642 0xfe0f,1000,100,400,500,MAN FACEPALMING: DARK SKIN TONE,People & Body,Neutral
🤦‍♀️,0x1f926 0x200d 0x2640 0xfe0f,1000,100,400,500,WOMAN FACEPALMING,People & Body,Neutral
🤦🏻‍♀️,0x1f926 0x1f3fb 0x200d 0x2640 0xfe0f,1000,100,400,500,WOMAN FACEPALMING: LIGHT SKIN TONE,People & Body,Neutral
🤦🏼‍♀️,0x1f926 0x1f3fc 0x200d 0x2640 0xfe0f,1000,100,400,500,WOMAN FACEPALMING: MEDIUM-LIGHT SKIN TONE,People & Body,Neutral
🤦🏽‍♀️,0x1f926 0x1f3fd 0x200d 0x2640 0xfe0f,1000,100,400,500,WOMAN FACEPALMING: MEDIUM SKIN TONE,People & Body,Neutral
🤦🏾‍♀️,0x1f926 0x1f3fe 0x200d 0x2640 0xfe0f,1000,100,400,500,WOMAN FACEPALMING: MEDIUM-DARK SKIN TONE,People & Body,Neutral
🤦🏿‍♀️,0x1f926 0x1f3ff 0x200d 0x2640 0xfe0f,1000,100,400,500,WOMAN FACEPALMING: DARK SKIN TONE,People & Body,Neutral
🤷,0x1f937,1000,100,400,500,PERSON SHRUGGING,People & Body,Neutral
🤷🏻,0x1f937 0x1f3fb,1000,100,400,500,PERSON SHRUGGING: LIGHT SKIN TONE,People & Body,Neutral
🤷🏼,0x1f937 0x1f3fc,1000,100,400,500,PERSON SHRUGGING: MEDIUM-LIGHT SKIN TONE,People & Body,Neutral
🤷🏽,0x1f937 0x1f3fd,1000,100,400,500,PERSON SHRUGGING: MEDIUM SKIN TONE,People & Body,Neutral
🤷🏾,0x1f937 0x1f3fe,1000,100,400,500,PERSON SHRUGGING: MEDIUM-DARK SKIN TONE,People & Body,Neutral
🤷🏿,0x1f937 0x1f3ff,1000,100,400,500,PERSON SHRUGGING: DARK SKIN TONE,People & Body,Neutral
🤷‍♂️,0x1f937 0x200d 0x2642 0xfe0f,1000,100,400,500,MAN SHRUGGING,People & Body,Neutral
🤷🏻‍♂️,0x1f937 0x1f3fb 0x200d 0x2642 0xfe0f,1000,100,400,500,MAN SHRUGGING: LIGHT SKIN TONE,People & Body,Neutral
🤷🏼‍♂️,0x1f937 0x1f3fc 0x200d 0x2642 0xfe0f,1000,100,400,500,MAN SHRUGGING: MEDIUM-LIGHT SKIN TONE,People & Body,Neutral
🤷🏽‍♂️,0x1f937 0x1f3fd 0x200d 0x2642 0xfe0f,1000,100,400,500,MAN SHRUGGING: MEDIUM SKIN TONE,People & Body,Neutral
🤷🏾‍♂️,0x1f937 0x1f3fe 0x200d 0x2642 0xfe0f,1000,100,400,500,MAN SHRUGGING: MEDIUM-DARK SKIN TONE,People & Body,Neutral
🤷🏿‍♂️,0x1f937 0x1f3ff 0x200d 0x2642 0xfe0f,1000,100,400,500,MAN SHRUGGING: DARK SKIN TONE,People & Body,Neutral
🤷‍♀️,0x1f937 0x200d 0x2640 0xfe0f,1000,100,400,500,WOMAN SHRUGGING,People & Body,Neutral
🤷🏻‍♀️,0x1f937 0x1f3fb 0x200d 0x2640 0xfe0f,1000,100,400,500,WOMAN SHRUGGING: LIGHT SKIN TONE,People & Body,Neutral
🤷🏼‍♀️,0x1f937 0x1f3fc 0x200d 0x2640 0xfe0f,1000,100,400,500,WOMAN SHRUGGING: MEDIUM-LIGHT SKIN TONE,People & Body,Neutral
🤷🏽‍♀️,0x1f937 0x1f3fd 0x200d 0x2640 0xfe0f,1000,100,400,500,WOMAN SHRUGGING: MEDIUM SKIN TONE,People & Body,Neutral
🤷🏾‍♀️,0x1f937 0x1f3fe 0x200d 0x2640 0xfe0f,1000,100,400,500,WOMAN SHRUGGING: MEDIUM-DARK SKIN TONE,People & Body,Neutral
🤷🏿‍♀️,0x1f937 0x1f3ff 0x200d 0x2640 0xfe0f,1000,100,400,500,WOMAN SHRUGGING: DARK SKIN TONE,People & Body,Neutral
🧑‍⚕️,0x1f9d1 0x200d 0x2695 0xfe0f,1000,100,400,500,HEALTH WORKER,People & Body,Neutral
🧑🏻‍⚕️,0x1f9d1 0x1f3fb 0x200d 0x2695 0xfe0f,1000,100,400,500,HEALTH WORKER: LIGHT SKIN TONE,People & Body,Neutral
🧑🏼‍⚕️,0x1f9d1 0x1f3fc 0x200d 0x2695 0xfe0f,1000,100,400,500,HEALTH WORKER: MEDIUM-LIGHT SKIN TONE,People & Body,Neutral
🧑🏽‍⚕️,0x1f9d1 0x1f3fd 0x200d 0x2695 0xfe0f,1000,100,400,500,HEALTH WORKER: MEDIUM SKIN TONE,People & Body,Neutral
🧑🏾‍⚕️,0x1f9d1 0x1f3fe 0x200d 0x2695 0xfe0f,1000,100,400,500,HEALTH WORKER: MEDIUM-DARK SKIN TONE,People & Body,Neutral
🧑🏿‍⚕️,0x1f9d1 0x1f3ff 0x200d 0x2695 0xfe0f,1000,100,400,500,HEALTH WORKER: DARK SKIN TONE,People & Body,Neutral
👨‍⚕️,0x1f468 0x200d 0x2695 0xfe0f,1000,100,400,500,MAN HEALTH WORKER,People & Body,Neutral
👨🏻‍⚕️,0x1f468 0x1f3fb 0x200d 0x2695 0xfe0f,1000,100,400,500,MAN HEALTH WORKER: LIGHT SKIN TONE,People & Body,Neutral
👨🏼‍⚕️,0x1f468 0x1f3fc 0x200d 0x2695 0xfe0f,1000,100,400,500,MAN HEALTH WORKER: MEDIUM-LIGHT SKIN TONE,People & Body,Neutral
👨🏽‍⚕️,0x1f468 0x1f3fd 0x200d 0x2695 0xfe0f,1000,100,400,500,MAN HEALTH WORKER: MEDIUM SKIN TONE,People & Body,Neutral
👨🏾‍⚕️,0x1f468 0x1f3fe 0x200d 0x2695 0xfe0f,1000,100,400,500,MAN HEALTH WORKER: MEDIUM-DARK SKIN TONE,People & Body,Neutral
👨🏿‍⚕️,0x1f468 0x1f3ff 0x200d 0x2695 0xfe0f,1000,100,400,500,MAN HEALTH WORKER: DARK SKIN TONE,People & Body,Neutral
👩‍⚕️,0x1f469 0x200d 0x2695 0xfe0f,1000,100,400,500,WOMAN HEALTH WORKER,People & Body,Neutral
👩🏻‍⚕️,0x1f469 0x1f3fb 0x200d 0x2695 0xfe0f,1000,100,400,500,WOMAN HEALTH WORKER: LIGHT SKIN TONE,People & Body,Neutral
👩🏼‍⚕️,0x1f469 0x1f3fc 0x200d 0x2695 0xfe0f,1000,100,400,500,WOMAN HEALTH WORKER: MEDIUM-LIGHT SKIN TONE,People & Body,Neutral
👩🏽‍⚕️,0x1f469 0x1f3fd 0x200d 0x2695 0xfe0f,1000,100,400,500,WOMAN HEALTH WORKER: MEDIUM SKIN TONE,People & Body,Neutral
👩🏾‍⚕️,0x1f469 0x1f3fe 0x200d 0x2695 0xfe0f,1000,100,400,500,WOMAN HEALTH WORKER: MEDIUM-DARK SKIN TONE,People & Body,Neutral
👩🏿‍⚕️,0x1f469 0x1f3ff 0x200d 0x2695 0xfe0f,1000,100,400,500,WOMAN HEALTH WORKER: DARK SKIN TONE,People & Body,Neutral
🧑‍🎓,0x1f9d1 0x200d 0x1f393,1000,100,400,500,STUDENT,People & Body,Neutral
🧑🏻‍🎓,0x1f9d1 0x1f3fb 0x200d 0x1f393,1000,100,400,500,STUDENT: LIGHT SKIN TONE,People & Body,Neutral
🧑🏼‍🎓,0x1f9d1 0x1f3fc 0x200d 0x1f393,1000,100,400,500,STUDENT: MEDIUM-LIGHT SKIN TONE,People & Body,Neutral
🧑🏽‍🎓,0x1f9d1 0x1f3fd 0x200d 0x1f393,1000,100,400,500,STUDENT: MEDIUM SKIN TONE,People & Body,Neutral
🧑🏾‍🎓,0x1f9d1 0x1f3fe 0x200d 0x1f393,1000,100,400,500,STUDENT: MEDIUM-DARK SKIN TONE,People & Body,Neutral
🧑🏿‍🎓,0x1f9d1 0x1f3ff 0x200d 0x1f393,1000,100,400,500,STUDENT: DARK SKIN TONE,People & Body,Neutral
👨‍🎓,0x1f468 0x200d 0x1f393,1000,100,400,500,MAN STUDENT,People & Body,Neutral
👨🏻‍🎓,0x1f468 0x1f3fb 0x200d 0x1f393,1000,100,400,500,MAN STUDENT: LIGHT SKIN TONE,People & Body,Neutral
👨🏼‍🎓,0x1f468 0x1f3fc 0x200d 0x1f393,1000,100,400,500,MAN STUDENT: MEDIUM-LIGHT SKIN TONE,People & Body,Neutral
👨🏽‍🎓,0x1f468 0x1f3fd 0x200d 0x1f393,1000,100,400,500,MAN STUDENT: MEDIUM SKIN TONE,People & Body,Neutral
👨🏾‍🎓,0x1f468 0x1f3fe 0x200d 0x1f393,1000,100,400,500,MAN STUDENT: MEDIUM-DARK SKIN TONE,People & Body,Neutral
👨🏿‍🎓,0x1f468 0x1f3ff 0x200d 0x1f393,1000,100,400,500,MAN STUDENT: DARK SKIN TONE,People & Body,Neutral
👩‍🎓,0x1f469 0x200d 0x1f393,1000,100,400,500,WOMAN STUDENT,People & Body,Neutral
👩🏻‍🎓,0x1f469 0x1f3fb 0x200d 0x1f393,1000,100,400,500,WOMAN STUDENT: LIGHT SKIN TONE,People & Body,Neutral
👩🏼‍🎓,0x1f469 0x1f3fc 0x200d 0x1f393,1000,100,400,500,WOMAN STUDENT: MEDIUM-LIGHT SKIN TONE,People & Body,Neutral
👩🏽‍🎓,0x1f469 0x1f3fd 0x200d 0x1f393,1000,100,400,500,WOMAN STUDENT: MEDIUM SKIN TONE,People & Body,Neutral
👩🏾‍🎓,0x1f469 0x1f3fe 0x200d 0x1f393,1000,100,400,500,WOMAN STUDENT: MEDIUM-DARK SKIN TONE,People & Body,Neutral
👩🏿‍🎓,0x1f469 0x1f3ff 0x200d 0x1f393,1000,100,400,500,WOMAN STUDENT: DARK SKIN TONE,People & Body,Neutral
🧑‍🏫,0x1f9d1 0x200d 0x1f3eb,1000,100,400,500,TEACHER,People & Body,Neutral
🧑🏻‍🏫,0x1f9d1 0x1f3fb 0x200d 0x1f3eb,1000,100,400,500,TEACHER: LIGHT SKIN TONE,People & Body,Neutral
🧑🏼‍🏫,0x1f9d1 0x1f3fc 0x200d 0x1f3eb,1000,100,400,500,TEACHER: MEDIUM-LIGHT SKIN TONE,People & Body,Neutral
🧑🏽‍🏫,0x1f9d1 0x1f3fd 0x200d 0x1f3eb,1000,100,400,500,TEACHER: MEDIUM SKIN TONE,People & Body,Neutral
🧑🏾‍🏫,0x1f9d1 0x1f3fe 0x200d 0x1f3eb,1000,100,400,500,TEACHER: MEDIUM-DARK SKIN TONE,People & Body,Neutral
🧑🏿‍🏫,0x1f9d1 0x1f3ff 0x200d 0x1f3eb,1000,100,400,500,TEACHER: DARK SKIN TONE,People & Body,Neutral
👨‍🏫,0x1f468 0x200d 0x1f3eb,1000,100,400,500,MAN TEACHER,People & Body,Neutral
👨🏻‍🏫,0x1f468 0x1f3fb 0x200d 0x1f3eb,1000,100,400,500,MAN TEACHER: LIGHT SKIN TONE,People & Body,Neutral
👨🏼‍🏫,0x1f468 0x1f3fc 0x200d 0x1f3eb,1000,100,400,500,MAN TEACHER: MEDIUM-LIGHT SKIN TONE,People & Body,Neutral
👨🏽‍🏫,0x1f468 0x1f3fd 0x200d 0x1f3eb,1000,100,400,500,MAN TEACHER: MEDIUM SKIN TONE,People & Body,Neutral
👨🏾‍🏫,0x1f468 0x1f3fe 0x200d 0x1f3eb,1000,100,400,500,MAN TEACHER: MEDIUM-DARK SKIN TONE,People & Body,Neutral
👨🏿‍🏫,0x1f468 0x1f3ff 0x200d 0x1f3eb,1000,100,400,500,MAN TEACHER: DARK SKIN TONE,People & Body,Neutral
👩‍🏫,0x1f469 0x200d 0x1f3eb,1000,100,400,500,WOMAN TEACHER,People & Body,Neutral
👩🏻‍🏫,0x1f469 0x1f3fb 0x200d 0x1f3eb,1000,100,400,500,WOMAN TEACHER: LIGHT SKIN TONE,People & Body,Neutral
👩🏼‍🏫,0x1f469 0x1f3fc 0x200d 0x1f3eb,1000,100,400,500,WOMAN TEACHER: MEDIUM-LIGHT SKIN TONE,People & Body,Neutral
👩🏽‍🏫,0x1f469 0x1f3fd 0x200d 0x1f3eb,1000,100,400,500,WOMAN TEACHER: MEDIUM SKIN TONE,People & Body,Neutral
👩🏾‍🏫,0x1f469 0x1f3fe 0x200d 0x1f3eb,1000,100,400,500,WOMAN TEACHER: MEDIUM-DARK SKIN TONE,People & Body,Neutral
👩🏿‍🏫,0x1f469 0x1f3ff 0x200d 0x1f3eb,1000,100,400,500,WOMAN TEACHER: DARK SKIN TONE,People & Body,Neutral
🧑‍⚖️,0x1f9d1 0x200d 0x2696 0xfe0f,1000,100,400,500,JUDGE,People & Body,Neutral
🧑🏻‍⚖️,0x1f9d1 0x1f3fb 0x200d 0x2696 0xfe0f,1000,100,400,500,JUDGE: LIGHT SKIN TONE,People & Body,Neutral
🧑🏼‍⚖️,0x1f9d1 0x1f3fc 0x200d 0x2696 0xfe0f,1000,100,400,500,JUDGE: MEDIUM-LIGHT SKIN TONE,People & Body,Neutral
🧑🏽‍⚖️,0x1f9d1 0x1f3fd 0x200d 0x2696 0xfe0f,1000,100,400,500,JUDGE: MEDIUM SKIN TONE,People & Body,Neutral
🧑🏾‍⚖️,0x1f9d1 0x1f3fe 0x200d 0x2696 0xfe0f,1000,100,400,500,JUDGE: MEDIUM-DARK SKIN TONE,People & Body,Neutral
🧑🏿‍⚖️,0x1f9d1 0x1f3ff 0x200d 0x2696 0xfe0f,1000,100,400,500,JUDGE: DARK SKIN TONE,People & Body,Neutral
👨‍⚖️,0x1f468 0x200d 0x2696 0xfe0f,1000,100,400,500,MAN JUDGE,People & Body,Neutral
👨🏻‍⚖️,0x1f468 0x1f3fb 0x200d 0x2696 0xfe0f,1000,100,400,500,MAN JUDGE: LIGHT SKIN TONE,People & Body,Neutral
👨🏼‍⚖️,0x1f468 0x1f3fc 0x200d 0x2696 0xfe0f,1000,100,400,500,MAN JUDGE: MEDIUM-LIGHT SKIN TONE,People & Body,Neutral
👨🏽‍⚖️,0x1f468 0x1f3fd 0x200d 0x2696 0xfe0f,1000,100,400,500,MAN JUDGE: MEDIUM SKIN TONE,People & Body,Neutral
👨🏾‍⚖️,0x1f468 0x1f3fe 0x200d 0x2696 0xfe0f,1000,100,400,500,MAN JUDGE: MEDIUM-DARK SKIN TONE,People & Body,Neutral
👨🏿‍⚖️,0x1f468 0x1f3ff 0x200d 0x2696 0xfe0f,1000,100,400,500,MAN JUDGE: DARK SKIN TONE,People & Body,Neutral
👩‍⚖️,0x1f469 0x200d 0x2696 0xfe0f,1000,100,400,500,WOMAN JUDGE,People & Body,Neutral
👩🏻‍⚖️,0x1f469 0x1f3fb 0x200d 0x2696 0xfe0f,1000,100,400,500,WOMAN JUDGE: LIGHT SKIN TONE,People & Body,Neutral
👩🏼‍⚖️,0x1f469 0x1f3fc 0x200d 0x2696 0xfe0f,1000,100,400,500,WOMAN JUDGE: MEDIUM-LIGHT SKIN TONE,People & Body,Neutral
👩🏽‍⚖️,0x1f469 0x1f3fd 0x200d 0x2696 0xfe0f,1000,100,400,500,WOMAN JUDGE: MEDIUM SKIN TONE,People & Body,Neutral
👩🏾‍⚖️,0x1f469 0x1f3fe 0x200d 0x2696 0xfe0f,1000,100,400,500,WOMAN JUDGE: MEDIUM-DARK SKIN TONE,People & Body,Neutral
👩🏿‍⚖️,0x1f469 0x1f3ff 0x200d 0x2696 0xfe0f,1000,100,400,500,WOMAN JUDGE: DARK SKIN TONE,People & Body,Neutral
🧑‍🌾,0x1f9d1 0x200d 0x1f33e,1000,100,400,500,FARMER,People & Body,Neutral
🧑🏻‍🌾,0x1f9d1 0x1f3fb 0x200d 0x1f33e,1000,100,400,500,FARMER: LIGHT SKIN TONE,People & Body,Neutral
🧑🏼‍🌾,0x1f9d1 0x1f3fc 0x200d 0x1f33e,1000,100,400,500,FARMER: MEDIUM-LIGHT SKIN TONE,People & Body,Neutral
🧑🏽‍🌾,0x1f9d1 0x1f3fd 0x200d 0x1f33e,1000,100,400,500,FARMER: MEDIUM SKIN TONE,People & Body,Neutral
🧑🏾‍🌾,0x1f9d1 0x1f3fe 0x200d 0x1f33e,1000,100,400,500,FARMER: MEDIUM-DARK SKIN TONE,People & Body,Neutral
🧑🏿‍🌾,0x1f9d1 0x1f3ff 0x200d 0x1f33e,1000,100,400,500,FARMER: DARK SKIN TONE,People & Body,Neutral
👨‍🌾,0x1f468 0x200d 0x1f33e,1000,100,400,500,MAN FARMER,People & Body,Neutral
👨🏻‍🌾,0x1f468 0x1f3fb 0x200d 0x1f33e,1000,100,400,500,MAN FARMER: LIGHT SKIN TONE,People & Body,Neutral
👨🏼‍🌾,0x1f468 0x1f3fc 0x200d 0x1f33e,1000,100,400,500,MAN FARMER: MEDIUM-LIGHT SKIN TONE,People & Body,Neutral
👨🏽‍🌾,0x1f468 0x1f3fd 0x200d 0x1f33e,1000,100,400,500,MAN FARMER: MEDIUM SKIN TONE,People & Body,Neutral
👨🏾‍🌾,0x1f468 0x1f3fe 0x200d 0x1f33e,1000,100,400,500,MAN FARMER: MEDIUM-DARK SKIN TONE,People & Body,Neutral
👨🏿‍🌾,0x1f468 0x1f3ff 0x200d 0x1f33e,1000,100,400,500,MAN FARMER: DARK SKIN TONE,People & Body,Neutral
👩‍🌾,0x1f469 0x200d 0x1f33e,1000,100,400,500,WOMAN FARMER,People & Body,Neutral
👩🏻‍🌾,0x1f469 0x1f3fb 0x200d 0x1f33e,1000,100,400,500,WOMAN FARMER: LIGHT SKIN TONE,People & Body,Neutral
👩🏼‍🌾,0x1f469 0x1f3fc 0x200d 0x1f33e,1000,100,400,500,WOMAN FARMER: MEDIUM-LIGHT SKIN TONE,People & Body,Neutral
👩🏽‍🌾,0x1f469 0x1f3fd 0x200d 0x1f33e,1000,100,400,500,WOMAN FARMER: MEDIUM SKIN TONE,People & Body,Neutral
👩🏾‍🌾,0x1f469 0x1f3fe 0x200d 0x1f33e,1000,100,400,500,WOMAN FARMER: MEDIUM-DARK SKIN TONE,People & Body,Neutral
👩🏿‍🌾,0x1f469 0x1f3ff 0x200d 0x1f33e,1000,100,400,500,WOMAN FARMER: DARK SKIN TONE,People & Body,Neutral
🧑‍🍳,0x1f9d1 0x200d 0x1f373,1000,20,80,900,COOK,People & Body,Approval
🧑🏻‍🍳,0x1f9d1 0x1f3fb 0x200d 0x1f373,1000,20,80,900,COOK: LIGHT SKIN TONE,People & Body,Approval
🧑🏼‍🍳,0x1f9d1 0x1f3fc 0x200d 0x1f373,1000,20,80,900,COOK: MEDIUM-LIGHT SKIN TONE,People & Body,Approval
🧑🏽‍🍳,0x1f9d1 0x1f3fd 0x200d 0x1f373,1000,20,80,900,COOK: MEDIUM SKIN TONE,People & Body,Approval
🧑🏾‍🍳,0x1f9d1 0x1f3fe 0x200d 0x1f373,1000,20,80,900,COOK: MEDIUM-DARK SKIN TONE,People & Body,Approval
🧑🏿‍🍳,0x1f9d1 0x1f3ff 0x200d 0x1f373,1000,20,80,900,COOK: DARK SKIN TONE,People & Body,Approval
👨‍🍳,0x1f468 0x200d 0x1f373,1000,20,80,900,MAN COOK,People & Body,Approval
👨🏻‍🍳,0x1f468 0x1f3fb 0x200d 0x1f373,1000,20,80,900,MAN COOK: LIGHT SKIN TONE,People & Body,Approval
👨🏼‍🍳,0x1f468 0x1f3fc 0x200d 0x1f373,1000,20,80,900,MAN COOK: MEDIUM-LIGHT SKIN TONE,People & Body,Approval
👨🏽‍🍳,0x1f468 0x1f3fd 0x200d 0x1f373,1000,20,80,900,MAN COOK: MEDIUM SKIN TONE,People & Body,Approval
👨🏾‍🍳,0x1f468 0x1f3fe 0x200d 0x1f373,1000,20,80,900,MAN COOK: MEDIUM-DARK SKIN TONE,People & Body,Approval
👨🏿‍🍳,0x1f468 0x1f3ff 0x200d 0x1f373,1000,20,80,900,MAN COOK: DARK SKIN TONE,People & Body,Approval
👩‍🍳,0x1f469 0x200d 0x1f373,1000,20,80,900,WOMAN COOK,People & Body,Approval
👩🏻‍🍳,0x1f469 0x1f3fb 0x200d 0x1f373,1000,20,80,900,WOMAN COOK: LIGHT SKIN TONE,People & Body,Approval
👩🏼‍🍳,0x1f469 0x1f3fc 0x200d 0x1f373,1000,20,80,900,WOMAN COOK: MEDIUM-LIGHT SKIN TONE,People & Body,Approval
👩🏽‍🍳,0x1f469 0x1f3fd 0x200d 0x1f373,1000,20,80,900,WOMAN COOK: MEDIUM SKIN TONE,People & Body,Approval
👩🏾‍🍳,0x1f469 0x1f3fe 0x200d 0x1f373,1000,20,80,900,WOMAN COOK: MEDIUM-DARK SKIN TONE,People & Body,Approval
👩🏿‍🍳,0x1f469 0x1f3ff 0x200d 0x1f373,1000,20,80,900,WOMAN COOK: DARK SKIN TONE,People & Body,Approval
🧑‍🔧,0x1f9d1 0x200d 0x1f527,1000,100,400,500,MECHANIC,People & Body,Neutral
🧑🏻‍🔧,0x1f9d1 0x1f3fb 0x200d 0x1f527,1000,100,400,500,MECHANIC: LIGHT SKIN TONE,People & Body,Neutral
🧑🏼‍🔧,0x1f9d1 0x1f3fc 0x200d 0x1f527,1000,100,400,500,MECHANIC: MEDIUM-LIGHT SKIN TONE,People & Body,Neutral
🧑🏽‍🔧,0x1f9d1 0x1f3fd 0x200d 0x1f527,1000,100,400,500,MECHANIC: MEDIUM SKIN TONE,People & Body,Neutral
🧑🏾‍🔧,0x1f9d1 0x1f3fe 0x200d 0x1f527,1000,100,400,500,MECHANIC: MEDIUM-DARK SKIN TONE,People & Body,Neutral
🧑🏿‍🔧,0x1f9d1 0x1f3ff 0x200d 0x1f527,1000,100,400,500,MECHANIC: DARK SKIN TONE,People & Body,Neutral
👨‍🔧,0x1f468 0x200d 0x1f527,1000,100,400,500,MAN MECHANIC,People & Body,Neutral
👨🏻‍🔧,0x1f468 0x1f3fb 0x200d 0x1f527,1000,100,400,500,MAN MECHANIC: LIGHT SKIN TONE,People & Body,Neutral
👨🏼‍🔧,0x1f468 0x1f3fc 0x200d 0x1f527,1000,100,400,500,MAN MECHANIC: MEDIUM-LIGHT SKIN TONE,People & Body,Neutral
👨🏽‍🔧,0x1f468 0x1f3fd 0x200d 0x1f527,1000,100,400,500,MAN MECHANIC: MEDIUM SKIN TONE,People & Body,Neutral
👨🏾‍🔧,0x1f468 0x1f3fe 0x200d 0x1f527,1000,100,400,500,MAN MECHANIC: MEDIUM-DARK SKIN TONE,People & Body,Neutral
👨🏿‍🔧,0x1f468 0x1f3ff 0x200d 0x1f527,1000,100,400,500,MAN MECHANIC: DARK SKIN TONE,People & Body,Neutral
👩‍🔧,0x1f469 0x200d 0x1f527,1000,100,400,500,WOMAN MECHANIC,People & Body,Neutral
👩🏻‍🔧,0x1f469 0x1f3fb 0x200d 0x1f527,1000,100,400,500,WOMAN MECHANIC: LIGHT SKIN TONE,People & Body,Neutral
👩🏼‍🔧,0x1f469 0x1f3fc 0x200d 0x1f527,1000,100,400,500,WOMAN MECHANIC: MEDIUM-LIGHT SKIN TONE,People & Body,Neutral
👩🏽‍🔧,0x1f469 0x1f3fd 0x200d 0x1f527,1000,100,400,500,WOMAN MECHANIC: MEDIUM SKIN TONE,People & Body,Neutral
👩🏾‍🔧,0x1f469 0x1f3fe 0x200d 0x1f527,1000,100,400,500,WOMAN MECHANIC: MEDIUM-DARK SKIN TONE,People & Body,Neutral
👩🏿‍🔧,0x1f469 0x1f3ff 0x200d 0x1f527,1000,100,400,500,WOMAN MECHANIC: DARK SKIN TONE,People & Body,Neutral
🧑‍🏭,0x1f9d1 0x200d 0x1f3ed,1000,100,400,500,FACTORY WORKER,People & Body,Neutral
🧑🏻‍🏭,0x1f9d1 0x1f3fb 0x200d 0x1f3ed,1000,100,400,500,FACTORY WORKER: LIGHT SKIN TONE,People & Body,Neutral
🧑🏼‍🏭,0x1f9d1 0x1f3fc 0x200d 0x1f3ed,1000,100,400,500,FACTORY WORKER: MEDIUM-LIGHT SKIN TONE,People & Body,Neutral
🧑🏽‍🏭,0x1f9d1 0x1f3fd 0x200d 0x1f3ed,1000,100,400,500,FACTORY WORKER: MEDIUM SKIN TONE,People & Body,Neutral
🧑🏾‍🏭,0x1f9d1 0x1f3fe 0x200d 0x1f3ed,1000,100,400,500,FACTORY WORKER: MEDIUM-DARK SKIN TONE,People & Body,Neutral
🧑🏿‍🏭,0x1f9d1 0x1f3ff 0x200d 0x1f3ed,1000,100,400,500,FACTORY WORKER: DARK SKIN TONE,People & Body,Neutral
👨‍🏭,0x1f468 0x200d 0x1f3ed,1000,100,400,500,MAN FACTORY WORKER,People & Body,Neutral
👨🏻‍🏭,0x1f468 0x1f3fb 0x200d 0x1f3ed,1000,100,400,500,MAN FACTORY WORKER: LIGHT SKIN TONE,People & Body,Neutral
👨🏼‍🏭,0x1f468 0x1f3fc 0x200d 0x1f3ed,1000,100,400,500,MAN FACTORY WORKER: MEDIUM-LIGHT SKIN TONE,People & Body,Neutral
👨🏽‍🏭,0x1f468 0x1f3fd 0x200d 0x1f3ed,1000,100,400,500,MAN FACTORY WORKER: MEDIUM SKIN TONE,People & Body,Neutral
👨🏾‍🏭,0x1f468 0x1f3fe 0x200d 0x1f3ed,1000,100,400,500,MAN FACTORY WORKER: MEDIUM-DARK SKIN TONE,People & Body,Neutral
👨🏿‍🏭,0x1f468 0x1f3ff 0x200d 0x1f3ed,1000,100,400,500,MAN FACTORY WORKER: DARK SKIN TONE,People & Body,Neutral
👩‍🏭,0x1f469 0x200d 0x1f3ed,1000,100,400,500,WOMAN FACTORY WORKER,People & Body,Neutral
👩🏻‍🏭,0x1f469 0x1f3fb 0x200d 0x1f3ed,1000,100,400,500,WOMAN FACTORY WORKER: LIGHT SKIN TONE,People & Body,Neutral
👩🏼‍🏭,0x1f469 0x1f3fc 0x200d 0x1f3ed,1000,100,400,500,WOMAN FACTORY WORKER: MEDIUM-LIGHT SKIN TONE,People & Body,Neutral
👩🏽‍🏭,0x1f469 0x1f3fd 0x200d 0x1f3ed,1000,100,400,500,WOMAN FACTORY WORKER: MEDIUM SKIN TONE,People & Body,Neutral
👩🏾‍🏭,0x1f469 0x1f3fe 0x200d 0x1f3ed,1000,100,400,500,WOMAN FACTORY WORKER: MEDIUM-DARK SKIN TONE,People & Body,Neutral
👩🏿‍🏭,0x1f469 0x1f3ff 0x200d 0x1f3ed,1000,100,400,500,WOMAN FACTORY WORKER: DARK SKIN TONE,People & Body,Neutral
🧑‍💼,0x1f9d1 0x200d 0x1f4bc,1000,100,400,500,OFFICE WORKER,People & Body,Neutral
🧑🏻‍💼,0x1f9d1 0x1f3fb 0x200d 0x1f4bc,1000,100,400,500,OFFICE WORKER: LIGHT SKIN TONE,People & Body,Neutral
🧑🏼‍💼,0x1f9d1 0x1f3fc 0x200d 0x1f4bc,1000,100,400,500,OFFICE WORKER: MEDIUM-LIGHT SKIN TONE,People & Body,Neutral
🧑🏽‍💼,0x1f9d1 0x1f3fd 0x200d 0x1f4bc,1000,100,400,500,OFFICE WORKER: MEDIUM SKIN TONE,People & Body,Neutral
🧑🏾‍💼,0x1f9d1 0x1f3fe 0x200d 0x1f4bc,1000,100,400,500,OFFICE WORKER: MEDIUM-DARK SKIN TONE,People & Body,Neutral
🧑🏿‍💼,0x1f9d1 0x1f3ff 0x200d 0x1f4bc,1000,100,400,500,OFFICE WORKER: DARK SKIN TONE,People & Body,Neutral
👨‍💼,0x1f468 0x200d 0x1f4bc,1000,100,400,500,MAN OFFICE WORKER,People & Body,Neutral
👨🏻‍💼,0x1f468 0x1f3fb 0x200d 0x1f4bc,1000,100,400,500,MAN OFFICE WORKER: LIGHT SKIN TONE,People & Body,Neutral
👨🏼‍💼,0x1f468 0x1f3fc 0x200d 0x1f4bc,1000,100,400,500,MAN OFFICE WORKER: MEDIUM-LIGHT SKIN TONE,People & Body,Neutral
👨🏽‍💼,0x1f468 0x1f3fd 0x200d 0x1f4bc,1000,100,400,500,MAN OFFICE WORKER: MEDIUM SKIN TONE,People & Body,Neutral
👨🏾‍💼,0x1f468 0x1f3fe 0x200d 0x1f4bc,1000,100,400,500,MAN OFFICE WORKER: MEDIUM-DARK SKIN TONE,People & Body,Neutral
👨🏿‍💼,0x1f468 0x1f3ff 0x200d 0x1f4bc,1000,100,400,500,MAN OFFICE WORKER: DARK SKIN TONE,People & Body,Neutral
👩‍💼,0x1f469 0x200d 0x1f4bc,1000,100,400,500,WOMAN OFFICE WORKER,People & Body,Neutral
👩🏻‍💼,0x1f469 0x1f3fb 0x200d 0x1f4bc,1000,100,400,500,WOMAN OFFICE WORKER: LIGHT SKIN TONE,People & Body,Neutral
👩🏼‍💼,0x1f469 0x1f3fc 0x200d 0x1f4bc,1000,100,400,500,WOMAN OFFICE WORKER: MEDIUM-LIGHT SKIN TONE,People & Body,Neutral
👩🏽‍💼,0x1f469 0x1f3fd 0x200d 0x1f4bc,1000,100,400,500,WOMAN OFFICE WORKER: MEDIUM SKIN TONE,People & Body,Neutral
👩🏾‍💼,0x1f469 0x1f3fe 0x200d 0x1f4bc,1000,100,400,500,WOMAN OFFICE WORKER: MEDIUM-DARK SKIN TONE,People & Body,Neutral
👩🏿‍💼,0x1f469 0x1f3ff 0x200d 0x1f4bc,1000,100,400,500,WOMAN OFFICE WORKER: DARK SKIN TONE,People & Body,Neutral
🧑‍🔬,0x1f9d1 0x200d 0x1f52c,1000,100,400,500,SCIENTIST,People & Body,Neutral
🧑🏻‍🔬,0x1f9d1 0x1f3fb 0x200d 0x1f52c,1000,100,400,500,SCIENTIST: LIGHT SKIN TONE,People & Body,Neutral
🧑🏼‍🔬,0x1f9d1 0x1f3fc 0x200d 0x1f52c,1000,100,400,500,SCIENTIST: MEDIUM-LIGHT SKIN TONE,People & Body,Neutral
🧑🏽‍🔬,0x1f9d1 0x1f3fd 0x200d 0x1f52c,1000,100,400,500,SCIENTIST: MEDIUM SKIN TONE,People & Body,Neutral
🧑🏾‍🔬,0x1f9d1 0x1f3fe 0x200d 0x1f52c,1000,100,400,500,SCIENTIST: MEDIUM-DARK SKIN TONE,People & Body,Neutral
🧑🏿‍🔬,0x1f9d1 0x1f3ff 0x200d 0x1f52c,1000,100,400,500,SCIENTIST: DARK SKIN TONE,People & Body,Neutral
👨‍🔬,0x1f468 0x200d 0x1f52c,1000,100,400,500,MAN SCIENTIST,People & Body,Neutral
👨🏻‍🔬,0x1f468 0x1f3fb 0x200d 0x1f52c,1000,100,400,500,MAN SCIENTIST: LIGHT SKIN TONE,People & Body,Neutral
👨🏼‍🔬,0x1f468 0x1f3fc 0x200d 0x1f52c,1000,100,400,500,MAN SCIENTIST: MEDIUM-LIGHT SKIN TONE,People & Body,Neutral
👨🏽‍🔬,0x1f468 0x1f3fd 0x200d 0x1f52c,1000,100,400,500,MAN SCIENTIST: MEDIUM SKIN TONE,People & Body,Neutral
👨🏾‍🔬,0x1f468 0x1f3fe 0x200d 0x1f52c,1000,100,400,500,MAN SCIENTIST: MEDIUM-DARK SKIN TONE,People & Body,Neutral
👨🏿‍🔬,0x1f468 0x1f3ff 0x200d 0x1f52c,1000,100,400,500,MAN SCIENTIST: DARK SKIN TONE,People & Body,Neutral
👩‍🔬,0x1f469 0x200d 0x1f52c,1000,100,400,500,WOMAN SCIENTIST,People & Body,Neutral
👩🏻‍🔬,0x1f469 0x1f3fb 0x200d 0x1f52c,1000,100,400,500,WOMAN SCIENTIST: LIGHT SKIN TONE,People & Body,Neutral
👩🏼‍🔬,0x1f469 0x1f3fc 0x200d 0x1f52c,1000,100,400,500,WOMAN SCIENTIST: MEDIUM-LIGHT SKIN TONE,People & Body,Neutral
👩🏽‍🔬,0x1f469 0x1f3fd 0x200d 0x1f52c,1000,100,400,500,WOMAN SCIENTIST: MEDIUM SKIN TONE,People & Body,Neutral
👩🏾‍🔬,0x1f469 0x1f3fe 0x200d 0x1f52c,1000,100,400,500,WOMAN SCIENTIST: MEDIUM-DARK SKIN TONE,People & Body,Neutral
👩🏿‍🔬,0x1f469 0x1f3ff 0x200d 0x1f52c,1000,100,400,500,WOMAN SCIENTIST: DARK SKIN TONE,People & Body,Neutral
🧑‍💻,0x1f9d1 0x200d 0x1f4bb,1000,100,400,500,TECHNOLOGIST,People & Body,Neutral
🧑🏻‍💻,0x1f9d1 0x1f3fb 0x200d 0x1f4bb,1000,100,400,500,TECHNOLOGIST: LIGHT SKIN TONE,People & Body,Neutral
🧑🏼‍💻,0x1f9d1 0x1f3fc 0x200d 0x1f4bb,1000,100,400,500,TECHNOLOGIST: MEDIUM-LIGHT SKIN TONE,People & Body,Neutral
🧑🏽‍💻,0x1f9d1 0x1f3fd 0x200d 0x1f4bb,1000,100,400,500,TECHNOLOGIST: MEDIUM SKIN TONE,People & Body,Neutral
🧑🏾‍💻,0x1f9d1 0x1f3fe 0x200d 0x1f4bb,1000,100,400,500,TECHNOLOGIST: MEDIUM-DARK SKIN TONE,People & Body,Neutral
🧑🏿‍💻,0x1f9d1 0x1f3ff 0x200d 0x1f4bb,1000,100,400,500,TECHNOLOGIST: DARK SKIN TONE,People & Body,Neutral
👨‍💻,0x1f468 0x200d 0x1f4bb,1000,100,400,500,MAN TECHNOLOGIST,People & Body,Neutral
👨🏻‍💻,0x1f468 0x1f3fb 0x200d 0x1f4bb,1000,100,400,500,MAN TECHNOLOGIST: LIGHT SKIN TONE,People & Body,Neutral
👨🏼‍💻,0x1f468 0x1f3fc 0x200d 0x1f4bb,1000,100,400,500,MAN TECHNOLOGIST: MEDIUM-LIGHT SKIN TONE,People & Body,Neutral
👨🏽‍💻,0x1f468 0x1f3fd 0x200d 0x1f4bb,1000,100,400,500,MAN TECHNOLOGIST: MEDIUM SKIN TONE,People & Body,Neutral
👨🏾‍💻,0x1f468 0x1f3fe 0x200d 0x1f4bb,1000,100,400,500,MAN TECHNOLOGIST: MEDIUM-DARK SKIN TONE,People & Body,Neutral
👨🏿‍💻,0x1f468 0x1f3ff 0x200d 0x1f4bb,1000,100,400,500,MAN TECHNOLOGIST: DARK SKIN TONE,People & Body,Neutral
👩‍💻,0x1f469 0x200d 0x1f4bb,1000,100,400,500,WOMAN TECHNOLOGIST,People & Body,Neutral
👩🏻‍💻,0x1f469 0x1f3fb 0x200d 0x1f4bb,1000,100,400,500,WOMAN TECHNOLOGIST: LIGHT SKIN TONE,People & Body,Neutral
👩🏼‍💻,0x1f469 0x1f3fc 0x200d 0x1f4bb,1000,100,400,500,WOMAN TECHNOLOGIST: MEDIUM-LIGHT SKIN TONE,People & Body,Neutral
👩🏽‍💻,0x1f469 0x1f3fd 0x200d 0x1f4bb,1000,100,400,500,WOMAN TECHNOLOGIST: MEDIUM SKIN TONE,People & Body,Neutral
👩🏾‍💻,0x1f469 0x1f3fe 0x200d 0x1f4bb,1000,100,400,500,WOMAN TECHNOLOGIST: MEDIUM-DARK SKIN TONE,People & Body,Neutral
👩🏿‍💻,0x1f469 0x1f3ff 0x200d 0x1f4bb,1000,100,400,500,WOMAN TECHNOLOGIST: DARK SKIN TONE,People & Body,Neutral
🧑‍🎤,0x1f9d1 0x200d 0x1f3a4,1000,100,400,500,SINGER,People & Body,Neutral
🧑🏻‍🎤,0x1f9d1 0x1f3fb 0x200d 0x1f3a4,1000,100,400,500,SINGER: LIGHT SKIN TONE,People & Body,Neutral
🧑🏼‍🎤,0x1f9d1 0x1f3fc 0x200d 0x1f3a4,1000,100,400,500,SINGER: MEDIUM-LIGHT SKIN TONE,People & Body,Neutral
🧑🏽‍🎤,0x1f9d1 0x1f3fd 0x200d 0x1f3a4,1000,100,400,500,SINGER: MEDIUM SKIN TONE,People & Body,Neutral
🧑🏾‍🎤,0x1f9d1 0x1f3fe 0x200d 0x1f3a4,1000,100,400,500,SINGER: MEDIUM-DARK SKIN TONE,People & Body,Neutral
🧑🏿‍🎤,0x1f9d1 0x1f3ff 0x200d 0x1f3a4,1000,100,400,500,SINGER: DARK SKIN TONE,People & Body,Neutral
👨‍🎤,0x1f468 0x200d 0x1f3a4,1000,100,400,500,MAN SINGER,People & Body,Neutral
👨🏻‍🎤,0x1f468 0x1f3fb 0x200d 0x1f3a4,1000,100,400,500,MAN SINGER: LIGHT SKIN TONE,People & Body,Neutral
👨🏼‍🎤,0x1f468 0x1f3fc 0x200d 0x1f3a4,1000,100,400,500,MAN SINGER: MEDIUM-LIGHT SKIN TONE,People & Body,Neutral
👨🏽‍🎤,0x1f468 0x1f3fd 0x200d 0x1f3a4,1000,100,400,500,MAN SINGER: MEDIUM SKIN TONE,People & Body,Neutral
👨🏾‍🎤,0x1f468 0x1f3fe 0x200d 0x1f3a4,1000,100,400,500,MAN SINGER: MEDIUM-DARK SKIN TONE,People & Body,Neutral
👨🏿‍🎤,0x1f468 0x1f3ff 0x200d 0x1f3a4,1000,100,400,500,MAN SINGER: DARK SKIN TONE,People & Body,Neutral
👩‍🎤,0x1f469 0x200d 0x1f3a4,1000,100,400,500,WOMAN SINGER,People & Body,Neutral
👩🏻‍🎤,0x1f469 0x1f3fb 0x200d 0x1f3a4,1000,100,400,500,WOMAN SINGER: LIGHT SKIN TONE,People & Body,Neutral
👩🏼‍🎤,0x1f469 0x1f3fc 0x200d 0x1f3a4,1000,100,400,500,WOMAN SINGER: MEDIUM-LIGHT SKIN TONE,People & Body,Neutral
👩🏽‍🎤,0x1f469 0x1f3fd 0x200d 0x1f3a4,1000,100,400,500,WOMAN SINGER: MEDIUM SKIN TONE,People & Body,Neutral
👩🏾‍🎤,0x1f469 0x1f3fe 0x200d 0x1f3a4,1000,100,400,500,WOMAN SINGER: MEDIUM-DARK SKIN TONE,People & Body,Neutral
👩🏿‍🎤,0x1f469 0x1f3ff 0x200d 0x1f3a4,1000,100,400,500,WOMAN SINGER: DARK SKIN TONE,People & Body,Neutral
🧑‍🎨,0x1f9d1 0x200d 0x1f3a8,1000,100,400,500,ARTIST,People & Body,Neutral
🧑🏻‍🎨,0x1f9d1 0x1f3fb 0x200d 0x1f3a8,1000,100,400,500,ARTIST: LIGHT SKIN TONE,People & Body,Neutral
🧑🏼‍🎨,0x1f9d1 0x1f3fc 0x200d 0x1f3a8,1000,100,400,500,ARTIST: MEDIUM-LIGHT SKIN TONE,People & Body,Neutral
🧑🏽‍🎨,0x1f9d1 0x1f3fd 0x200d 0x1f3a8,1000,100,400,500,ARTIST: MEDIUM SKIN TONE,People & Body,Neutral
🧑🏾‍🎨,0x1f9d1 0x1f3fe 0x200d 0x1f3a8,1000,100,400,500,ARTIST: MEDIUM-DARK SKIN TONE,People & Body,Neutral
🧑🏿‍🎨,0x1f9d1 0x1f3ff 0x200d 0x1f3a8,1000,100,400,500,ARTIST: DARK SKIN TONE,People & Body,Neutral
👨‍🎨,0x1f468 0x200d 0x1f3a8,1000,100,400,500,MAN ARTIST,People & Body,Neutral
👨🏻‍🎨,0x1f468 0x1f3fb 0x200d 0x1f3a8,1000,100,400,500,MAN ARTIST: LIGHT SKIN TONE,People & Body,Neutral
👨🏼‍🎨,0x1f468 0x1f3fc 0x200d 0x1f3a8,1000,100,400,500,MAN ARTIST: MEDIUM-LIGHT SKIN TONE,People & Body,Neutral
👨🏽‍🎨,0x1f468 0x1f3fd 0x200d 0x1f3a8,1000,100,400,500,MAN ARTIST: MEDIUM SKIN TONE,People & Body,Neutral
👨🏾‍🎨,0x1f468 0x1f3fe 0x200d 0x1f3a8,1000,100,400,500,MAN ARTIST: MEDIUM-DARK SKIN TONE,People & Body,Neutral
👨🏿‍🎨,0x1f468 0x1f3ff 0x200d 0x1f3a8,1000,100,400,500,MAN ARTIST: DARK SKIN TONE,People & Body,Neutral
👩‍🎨,0x1f469 0x200d 0x1f3a8,1000,100,400,500,WOMAN ARTIST,People & Body,Neutral
👩🏻‍🎨,0x1f469 0x1f3fb 0x200d 0x1f3a8,1000,100,400,500,WOMAN ARTIST: LIGHT SKIN TONE,People & Body,Neutral
👩🏼‍🎨,0x1f469 0x1f3fc 0x200d 0x1f3a8,1000,100,400,500,WOMAN ARTIST: MEDIUM-LIGHT SKIN TONE,People & Body,Neutral
👩🏽‍🎨,0x1f469 0x1f3fd 0x200d 0x1f3a8,1000,100,400,500,WOMAN ARTIST: MEDIUM SKIN TONE,People & Body,Neutral
👩🏾‍🎨,0x1f469 0x1f3fe 0x200d 0x1f3a8,1000,100,400,500,WOMAN ARTIST: MEDIUM-DARK SKIN TONE,People & Body,Neutral
👩🏿‍🎨,0x1f469 0x1f3ff 0x200d 0x1f3a8,1000,100,400,500,WOMAN ARTIST: DARK SKIN TONE,People & Body,Neutral
🧑‍✈️,0x1f9d1 0x200d 0x2708 0xfe0f,1000,100,400,500,PILOT,People & Body,Neutral
🧑🏻‍✈️,0x1f9d1 0x1f3fb 0x200d 0x2708 0xfe0f,1000,100,400,500,PILOT: LIGHT SKIN TONE,People & Body,Neutral
🧑🏼‍✈️,0x1f9d1 0x1f3fc 0x200d 0x2708 0xfe0f,1000,100,400,500,PILOT: MEDIUM-LIGHT SKIN TONE,People & Body,Neutral
🧑🏽‍✈️,0x1f9d1 0x1f3fd 0x200d 0x2708 0xfe0f,1000,100,400,500,PILOT: MEDIUM SKIN TONE,People & Body,Neutral
🧑🏾‍✈️,0x1f9d1 0x1f3fe 0x200d 0x2708 0xfe0f,1000,100,400,500,PILOT: MEDIUM-DARK SKIN TONE,People & Body,Neutral
🧑🏿‍✈️,0x1f9d1 0x1f3ff 0x200d 0x2708 0xfe0f,1000,100,400,500,PILOT: DARK SKIN TONE,People & Body,Neutral
👨‍✈️,0x1f468 0x200d 0x2708 0xfe0f,1000,100,400,500,MAN PILOT,People & Body,Neutral
👨🏻‍✈️,0x1f468 0x1f3fb 0x200d 0x2708 0xfe0f,1000,100,400,500,MAN PILOT: LIGHT SKIN TONE,People & Body,Neutral
👨🏼‍✈️,0x1f468 0x1f3fc 0x200d 0x2708 0xfe0f,1000,100,400,500,MAN PILOT: MEDIUM-LIGHT SKIN TONE,People & Body,Neutral
👨🏽‍✈️,0x1f468 0x1f3fd 0x200d 0x2708 0xfe0f,1000,100,400,500,MAN PILOT: MEDIUM SKIN TONE,People & Body,Neutral
👨🏾‍✈️,0x1f468 0x1f3fe 0x200d 0x2708 0xfe0f,1000,100,400,500,MAN PILOT: MEDIUM-DARK SKIN TONE,People & Body,Neutral
👨🏿‍✈️,0x1f468 0x1f3ff 0x200d 0x2708 0xfe0f,1000,100,400,500,MAN PILOT: DARK SKIN TONE,People & Body,Neutral
👩‍✈️,0x1f469 0x200d 0x2708 0xfe0f,1000,100,400,500,WOMAN PILOT,People & Body,Neutral
👩🏻‍✈️,0x1f469 0x1f3fb 0x200d 0x2708 0xfe0f,1000,100,400,500,WOMAN PILOT: LIGHT SKIN TONE,People & Body,Neutral
👩🏼‍✈️,0x1f469 0x1f3fc 0x200d 0x2708 0xfe0f,1000,100,400,500,WOMAN PILOT: MEDIUM-LIGHT SKIN TONE,People & Body,Neutral
👩🏽‍✈️,0x1f469 0x1f3fd 0x200d 0x2708 0xfe0f,1000,100,400,500,WOMAN PILOT: MEDIUM SKIN TONE,People & Body,Neutral
👩🏾‍✈️,0x1f469 0x1f3fe 0x200d 0x2708 0xfe0f,1000,100,400,500,WOMAN PILOT: MEDIUM-DARK SKIN TONE,People & Body,Neutral
👩🏿‍✈️,0x1f469 0x1f3ff 0x200d 0x2708 0xfe0f,1000,100,400,500,WOMAN PILOT: DARK SKIN TONE,People & Body,Neutral
🧑‍🚀,0x1f9d1 0x200d 0x1f680,1000,100,400,500,ASTRONAUT,People & Body,Neutral
🧑🏻‍🚀,0x1f9d1 0x1f3fb 0x200d 0x1f680,1000,100,400,500,ASTRONAUT: LIGHT SKIN TONE,People & Body,Neutral
🧑🏼‍🚀,0x1f9d1 0x1f3fc 0x200d 0x1f680,1000,100,400,500,ASTRONAUT: MEDIUM-LIGHT SKIN TONE,People & Body,Neutral
🧑🏽‍🚀,0x1f9d1 0x1f3fd 0x200d 0x1f680,1000,100,400,500,ASTRONAUT: MEDIUM SKIN TONE,People & Body,Neutral
🧑🏾‍🚀,0x1f9d1 0x1f3fe 0x200d 0x1f680,1000,100,400,500,ASTRONAUT: MEDIUM-DARK SKIN TONE,People & Body,Neutral
🧑🏿‍🚀,0x1f9d1 0x1f3ff 0x200d 0x1f680,1000,100,400,500,ASTRONAUT: DARK SKIN TONE,People & Body,Neutral
👨‍🚀,0x1f468 0x200d 0x1f680,1000,100,400,500,MAN ASTRONAUT,People & Body,Neutral
👨🏻‍🚀,0x1f468 0x1f3fb 0x200d 0x1f680,1000,100,400,500,MAN ASTRONAUT: LIGHT SKIN TONE,People & Body,Neutral
👨🏼‍🚀,0x1f468 0x1f3fc 0x200d 0x1f680,1000,100,400,500,MAN ASTRONAUT: MEDIUM-LIGHT SKIN TONE,People & Body,Neutral
👨🏽‍🚀,0x1f468 0x1f3fd 0x200d 0x1f680,1000,100,400,500,MAN ASTRONAUT: MEDIUM SKIN TONE,People & Body,Neutral
👨🏾‍🚀,0x1f468 0x1f3fe 0x200d 0x1f680,1000,100,400,500,MAN ASTRONAUT: MEDIUM-DARK SKIN TONE,People & Body,Neutral
👨🏿‍🚀,0x1f468 0x1f3ff 0x200d 0x1f680,1000,100,400,500,MAN ASTRONAUT: DARK SKIN TONE,People & Body,Neutral
👩‍🚀,0x1f469 0x200d 0x1f680,1000,100,400,500,WOMAN ASTRONAUT,People & Body,Neutral
👩🏻‍🚀,0x1f469 0x1f3fb 0x200d 0x1f680,1000,100,400,500,WOMAN ASTRONAUT: LIGHT SKIN TONE,People & Body,Neutral
👩🏼‍🚀,0x1f469 0x1f3fc 0x200d 0x1f680,1000,100,400,500,WOMAN ASTRONAUT: MEDIUM-LIGHT SKIN TONE,People & Body,Neutral
👩🏽‍🚀,0x1f469 0x1f3fd 0x200d 0x1f680,1000,100,400,500,WOMAN ASTRONAUT: MEDIUM SKIN TONE,People & Body,Neutral
👩🏾‍🚀,0x1f469 0x1f3fe 0x200d 0x1f680,1000,100,400,500,WOMAN ASTRONAUT: MEDIUM-DARK SKIN TONE,People & Body,Neutral
👩🏿‍🚀,0x1f469 0x1f3ff 0x200d 0x1f680,1000,100,400,500,WOMAN ASTRONAUT: DARK SKIN TONE,People & Body,Neutral
🧑‍🚒,0x1f9d1 0x200d 0x1f692,1000,30,50,920,FIREFIGHTER,People & Body,Excitement
🧑🏻‍🚒,0x1f9d1 0x1f3fb 0x200d 0x1f692,1000,30,50,920,FIREFIGHTER: LIGHT SKIN TONE,People & Body,Excitement
🧑🏼‍🚒,0x1f9d1 0x1f3fc 0x200d 0x1f692,1000,30,50,920,FIREFIGHTER: MEDIUM-LIGHT SKIN TONE,People & Body,Excitement
🧑🏽‍🚒,0x1f9d1 0x1f3fd 0x200d 0x1f692,1000,30,50,920,FIREFIGHTER: MEDIUM SKIN TONE,People & Body,Excitement
🧑🏾‍🚒,0x1f9d1 0x1f3fe 0x200d 0x1f692,1000,30,50,920,FIREFIGHTER: MEDIUM-DARK SKIN TONE,People & Body,Excitement
🧑🏿‍🚒,0x1f9d1 0x1f3ff 0x200d 0x1f692,1000,30,50,920,FIREFIGHTER: DARK SKIN TONE,People & Body,Excitement
👨‍🚒,0x1f468 0x200d 0x1f692,1000,30,50,920,MAN FIREFIGHTER,People & Body,Excitement
👨🏻‍🚒,0x1f468 0x1f3fb 0x200d 0x1f692,1000,30,50,920,MAN FIREFIGHTER: LIGHT SKIN TONE,People & Body,Excitement
👨🏼‍🚒,0x1f468 0x1f3fc 0x200d 0x1f692,1000,30,50,920,MAN FIREFIGHTER: MEDIUM-LIGHT SKIN TONE,People & Body,Excitement
👨🏽‍🚒,0x1f468 0x1f3fd 0x200d 0x1f692,1000,30,50,920,MAN FIREFIGHTER: MEDIUM SKIN TONE,People & Body,Excitement
👨🏾‍🚒,0x1f468 0x1f3fe 0x200d 0x1f692,1000,30,50,920,MAN FIREFIGHTER: MEDIUM-DARK SKIN TONE,People & Body,Excitement
👨🏿‍🚒,0x1f468 0x1f3ff 0x200d 0x1f692,1000,30,50,920,MAN FIREFIGHTER: DARK SKIN TONE,People & Body,Excitement
👩‍🚒,0x1f469 0x200d 0x1f692,1000,30,50,920,WOMAN FIREFIGHTER,People & Body,Excitement
👩🏻‍🚒,0x1f469 0x1f3fb 0x200d 0x1f692,1000,30,50,920,WOMAN FIREFIGHTER: LIGHT SKIN TONE,People & Body,Excitement
👩🏼‍🚒,0x1f469 0x1f3fc 0x200d 0x1f692,1000,30,50,920,WOMAN FIREFIGHTER: MEDIUM-LIGHT SKIN TONE,People & Body,Excitement
👩🏽‍🚒,0x1f469 0x1f3fd 0x200d 0x1f692,1000,30,50,920,WOMAN FIREFIGHTER: MEDIUM SKIN TONE,People & Body,Excitement
👩🏾‍🚒,0x1f469 0x1f3fe 0x200d 0x1f692,1000,30,50,920,WOMAN FIREFIGHTER: MEDIUM-DARK SKIN TONE,People & Body,Excitement
👩🏿‍🚒,0x1f469 0x1f3ff 0x200d 0x1f692,1000,30,50,920,WOMAN FIREFIGHTER: DARK SKIN TONE,People & Body,Excitement
👮,0x1f46e,1000,100,400,500,POLICE OFFICER,People & Body,Neutral
👮🏻,0x1f46e 0x1f3fb,1000,100,400,500,POLICE OFFICER: LIGHT SKIN TONE,People & Body,Neutral
👮🏼,0x1f46e 0x1f3fc,1000,100,400,500,POLICE OFFICER: MEDIUM-LIGHT SKIN TONE,People & Body,Neutral
👮🏽,0x1f46e 0x1f3fd,1000,100,400,500,POLICE OFFICER: MEDIUM SKIN TONE,People & Body,Neutral
👮🏾,0x1f46e 0x1f3fe,1000,100,400,500,POLICE OFFICER: MEDIUM-DARK SKIN TONE,People & Body,Neutral
👮🏿,0x1f46e 0x1f3ff,1000,100,400,500,POLICE OFFICER: DARK SKIN TONE,People & Body,Neutral
👮‍♂️,0x1f46e 0x200d 0x2642 0xfe0f,1000,100,400,500,MAN POLICE OFFICER,People & Body,Neutral
👮🏻‍♂️,0x1f46e 0x1f3fb 0x200d 0x2642 0xfe0f,1000,100,400,500,MAN POLICE OFFICER: LIGHT SKIN TONE,People & Body,Neutral
👮🏼‍♂️,0x1f46e 0x1f3fc 0x200d 0x2642 0xfe0f,1000,100,400,500,MAN POLICE OFFICER: MEDIUM-LIGHT SKIN TONE,People & Body,Neutral
👮🏽‍♂️,0x1f46e 0x1f3fd 0x200d 0x2642 0xfe0f,1000,100,400,500,MAN POLICE OFFICER: MEDIUM SKIN TONE,People & Body,Neutral
👮🏾‍♂️,0x1f46e 0x1f3fe 0x200d 0x2642 0xfe0f,1000,100,400,500,MAN POLICE OFFICER: MEDIUM-DARK SKIN TONE,People & Body,Neutral
👮🏿‍♂️,0x1f46e 0x1f3ff 0x200d 0x2642 0xfe0f,1000,100,400,500,MAN POLICE OFFICER: DARK SKIN TONE,People & Body,Neutral
👮‍♀️,0x1f46e 0x200d 0x2640 0xfe0f,1000,100,400,500,WOMAN POLICE OFFICER,People & Body,Neutral
👮🏻‍♀️,0x1f46e 0x1f3fb 0x200d 0x2640 0xfe0f,1000,100,400,500,WOMAN POLICE OFFICER: LIGHT SKIN TONE,People & Body,Neutral
👮🏼‍♀️,0x1f46e 0x1f3fc 0x200d 0x2640 0xfe0f,1000,100,400,500,WOMAN POLICE OFFICER: MEDIUM-LIGHT SKIN TONE,People & Body,Neutral
👮🏽‍♀️,0x1f46e 0x1f3fd 0x200d 0x2640 0xfe0f,1000,100,400,500,WOMAN POLICE OFFICER: MEDIUM SKIN TONE,People & Body,Neutral
👮🏾‍♀️,0x1f46e 0x1f3fe 0x200d 0x2640 0xfe0f,1000,100,400,500,WOMAN POLICE OFFICER: MEDIUM-DARK SKIN TONE,People & Body,Neutral
👮🏿‍♀️,0x1f46e 0x1f3ff 0x200d 0x2640 0xfe0f,1000,100,400,500,WOMAN POLICE OFFICER: DARK SKIN TONE,People & Body,Neutral
🕵️,0x1f575 0xfe0f,1000,100,400,500,DETECTIVE,People & Body,Neutral
🕵🏻,0x1f575 0x1f3fb,1000,100,400,500,DETECTIVE: LIGHT SKIN TONE,People & Body,Neutral
🕵🏼,0x1f575 0x1f3fc,1000,100,400,500,DETECTIVE: MEDIUM-LIGHT SKIN TONE,People & Body,Neutral
🕵🏽,0x1f575 0x1f3fd,1000,100,400,500,DETECTIVE: MEDIUM SKIN TONE,People & Body,Neutral
🕵🏾,0x1f575 0x1f3fe,1000,100,400,500,DETECTIVE: MEDIUM-DARK SKIN TONE,People & Body,Neutral
🕵🏿,0x1f575 0x1f3ff,1000,100,400,500,DETECTIVE: DARK SKIN TONE,People & Body,Neutral
🕵️‍♂️,0x1f575 0xfe0f 0x200d 0x2642 0xfe0f,1000,100,400,500,MAN DETECTIVE,People & Body,Neutral
🕵🏻‍♂️,0x1f575 0x1f3fb 0x200d 0x2642 0xfe0f,1000,100,400,500,MAN DETECTIVE: LIGHT SKIN TONE,People & Body,Neutral
🕵🏼‍♂️,0x1f575 0x1f3fc 0x200d 0x2642 0xfe0f,1000,100,400,500,MAN DETECTIVE: MEDIUM-LIGHT SKIN TONE,People & Body,Neutral
🕵🏽‍♂️,0x1f575 0x1f3fd 0x200d 0x2642 0xfe0f,1000,100,400,500,MAN DETECTIVE: MEDIUM SKIN TONE,People & Body,Neutral
🕵🏾‍♂️,0x1f575 0x1f3fe 0x200d 0x2642 0xfe0f,1000,100,400,500,MAN DETECTIVE: MEDIUM-DARK SKIN TONE,People & Body,Neutral
🕵🏿‍♂️,0x1f575 0x1f3ff 0x200d 0x2642 0xfe0f,1000,100,400,500,MAN DETECTIVE: DARK SKIN TONE,People & Body,Neutral
🕵️‍♀️,0x1f575 0xfe0f 0x200d 0x2640 0xfe0f,1000,100,400,500,WOMAN DETECTIVE,People & Body,Neutral
🕵🏻‍♀️,0x1f575 0x1f3fb 0x200d 0x2640 0xfe0f,1000,100,400,500,WOMAN DETECTIVE: LIGHT SKIN TONE,People & Body,Neutral
🕵🏼‍♀️,0x1f575 0x1f3fc 0x200d 0x2640 0xfe0f,1000,100,400,500,WOMAN DETECTIVE: MEDIUM-LIGHT SKIN TONE,People & Body,Neutral
🕵🏽‍♀️,0x1f575 0x1f3fd 0x200d 0x2640 0xfe0f,1000,100,400,500,WOMAN DETECTIVE: MEDIUM SKIN TONE,People & Body,Neutral
🕵🏾‍♀️,0x1f575 0x1f3fe 0x200d 0x2640 0xfe0f,1000,100,400,500,WOMAN DETECTIVE: MEDIUM-DARK SKIN TONE,People & Body,Neutral
🕵🏿‍♀️,0x1f575 0x1f3ff 0x200d 0x2640 0xfe0f,1000,100,400,500,WOMAN DETECTIVE: DARK SKIN TONE,People & Body,Neutral
💂,0x1f482,1000,100,400,500,GUARD,People & Body,Neutral
💂🏻,0x1f482 0x1f3fb,1000,100,400,500,GUARD: LIGHT SKIN TONE,People & Body,Neutral
💂🏼,0x1f482 0x1f3fc,1000,100,400,500,GUARD: MEDIUM-LIGHT SKIN TONE,People & Body,Neutral
💂🏽,0x1f482 0x1f3fd,1000,100,400,500,GUARD: MEDIUM SKIN TONE,People & Body,Neutral
💂🏾,0x1f482 0x1f3fe,1000,100,400,500,GUARD: MEDIUM-DARK SKIN TONE,People & Body,Neutral
💂🏿,0x1f482 0x1f3ff,1000,100,400,500,GUARD: DARK SKIN TONE,People & Body,Neutral
💂‍♂️,0x1f482 0x200d 0x2642 0xfe0f,1000,100,400,500,MAN GUARD,People & Body,Neutral
💂🏻‍♂️,0x1f482 0x1f3fb 0x200d 0x2642 0xfe0f,1000,100,400,500,MAN GUARD: LIGHT SKIN TONE,People & Body,Neutral
💂🏼‍♂️,0x1f482 0x1f3fc 0x200d 0x2642 0xfe0f,1000,100,400,500,MAN GUARD: MEDIUM-LIGHT SKIN TONE,People & Body,Neutral
💂🏽‍♂️,0x1f482 0x1f3fd 0x200d 0x2642 0xfe0f,1000,100,400,500,MAN GUARD: MEDIUM SKIN TONE,People & Body,Neutral
💂🏾‍♂️,0x1f482 0x1f3fe 0x200d 0x2642 0xfe0f,1000,100,400,500,MAN GUARD: MEDIUM-DARK SKIN TONE,People & Body,Neutral
💂🏿‍♂️,0x1f482 0x1f3ff 0x200d 0x2642 0xfe0f,1000,100,400,500,MAN GUARD: DARK SKIN TONE,People & Body,Neutral
💂‍♀️,0x1f482 0x200d 0x2640 0xfe0f,1000,100,400,500,WOMAN GUARD,People & Body,Neutral
💂🏻‍♀️,0x1f482 0x1f3fb 0x200d 0x2640 0xfe0f,1000,100,400,500,WOMAN GUARD: LIGHT SKIN TONE,People & Body,Neutral
💂🏼‍♀️,0x1f482 0x1f3fc 0x200d 0x2640 0xfe0f,1000,100,400,500,WOMAN GUARD: MEDIUM-LIGHT SKIN TONE,People & Body,Neutral
💂🏽‍♀️,0x1f482 0x1f3fd 0x200d 0x2640 0xfe0f,1000,100,400,500,WOMAN GUARD: MEDIUM SKIN TONE,People & Body,Neutral
💂🏾‍♀️,0x1f482 0x1f3fe 0x200d 0x2640 0xfe0f,1000,100,400,500,WOMAN GUARD: MEDIUM-DARK SKIN TONE,People & Body,Neutral
💂🏿‍♀️,0x1f482 0x1f3ff 0x200d 0x2640 0xfe0f,1000,100,400,500,WOMAN GUARD: DARK SKIN TONE,People & Body,Neutral
🥷,0x1f977,1000,100,400,500,NINJA,People & Body,Neutral
🥷🏻,0x1f977 0x1f3fb,1000,100,400,500,NINJA: LIGHT SKIN TONE,People & Body,Neutral
🥷🏼,0x1f977 0x1f3fc,1000,100,400,500,NINJA: MEDIUM-LIGHT SKIN TONE,People & Body,Neutral
🥷🏽,0x1f977 0x1f3fd,1000,100,400,500,NINJA: MEDIUM SKIN TONE,People & Body,Neutral
🥷🏾,0x1f977 0x1f3fe,1000,100,400,500,NINJA: MEDIUM-DARK SKIN TONE,People & Body,Neutral
🥷🏿,0x1f977 0x1f3ff,1000,100,400,500,NINJA: DARK SKIN TONE,People & Body,Neutral
👷,0x1f477,1000,100,400,500,CONSTRUCTION WORKER,People & Body,Neutral
👷🏻,0x1f477 0x1f3fb,1000,100,400,500,CONSTRUCTION WORKER: LIGHT SKIN TONE,People & Body,Neutral
👷🏼,0x1f477 0x1f3fc,1000,100,400,500,CONSTRUCTION WORKER: MEDIUM-LIGHT SKIN TONE,People & Body,Neutral
👷🏽,0x1f477 0x1f3fd,1000,100,400,500,CONSTRUCTION WORKER: MEDIUM SKIN TONE,People & Body,Neutral
👷🏾,0x1f477 0x1f3fe,1000,100,400,500,CONSTRUCTION WORKER: MEDIUM-DARK SKIN TONE,People & Body,Neutral
👷🏿,0x1f477 0x1f3ff,1000,100,400,500,CONSTRUCTION WORKER: DARK SKIN TONE,People & Body,Neutral
👷‍♂️,0x1f477 0x200d 0x2642 0xfe0f,1000,100,400,500,MAN CONSTRUCTION WORKER,People & Body,Neutral
👷🏻‍♂️,0x1f477 0x1f3fb 0x200d 0x2642 0xfe0f,1000,100,400,500,MAN CONSTRUCTION WORKER: LIGHT SKIN TONE,People & Body,Neutral
👷🏼‍♂️,0x1f477 0x1f3fc 0x200d 0x2642 0xfe0f,1000,100,400,500,MAN CONSTRUCTION WORKER: MEDIUM-LIGHT SKIN TONE,People & Body,Neutral
👷🏽‍♂️,0x1f477 0x1f3fd 0x200d 0x2642 0xfe0f,1000,100,400,500,MAN CONSTRUCTION WORKER: MEDIUM SKIN TONE,People & Body,Neutral
👷🏾‍♂️,0x1f477 0x1f3fe 0x200d 0x2642 0xfe0f,1000,100,400,500,MAN CONSTRUCTION WORKER: MEDIUM-DARK SKIN TONE,People & Body,Neutral
👷🏿‍♂️,0x1f477 0x1f3ff 0x200d 0x2642 0xfe0f,1000,100,400,500,MAN CONSTRUCTION WORKER: DARK SKIN TONE,People & Body,Neutral
👷‍♀️,0x1f477 0x200d 0x2640 0xfe0f,1000,100,400,500,WOMAN CONSTRUCTION WORKER,People & Body,Neutral
👷🏻‍♀️,0x1f477 0x1f3fb 0x200d 0x2640 0xfe0f,1000,100,400,500,WOMAN CONSTRUCTION WORKER: LIGHT SKIN TONE,People & Body,Neutral
👷🏼‍♀️,0x1f477 0x1f3fc 0x200d 0x2640 0xfe0f,1000,100,400,500,WOMAN CONSTRUCTION WORKER: MEDIUM-LIGHT SKIN TONE,People & Body,Neutral
👷🏽‍♀️,0x1f477 0x1f3fd 0x200d 0x2640 0xfe0f,1000,100,400,500,WOMAN CONSTRUCTION WORKER: MEDIUM SKIN TONE,People & Body,Neutral
👷🏾‍♀️,0x1f477 0x1f3fe 0x200d 0x2640 0xfe0f,1000,100,400,500,WOMAN CONSTRUCTION WORKER: MEDIUM-DARK SKIN TONE,People & Body,Neutral
👷🏿‍♀️,0x1f477 0x1f3ff 0x200d 0x2640 0xfe0f,1000,100,400,500,WOMAN CONSTRUCTION WORKER: DARK SKIN TONE,People & Body,Neutral
🫅,0x1fac5,1000,10,40,950,PERSON WITH CROWN,People & Body,Admiration
🫅🏻,0x1fac5 0x1f3fb,1000,10,40,950,PERSON WITH CROWN: LIGHT SKIN TONE,People & Body,Admiration
🫅🏼,0x1fac5 0x1f3fc,1000,10,40,950,PERSON WITH CROWN: MEDIUM-LIGHT SKIN TONE,People & Body,Admiration
🫅🏽,0x1fac5 0x1f3fd,1000,10,40,950,PERSON WITH CROWN: MEDIUM SKIN TONE,People & Body,Admiration
🫅🏾,0x1fac5 0x1f3fe,1000,10,40,950,PERSON WITH CROWN: MEDIUM-DARK SKIN TONE,People & Body,Admiration
🫅🏿,0x1fac5 0x1f3ff,1000,10,40,950,PERSON WITH CROWN: DARK SKIN TONE,People & Body,Admiration
🤴,0x1f934,1000,100,400,500,PRINCE,People & Body,Neutral
🤴🏻,0x1f934 0x1f3fb,1000,100,400,500,PRINCE: LIGHT SKIN TONE,People & Body,Neutral
🤴🏼,0x1f934 0x1f3fc,1000,100,400,500,PRINCE: MEDIUM-LIGHT SKIN TONE,People & Body,Neutral
🤴🏽,0x1f934 0x1f3fd,1000,100,400,500,PRINCE: MEDIUM SKIN TONE,People & Body,Neutral
🤴🏾,0x1f934 0x1f3fe,1000,100,400,500,PRINCE: MEDIUM-DARK SKIN TONE,People & Body,Neutral
🤴🏿,0x1f934 0x1f3ff,1000,100,400,500,PRINCE: DARK SKIN TONE,People & Body,Neutral
👸,0x1f478,1000,100,400,500,PRINCESS,People & Body,Neutral
👸🏻,0x1f478 0x1f3fb,1000,100,400,500,PRINCESS: LIGHT SKIN TONE,People & Body,Neutral
👸🏼,0x1f478 0x1f3fc,1000,100,400,500,PRINCESS: MEDIUM-LIGHT SKIN TONE,People & Body,Neutral
👸🏽,0x1f478 0x1f3fd,1000,100,400,500,PRINCESS: MEDIUM SKIN TONE,People & Body,Neutral
👸🏾,0x1f478 0x1f3fe,1000,100,400,500,PRINCESS: MEDIUM-DARK SKIN TONE,People & Body,Neutral
👸🏿,0x1f478 0x1f3ff,1000,100,400,500,PRINCESS: DARK SKIN TONE,People & Body,Neutral
👳,0x1f473,1000,100,400,500,PERSON WEARING TURBAN,People & Body,Neutral
👳🏻,0x1f473 0x1f3fb,1000,100,400,500,PERSON WEARING TURBAN: LIGHT SKIN TONE,People & Body,Neutral
👳🏼,0x1f473 0x1f3fc,1000,100,400,500,PERSON WEARING TURBAN: MEDIUM-LIGHT SKIN TONE,People & Body,Neutral
👳🏽,0x1f473 0x1f3fd,1000,100,400,500,PERSON WEARING TURBAN: MEDIUM SKIN TONE,People & Body,Neutral
👳🏾,0x1f473 0x1f3fe,1000,100,400,500,PERSON WEARING TURBAN: MEDIUM-DARK SKIN TONE,People & Body,Neutral
👳🏿,0x1f473 0x1f3ff,1000,100,400,500,PERSON WEARING TURBAN: DARK SKIN TONE,People & Body,Neutral
👳‍♂️,0x1f473 0x200d 0x2642 0xfe0f,1000,100,400,500,MAN WEARING TURBAN,People & Body,Neutral
👳🏻‍♂️,0x1f473 0x1f3fb 0x200d 0x2642 0xfe0f,1000,100,400,500,MAN WEARING TURBAN: LIGHT SKIN TONE,People & Body,Neutral
👳🏼‍♂️,0x1f473 0x1f3fc 0x200d 0x2642 0xfe0f,1000,100,400,500,MAN WEARING TURBAN: MEDIUM-LIGHT SKIN TONE,People & Body,Neutral
👳🏽‍♂️,0x1f473 0x1f3fd 0x200d 0x2642 0xfe0f,1000,100,400,500,MAN WEARING TURBAN: MEDIUM SKIN TONE,People & Body,Neutral
👳🏾‍♂️,0x1f473 0x1f3fe 0x200d 0x2642 0xfe0f,1000,100,400,500,MAN WEARING TURBAN: MEDIUM-DARK SKIN TONE,People & Body,Neutral
👳🏿‍♂️,0x1f473 0x1f3ff 0x200d 0x2642 0xfe0f,1000,100,400,500,MAN WEARING TURBAN: DARK SKIN TONE,People & Body,Neutral
👳‍♀️,0x1f473 0x200d 0x2640 0xfe0f,1000,100,400,500,WOMAN WEARING TURBAN,People & Body,Neutral
👳🏻‍♀️,0x1f473 0x1f3fb 0x200d 0x2640 0xfe0f,1000,100,400,500,WOMAN WEARING TURBAN: LIGHT SKIN TONE,People & Body,Neutral
👳🏼‍♀️,0x1f473 0x1f3fc 0x200d 0x2640 0xfe0f,1000,100,400,500,WOMAN WEARING TURBAN: MEDIUM-LIGHT SKIN TONE,People & Body,Neutral
👳🏽‍♀️,0x1f473 0x1f3fd 0x200d 0x2640 0xfe0f,1000,100,400,500,WOMAN WEARING TURBAN: MEDIUM SKIN TONE,People & Body,Neutral
👳🏾‍♀️,0x1f473 0x1f3fe 0x200d 0x2640 0xfe0f,1000,100,400,500,WOMAN WEARING TURBAN: MEDIUM-DARK SKIN TONE,People & Body,Neutral
👳🏿‍♀️,0x1f473 0x1f3ff 0x200d 0x2640 0xfe0f,1000,100,400,500,WOMAN WEARING TURBAN: DARK SKIN TONE,People & Body,Neutral
👲,0x1f472,1000,700,200,100,PERSON WITH SKULLCAP,People & Body,Fear
👲🏻,0x1f472 0x1f3fb,1000,700,200,100,PERSON WITH SKULLCAP: LIGHT SKIN TONE,People & Body,Fear
👲🏼,0x1f472 0x1f3fc,1000,700,200,100,PERSON WITH SKULLCAP: MEDIUM-LIGHT SKIN TONE,People & Body,Fear
👲🏽,0x1f472 0x1f3fd,1000,700,200,100,PERSON WITH SKULLCAP: MEDIUM SKIN TONE,People & Body,Fear
👲🏾,0x1f472 0x1f3fe,1000,700,200,100,PERSON WITH SKULLCAP: MEDIUM-DARK SKIN TONE,People & Body,Fear
👲🏿,0x1f472 0x1f3ff,1000,700,200,100,PERSON WITH SKULLCAP: DARK SKIN TONE,People & Body,Fear
🧕,0x1f9d5,1000,100,400,500,WOMAN WITH HEADSCARF,People & Body,Neutral
🧕🏻,0x1f9d5 0x1f3fb,1000,100,400,500,WOMAN WITH HEADSCARF: LIGHT SKIN TONE,People & Body,Neutral
🧕🏼,0x1f9d5 0x1f3fc,1000,100,400,500,WOMAN WITH HEADSCARF: MEDIUM-LIGHT SKIN TONE,People & Body,Neutral
🧕🏽,0x1f9d5 0x1f3fd,1000,100,400,500,WOMAN WITH HEADSCARF: MEDIUM SKIN TONE,People & Body,Neutral
🧕🏾,0x1f9d5 0x1f3fe,1000,100,400,500,WOMAN WITH HEADSCARF: MEDIUM-DARK SKIN TONE,People & Body,Neutral
🧕🏿,0x1f9d5 0x1f3ff,1000,100,400,500,WOMAN WITH HEADSCARF: DARK SKIN TONE,People & Body,Neutral
🤵,0x1f935,1000,100,400,500,PERSON IN TUXEDO,People & Body,Neutral
🤵🏻,0x1f935 0x1f3fb,1000,100,400,500,PERSON IN TUXEDO: LIGHT SKIN TONE,People & Body,Neutral
🤵🏼,0x1f935 0x1f3fc,1000,100,400,500,PERSON IN TUXEDO: MEDIUM-LIGHT SKIN TONE,People & Body,Neutral
🤵🏽,0x1f935 0x1f3fd,1000,100,400,500,PERSON IN TUXEDO: MEDIUM SKIN TONE,People & Body,Neutral
🤵🏾,0x1f935 0x1f3fe,1000,100,400,500,PERSON IN TUXEDO: MEDIUM-DARK SKIN TONE,People & Body,Neutral
🤵🏿,0x1f935 0x1f3ff,1000,100,400,500,PERSON IN TUXEDO: DARK SKIN TONE,People & Body,Neutral
🤵‍♂️,0x1f935 0x200d 0x2642 0xfe0f,1000,100,400,500,MAN IN TUXEDO,People & Body,Neutral
🤵🏻‍♂️,0x1f935 0x1f3fb 0x200d 0x2642 0xfe0f,1000,100,400,500,MAN IN TUXEDO: LIGHT SKIN TONE,People & Body,Neutral
🤵🏼‍♂️,0x1f935 0x1f3fc 0x200d 0x2642 0xfe0f,1000,100,400,500,MAN IN TUXEDO: MEDIUM-LIGHT SKIN TONE,People & Body,Neutral
🤵🏽‍♂️,0x1f935 0x1f3fd 0x200d 0x2642 0xfe0f,1000,100,400,500,MAN IN TUXEDO: MEDIUM SKIN TONE,People & Body,Neutral
🤵🏾‍♂️,0x1f935 0x1f3fe 0x200d 0x2642 0xfe0f,1000,100,400,500,MAN IN TUXEDO: MEDIUM-DARK SKIN TONE,People & Body,Neutral
🤵🏿‍♂️,0x1f935 0x1f3ff 0x200d 0x2642 0xfe0f,1000,100,400,500,MAN IN TUXEDO: DARK SKIN TONE,People & Body,Neutral
🤵‍♀️,0x1f935 0x200d 0x2640 0xfe0f,1000,100,400,500,WOMAN IN TUXEDO,People & Body,Neutral
🤵🏻‍♀️,0x1f935 0x1f3fb 0x200d 0x2640 0xfe0f,1000,100,400,500,WOMAN IN TUXEDO: LIGHT SKIN TONE,People & Body,Neutral
🤵🏼‍♀️,0x1f935 0x1f3fc 0x200d 0x2640 0xfe0f,1000,100,400,500,WOMAN IN TUXEDO: MEDIUM-LIGHT SKIN TONE,People & Body,Neutral
🤵🏽‍♀️,0x1f935 0x1f3fd 0x200d 0x2640 0xfe0f,1000,100,400,500,WOMAN IN TUXEDO: MEDIUM SKIN TONE,People & Body,Neutral
🤵🏾‍♀️,0x1f935 0x1f3fe 0x200d 0x2640 0xfe0f,1000,100,400,500,WOMAN IN TUXEDO: MEDIUM-DARK SKIN TONE,People & Body,Neutral
🤵🏿‍♀️,0x1f935 0x1f3ff 0x200d 0x2640 0xfe0f,1000,100,400,500,WOMAN IN TUXEDO: DARK SKIN TONE,People & Body,Neutral
👰,0x1f470,1000,100,400,500,PERSON WITH VEIL,People & Body,Neutral
👰🏻,0x1f470 0x1f3fb,1000,100,400,500,PERSON WITH VEIL: LIGHT SKIN TONE,People & Body,Neutral
👰🏼,0x1f470 0x1f3fc,1000,100,400,500,PERSON WITH VEIL: MEDIUM-LIGHT SKIN TONE,People & Body,Neutral
👰🏽,0x1f470 0x1f3fd,1000,100,400,500,PERSON WITH VEIL: MEDIUM SKIN TONE,People & Body,Neutral
👰🏾,0x1f470 0x1f3fe,1000,100,400,500,PERSON WITH VEIL: MEDIUM-DARK SKIN TONE,People & Body,Neutral
👰🏿,0x1f470 0x1f3ff,1000,100,400,500,PERSON WITH VEIL: DARK SKIN TONE,People & Body,Neutral
👰‍♂️,0x1f470 0x200d 0x2642 0xfe0f,1000,100,400,500,MAN WITH VEIL,People & Body,Neutral
👰🏻‍♂️,0x1f470 0x1f3fb 0x200d 0x2642 0xfe0f,1000,100,400,500,MAN WITH VEIL: LIGHT SKIN TONE,People & Body,Neutral
👰🏼‍♂️,0x1f470 0x1f3fc 0x200d 0x2642 0xfe0f,1000,100,400,500,MAN WITH VEIL: MEDIUM-LIGHT SKIN TONE,People & Body,Neutral
👰🏽‍♂️,0x1f470 0x1f3fd 0x200d 0x2642 0xfe0f,1000,100,400,500,MAN WITH VEIL: MEDIUM SKIN TONE,People & Body,Neutral
👰🏾‍♂️,0x1f470 0x1f3fe 0x200d 0x2642 0xfe0f,1000,100,400,500,MAN WITH VEIL: MEDIUM-DARK SKIN TONE,People & Body,Neutral
👰🏿‍♂️,0x1f470 0x1f3ff 0x200d 0x2642 0xfe0f,1000,100,400,500,MAN WITH VEIL: DARK SKIN TONE,People & Body,Neutral
👰‍♀️,0x1f470 0x200d 0x2640 0xfe0f,1000,100,400,500,WOMAN WITH VEIL,People & Body,Neutral
👰🏻‍♀️,0x1f470 0x1f3fb 0x200d 0x2640 0xfe0f,1000,100,400,500,WOMAN WITH VEIL: LIGHT SKIN TONE,People & Body,Neutral
👰🏼‍♀️,0x1f470 0x1f3fc 0x200d 0x2640 0xfe0f,1000,100,400,500,WOMAN WITH VEIL: MEDIUM-LIGHT SKIN TONE,People & Body,Neutral
👰🏽‍♀️,0x1f470 0x1f3fd 0x200d 0x2640 0xfe0f,1000,100,400,500,WOMAN WITH VEIL: MEDIUM SKIN TONE,People & Body,Neutral
👰🏾‍♀️,0x1f470 0x1f3fe 0x200d 0x2640 0xfe0f,1000,100,400,500,WOMAN WITH VEIL: MEDIUM-DARK SKIN TONE,People & Body,Neutral
👰🏿‍♀️,0x1f470 0x1f3ff 0x200d 0x2640 0xfe0f,1000,100,400,500,WOMAN WITH VEIL: DARK SKIN TONE,People & Body,Neutral
🤰,0x1f930,1000,100,400,500,PREGNANT WOMAN,People & Body,Neutral
🤰🏻,0x1f930 0x1f3fb,1000,100,400,500,PREGNANT WOMAN: LIGHT SKIN TONE,People & Body,Neutral
🤰🏼,0x1f930 0x1f3fc,1000,100,400,500,PREGNANT WOMAN: MEDIUM-LIGHT SKIN TONE,People & Body,Neutral
🤰🏽,0x1f930 0x1f3fd,1000,100,400,500,PREGNANT WOMAN: MEDIUM SKIN TONE,People & Body,Neutral
🤰🏾,0x1f930 0x1f3fe,1000,100,400,500,PREGNANT WOMAN: MEDIUM-DARK SKIN TONE,People & Body,Neutral
🤰🏿,0x1f930 0x1f3ff,1000,100,400,500,PREGNANT WOMAN: DARK SKIN TONE,People & Body,Neutral
🫃,0x1fac3,1000,100,400,500,PREGNANT MAN,People & Body,Neutral
🫃🏻,0x1fac3 0x1f3fb,1000,100,400,500,PREGNANT MAN: LIGHT SKIN TONE,People & Body,Neutral
🫃🏼,0x1fac3 0x1f3fc,1000,100,400,500,PREGNANT MAN: MEDIUM-LIGHT SKIN TONE,People & Body,Neutral
🫃🏽,0x1fac3 0x1f3fd,1000,100,400,500,PREGNANT MAN: MEDIUM SKIN TONE,People & Body,Neutral
🫃🏾,0x1fac3 0x1f3fe,1000,100,400,500,PREGNANT MAN: MEDIUM-DARK SKIN TONE,People & Body,Neutral
🫃🏿,0x1fac3 0x1f3ff,1000,100,400,500,PREGNANT MAN: DARK SKIN TONE,People & Body,Neutral
🫄,0x1fac4,1000,100,400,500,PREGNANT PERSON,People & Body,Neutral
🫄🏻,0x1fac4 0x1f3fb,1000,100,400,500,PREGNANT PERSON: LIGHT SKIN TONE,People & Body,Neutral
🫄🏼,0x1fac4 0x1f3fc,1000,100,400,500,PREGNANT PERSON: MEDIUM-LIGHT SKIN TONE,People & Body,Neutral
🫄🏽,0x1fac4 0x1f3fd,1000,100,400,500,PREGNANT PERSON: MEDIUM SKIN TONE,People & Body,Neutral
🫄🏾,0x1fac4 0x1f3fe,1000,100,400,500,PREGNANT PERSON: MEDIUM-DARK SKIN TONE,People & Body,Neutral
🫄🏿,0x1fac4 0x1f3ff,1000,100,400,500,PREGNANT PERSON: DARK SKIN TONE,People & Body,Neutral
🤱,0x1f931,1000,100,400,500,BREAST-FEEDING,People & Body,Neutral
🤱🏻,0x1f931 0x1f3fb,1000,100,400,500,BREAST-FEEDING: LIGHT SKIN TONE,People & Body,Neutral
🤱🏼,0x1f931 0x1f3fc,1000,100,400,500,BREAST-FEEDING: MEDIUM-LIGHT SKIN TONE,People & Body,Neutral
🤱🏽,0x1f931 0x1f3fd,1000,100,400,500,BREAST-FEEDING: MEDIUM SKIN TONE,People & Body,Neutral
🤱🏾,0x1f931 0x1f3fe,1000,100,400,500,BREAST-FEEDING: MEDIUM-DARK SKIN TONE,People & Body,Neutral
🤱🏿,0x1f931 0x1f3ff,1000,100,400,500,BREAST-FEEDING: DARK SKIN TONE,People & Body,Neutral
👩‍🍼,0x1f469 0x200d 0x1f37c,1000,100,400,500,WOMAN FEEDING BABY,People & Body,Neutral
👩🏻‍🍼,0x1f469 0x1f3fb 0x200d 0x1f37c,1000,100,400,500,WOMAN FEEDING BABY: LIGHT SKIN TONE,People & Body,Neutral
👩🏼‍🍼,0x1f469 0x1f3fc 0x200d 0x1f37c,1000,100,400,500,WOMAN FEEDING BABY: MEDIUM-LIGHT SKIN TONE,People & Body,Neutral
👩🏽‍🍼,0x1f469 0x1f3fd 0x200d 0x1f37c,1000,100,400,500,WOMAN FEEDING BABY: MEDIUM SKIN TONE,People & Body,Neutral
👩🏾‍🍼,0x1f469 0x1f3fe 0x200d 0x1f37c,1000,100,400,500,WOMAN FEEDING BABY: MEDIUM-DARK SKIN TONE,People & Body,Neutral
👩🏿‍🍼,0x1f469 0x1f3ff 0x200d 0x1f37c,1000,100,400,500,WOMAN FEEDING BABY: DARK SKIN TONE,People & Body,Neutral
👨‍🍼,0x1f468 0x200d 0x1f37c,1000,100,400,500,MAN FEEDING BABY,People & Body,Neutral
👨🏻‍🍼,0x1f468 0x1f3fb 0x200d 0x1f37c,1000,100,400,500,MAN FEEDING BABY: LIGHT SKIN TONE,People & Body,Neutral
👨🏼‍🍼,0x1f468 0x1f3fc 0x200d 0x1f37c,1000,100,400,500,MAN FEEDING BABY: MEDIUM-LIGHT SKIN TONE,People & Body,Neutral
👨🏽‍🍼,0x1f468 0x1f3fd 0x200d 0x1f37c,1000,100,400,500,MAN FEEDING BABY: MEDIUM SKIN TONE,People & Body,Neutral
👨🏾‍🍼,0x1f468 0x1f3fe 0x200d 0x1f37c,1000,100,400,500,MAN FEEDING BABY: MEDIUM-DARK SKIN TONE,People & Body,Neutral
👨🏿‍🍼,0x1f468 0x1f3ff 0x200d 0x1f37c,1000,100,400,500,MAN FEEDING BABY: DARK SKIN TONE,People & Body,Neutral
🧑‍🍼,0x1f9d1 0x200d 0x1f37c,1000,100,400,500,PERSON FEEDING BABY,People & Body,Neutral
🧑🏻‍🍼,0x1f9d1 0x1f3fb 0x200d 0x1f37c,1000,100,400,500,PERSON FEEDING BABY: LIGHT SKIN TONE,People & Body,Neutral
🧑🏼‍🍼,0x1f9d1 0x1f3fc 0x200d 0x1f37c,1000,100,400,500,PERSON FEEDING BABY: MEDIUM-LIGHT SKIN TONE,People & Body,Neutral
🧑🏽‍🍼,0x1f9d1 0x1f3fd 0x200d 0x1f37c,1000,100,400,500,PERSON FEEDING BABY: MEDIUM SKIN TONE,People & Body,Neutral
🧑🏾‍🍼,0x1f9d1 0x1f3fe 0x200d 0x1f37c,1000,100,400,500,PERSON FEEDING BABY: MEDIUM-DARK SKIN TONE,People & Body,Neutral
🧑🏿‍🍼,0x1f9d1 0x1f3ff 0x200d 0x1f37c,1000,100,400,500,PERSON FEEDING BABY: DARK SKIN TONE,People & Body,Neutral
👼,0x1f47c,1000,100,400,500,BABY ANGEL,People & Body,Neutral
👼🏻,0x1f47c 0x1f3fb,1000,100,400,500,BABY ANGEL: LIGHT SKIN TONE,People & Body,Neutral
👼🏼,0x1f47c 0x1f3fc,1000,100,400,500,BABY ANGEL: MEDIUM-LIGHT SKIN TONE,People & Body,Neutral
👼🏽,0x1f47c 0x1f3fd,1000,100,400,500,BABY ANGEL: MEDIUM SKIN TONE,People & Body,Neutral
👼🏾,0x1f47c 0x1f3fe,1000,100,400,500,BABY ANGEL: MEDIUM-DARK SKIN TONE,People & Body,Neutral
👼🏿,0x1f47c 0x1f3ff,1000,100,400,500,BABY ANGEL: DARK SKIN TONE,People & Body,Neutral
🎅,0x1f385,1000,100,400,500,SANTA CLAUS,People & Body,Neutral
🎅🏻,0x1f385 0x1f3fb,1000,100,400,500,SANTA CLAUS: LIGHT SKIN TONE,People & Body,Neutral
🎅🏼,0x1f385 0x1f3fc,1000,100,400,500,SANTA CLAUS: MEDIUM-LIGHT SKIN TONE,People & Body,Neutral
🎅🏽,0x1f385 0x1f3fd,1000,100,400,500,SANTA CLAUS: MEDIUM SKIN TONE,People & Body,Neutral
🎅🏾,0x1f385 0x1f3fe,1000,100,400,500,SANTA CLAUS: MEDIUM-DARK SKIN TONE,People & Body,Neutral
🎅🏿,0x1f385 0x1f3ff,1000,100,400,500,SANTA CLAUS: DARK SKIN TONE,People & Body,Neutral
🤶,0x1f936,1000,100,400,500,MRS. CLAUS,People & Body,Neutral
🤶🏻,0x1f936 0x1f3fb,1000,100,400,500,MRS. CLAUS: LIGHT SKIN TONE,People & Body,Neutral
🤶🏼,0x1f936 0x1f3fc,1000,100,400,500,MRS. CLAUS: MEDIUM-LIGHT SKIN TONE,People & Body,Neutral
🤶🏽,0x1f936 0x1f3fd,1000,100,400,500,MRS. CLAUS: MEDIUM SKIN TONE,People & Body,Neutral
🤶🏾,0x1f936 0x1f3fe,1000,100,400,500,MRS. CLAUS: MEDIUM-DARK SKIN TONE,People & Body,Neutral
🤶🏿,0x1f936 0x1f3ff,1000,100,400,500,MRS. CLAUS: DARK SKIN TONE,People & Body,Neutral
🧑‍🎄,0x1f9d1 0x200d 0x1f384,1000,100,400,500,MX CLAUS,People & Body,Neutral
🧑🏻‍🎄,0x1f9d1 0x1f3fb 0x200d 0x1f384,1000,100,400,500,MX CLAUS: LIGHT SKIN TONE,People & Body,Neutral
🧑🏼‍🎄,0x1f9d1 0x1f3fc 0x200d 0x1f384,1000,100,400,500,MX CLAUS: MEDIUM-LIGHT SKIN TONE,People & Body,Neutral
🧑🏽‍🎄,0x1f9d1 0x1f3fd 0x200d 0x1f384,1000,100,400,500,MX CLAUS: MEDIUM SKIN TONE,People & Body,Neutral
🧑🏾‍🎄,0x1f9d1 0x1f3fe 0x200d 0x1f384,1000,100,400,500,MX CLAUS: MEDIUM-DARK SKIN TONE,People & Body,Neutral
🧑🏿‍🎄,0x1f9d1 0x1f3ff 0x200d 0x1f384,1000,100,400,500,MX CLAUS: DARK SKIN TONE,People & Body,Neutral
🦸,0x1f9b8,1000,100,400,500,SUPERHERO,People & Body,Neutral
🦸🏻,0x1f9b8 0x1f3fb,1000,100,400,500,SUPERHERO: LIGHT SKIN TONE,People & Body,Neutral
🦸🏼,0x1f9b8 0x1f3fc,1000,100,400,500,SUPERHERO: MEDIUM-LIGHT SKIN TONE,People & Body,Neutral
🦸🏽,0x1f9b8 0x1f3fd,1000,100,400,500,SUPERHERO: MEDIUM SKIN TONE,People & Body,Neutral
🦸🏾,0x1f9b8 0x1f3fe,1000,100,400,500,SUPERHERO: MEDIUM-DARK SKIN TONE,People & Body,Neutral
🦸🏿,0x1f9b8 0x1f3ff,1000,100,400,500,SUPERHERO: DARK SKIN TONE,People & Body,Neutral
🦸‍♂️,0x1f9b8 0x200d 0x2642 0xfe0f,1000,100,400,500,MAN SUPERHERO,People & Body,Neutral
🦸🏻‍♂️,0x1f9b8 0x1f3fb 0x200d 0x2642 0xfe0f,1000,100,400,500,MAN SUPERHERO: LIGHT SKIN TONE,People & Body,Neutral
🦸🏼‍♂️,0x1f9b8 0x1f3fc 0x200d 0x2642 0xfe0f,1000,100,400,500,MAN SUPERHERO: MEDIUM-LIGHT SKIN TONE,People & Body,Neutral
🦸🏽‍♂️,0x1f9b8 0x1f3fd 0x200d 0x2642 0xfe0f,1000,100,400,500,MAN SUPERHERO: MEDIUM SKIN TONE,People & Body,Neutral
🦸🏾‍♂️,0x1f9b8 0x1f3fe 0x200d 0x2642 0xfe0f,1000,100,400,500,MAN SUPERHERO: MEDIUM-DARK SKIN TONE,People & Body,Neutral
🦸🏿‍♂️,0x1f9b8 0x1f3ff 0x200d 0x2642 0xfe0f,1000,100,400,500,MAN SUPERHERO: DARK SKIN TONE,People & Body,Neutral
🦸‍♀️,0x1f9b8 0x200d 0x2640 0xfe0f,1000,100,400,500,WOMAN SUPERHERO,People & Body,Neutral
🦸🏻‍♀️,0x1f9b8 0x1f3fb 0x200d 0x2640 0xfe0f,1000,100,400,500,WOMAN SUPERHERO: LIGHT SKIN TONE,People & Body,Neutral
🦸🏼‍♀️,0x1f9b8 0x1f3fc 0x200d 0x2640 0xfe0f,1000,100,400,500,WOMAN SUPERHERO: MEDIUM-LIGHT SKIN TONE,People & Body,Neutral
🦸🏽‍♀️,0x1f9b8 0x1f3fd 0x200d 0x2640 0xfe0f,1000,100,400,500,WOMAN SUPERHERO: MEDIUM SKIN TONE,People & Body,Neutral
🦸🏾‍♀️,0x1f9b8 0x1f3fe 0x200d 0x2640 0xfe0f,1000,100,400,500,WOMAN SUPERHERO: MEDIUM-DARK SKIN TONE,People & Body,Neutral
🦸🏿‍♀️,0x1f9b8 0x1f3ff 0x200d 0x2640 0xfe0f,1000,100,400,500,WOMAN SUPERHERO: DARK SKIN TONE,People & Body,Neutral
🦹,0x1f9b9,1000,100,400,500,SUPERVILLAIN,People & Body,Neutral
🦹🏻,0x1f9b9 0x1f3fb,1000,100,400,500,SUPERVILLAIN: LIGHT SKIN TONE,People & Body,Neutral
🦹🏼,0x1f9b9 0x1f3fc,1000,100,400,500,SUPERVILLAIN: MEDIUM-LIGHT SKIN TONE,People & Body,Neutral
🦹🏽,0x1f9b9 0x1f3fd,1000,100,400,500,SUPERVILLAIN: MEDIUM SKIN TONE,People & Body,Neutral
🦹🏾,0x1f9b9 0x1f3fe,1000,100,400,500,SUPERVILLAIN: MEDIUM-DARK SKIN TONE,People & Body,Neutral
🦹🏿,0x1f9b9 0x1f3ff,1000,100,400,500,SUPERVILLAIN: DARK SKIN TONE,People & Body,Neutral
🦹‍♂️,0x1f9b9 0x200d 0x2642 0xfe0f,1000,100,400,500,MAN SUPERVILLAIN,People & Body,Neutral
🦹🏻‍♂️,0x1f9b9 0x1f3fb 0x200d 0x2642 0xfe0f,1000,100,400,500,MAN SUPERVILLAIN: LIGHT SKIN TONE,People & Body,Neutral
🦹🏼‍♂️,0x1f9b9 0x1f3fc 0x200d 0x2642 0xfe0f,1000,100,400,500,MAN SUPERVILLAIN: MEDIUM-LIGHT SKIN TONE,People & Body,Neutral
🦹🏽‍♂️,0x1f9b9 0x1f3fd 0x200d 0x2642 0xfe0f,1000,100,400,500,MAN SUPERVILLAIN: MEDIUM SKIN TONE,People & Body,Neutral
🦹🏾‍♂️,0x1f9b9 0x1f3fe 0x200d 0x2642 0xfe0f,1000,100,400,500,MAN SUPERVILLAIN: MEDIUM-DARK SKIN TONE,People & Body,Neutral
🦹🏿‍♂️,0x1f9b9 0x1f3ff 0x200d 0x2642 0xfe0f,1000,100,400,500,MAN SUPERVILLAIN: DARK SKIN TONE,People & Body,Neutral
🦹‍♀️,0x1f9b9 0x200d 0x2640 0xfe0f,1000,100,400,500,WOMAN SUPERVILLAIN,People & Body,Neutral
🦹🏻‍♀️,0x1f9b9 0x1f3fb 0x200d 0x2640 0xfe0f,1000,100,400,500,WOMAN SUPERVILLAIN: LIGHT SKIN TONE,People & Body,Neutral
🦹🏼‍♀️,0x1f9b9 0x1f3fc 0x200d 0x2640 0xfe0f,1000,100,400,500,WOMAN SUPERVILLAIN: MEDIUM-LIGHT SKIN TONE,People & Body,Neutral
🦹🏽‍♀️,0x1f9b9 0x1f3fd 0x200d 0x2640 0xfe0f,1000,100,400,500,WOMAN SUPERVILLAIN: MEDIUM SKIN TONE,People & Body,Neutral
🦹🏾‍♀️,0x1f9b9 0x1f3fe 0x200d 0x2640 0xfe0f,1000,100,400,500,WOMAN SUPERVILLAIN: MEDIUM-DARK SKIN TONE,People & Body,Neutral
🦹🏿‍♀️,0x1f9b9 0x1f3ff 0x200d 0x2640 0xfe0f,1000,100,400,500,WOMAN SUPERVILLAIN: DARK SKIN TONE,People & Body,Neutral
🧙,0x1f9d9,1000,100,400,500,MAGE,People & Body,Neutral
🧙🏻,0x1f9d9 0x1f3fb,1000,100,400,500,MAGE: LIGHT SKIN TONE,People & Body,Neutral
🧙🏼,0x1f9d9 0x1f3fc,1000,100,400,500,MAGE: MEDIUM-LIGHT SKIN TONE,People & Body,Neutral
🧙🏽,0x1f9d9 0x1f3fd,1000,100,400,500,MAGE: MEDIUM SKIN TONE,People & Body,Neutral
🧙🏾,0x1f9d9 0x1f3fe,1000,100,400,500,MAGE: MEDIUM-DARK SKIN TONE,People & Body,Neutral
🧙🏿,0x1f9d9 0x1f3ff,1000,100,400,500,MAGE: DARK SKIN TONE,People & Body,Neutral
🧙‍♂️,0x1f9d9 0x200d 0x2642 0xfe0f,1000,100,400,500,MAN MAGE,People & Body,Neutral
🧙🏻‍♂️,0x1f9d9 0x1f3fb 0x200d 0x2642 0xfe0f,1000,100,400,500,MAN MAGE: LIGHT SKIN TONE,People & Body,Neutral
🧙🏼‍♂️,0x1f9d9 0x1f3fc 0x200d 0x2642 0xfe0f,1000,100,400,500,MAN MAGE: MEDIUM-LIGHT SKIN TONE,People & Body,Neutral
🧙🏽‍♂️,0x1f9d9 0x1f3fd 0x200d 0x2642 0xfe0f,1000,100,400,500,MAN MAGE: MEDIUM SKIN TONE,People & Body,Neutral
🧙🏾‍♂️,0x1f9d9 0x1f3fe 0x200d 0x2642 0xfe0f,1000,100,400,500,MAN MAGE: MEDIUM-DARK SKIN TONE,People & Body,Neutral
🧙🏿‍♂️,0x1f9d9 0x1f3ff 0x200d 0x2642 0xfe0f,1000,100,400,500,MAN MAGE: DARK SKIN TONE,People & Body,Neutral
🧙‍♀️,0x1f9d9 0x200d 0x2640 0xfe0f,1000,100,400,500,WOMAN MAGE,People & Body,Neutral
🧙🏻‍♀️,0x1f9d9 0x1f3fb 0x200d 0x2640 0xfe0f,1000,100,400,500,WOMAN MAGE: LIGHT SKIN TONE,People & Body,Neutral
🧙🏼‍♀️,0x1f9d9 0x1f3fc 0x200d 0x2640 0xfe0f,1000,100,400,500,WOMAN MAGE: MEDIUM-LIGHT SKIN TONE,People & Body,Neutral
🧙🏽‍♀️,0x1f9d9 0x1f3fd 0x200d 0x2640 0xfe0f,1000,100,400,500,WOMAN MAGE: MEDIUM SKIN TONE,People & Body,Neutral
🧙🏾‍♀️,0x1f9d9 0x1f3fe 0x200d 0x2640 0xfe0f,1000,100,400,500,WOMAN MAGE: MEDIUM-DARK SKIN TONE,People & Body,Neutral
🧙🏿‍♀️,0x1f9d9 0x1f3ff 0x200d 0x2640 0xfe0f,1000,100,400,500,WOMAN MAGE: DARK SKIN TONE,People & Body,Neutral
🧚,0x1f9da,1000,100,400,500,FAIRY,People & Body,Neutral
🧚🏻,0x1f9da 0x1f3fb,1000,100,400,500,FAIRY: LIGHT SKIN TONE,People & Body,Neutral
🧚🏼,0x1f9da 0x1f3fc,1000,100,400,500,FAIRY: MEDIUM-LIGHT SKIN TONE,People & Body,Neutral
🧚🏽,0x1f9da 0x1f3fd,1000,100,400,500,FAIRY: MEDIUM SKIN TONE,People & Body,Neutral
🧚🏾,0x1f9da 0x1f3fe,1000,100,400,500,FAIRY: MEDIUM-DARK SKIN TONE,People & Body,Neutral
🧚🏿,0x1f9da 0x1f3ff,1000,100,400,500,FAIRY: DARK SKIN TONE,People & Body,Neutral
🧚‍♂️,0x1f9da 0x200d 0x2642 0xfe0f,1000,100,400,500,MAN FAIRY,People & Body,Neutral
🧚🏻‍♂️,0x1f9da 0x1f3fb 0x200d 0x2642 0xfe0f,1000,100,400,500,MAN FAIRY: LIGHT SKIN TONE,People & Body,Neutral
🧚🏼‍♂️,0x1f9da 0x1f3fc 0x200d 0x2642 0xfe0f,1000,100,400,500,MAN FAIRY: MEDIUM-LIGHT SKIN TONE,People & Body,Neutral
🧚🏽‍♂️,0x1f9da 0x1f3fd 0x200d 0x2642 0xfe0f,1000,100,400,500,MAN FAIRY: MEDIUM SKIN TONE,People & Body,Neutral
🧚🏾‍♂️,0x1f9da 0x1f3fe 0x200d 0x2642 0xfe0f,1000,100,400,500,MAN FAIRY: MEDIUM-DARK SKIN TONE,People & Body,Neutral
🧚🏿‍♂️,0x1f9da 0x1f3ff 0x200d 0x2642 0xfe0f,1000,100,400,500,MAN FAIRY: DARK SKIN TONE,People & Body,Neutral
🧚‍♀️,0x1f9da 0x200d 0x2640 0xfe0f,1000,100,400,500,WOMAN FAIRY,People & Body,Neutral
🧚🏻‍♀️,0x1f9da 0x1f3fb 0x200d 0x2640 0xfe0f,1000,100,400,500,WOMAN FAIRY: LIGHT SKIN TONE,People & Body,Neutral
🧚🏼‍♀️,0x1f9da 0x1f3fc 0x200d 0x2640 0xfe0f,1000,100,400,500,WOMAN FAIRY: MEDIUM-LIGHT SKIN TONE,People & Body,Neutral
🧚🏽‍♀️,0x1f9da 0x1f3fd 0x200d 0x2640 0xfe0f,1000,100,400,500,WOMAN FAIRY: MEDIUM SKIN TONE,People & Body,Neutral
🧚🏾‍♀️,0x1f9da 0x1f3fe 0x200d 0x2640 0xfe0f,1000,100,400,500,WOMAN FAIRY: MEDIUM-DARK SKIN TONE,People & Body,Neutral
🧚🏿‍♀️,0x1f9da 0x1f3ff 0x200d 0x2640 0xfe0f,1000,100,400,500,WOMAN FAIRY: DARK SKIN TONE,People & Body,Neutral
🧛,0x1f9db,1000,100,400,500,VAMPIRE,People & Body,Neutral
🧛🏻,0x1f9db 0x1f3fb,1000,100,400,500,VAMPIRE: LIGHT SKIN TONE,People & Body,Neutral
🧛🏼,0x1f9db 0x1f3fc,1000,100,400,500,VAMPIRE: MEDIUM-LIGHT SKIN TONE,People & Body,Neutral
🧛🏽,0x1f9db 0x1f3fd,1000,100,400,500,VAMPIRE: MEDIUM SKIN TONE,People & Body,Neutral
🧛🏾,0x1f9db 0x1f3fe,1000,100,400,500,VAMPIRE: MEDIUM-DARK SKIN TONE,People & Body,Neutral
🧛🏿,0x1f9db 0x1f3ff,1000,100,400,500,VAMPIRE: DARK SKIN TONE,People & Body,Neutral
🧛‍♂️,0x1f9db 0x200d 0x2642 0xfe0f,1000,100,400,500,MAN VAMPIRE,People & Body,Neutral
🧛🏻‍♂️,0x1f9db 0x1f3fb 0x200d 0x2642 0xfe0f,1000,100,400,500,MAN VAMPIRE: LIGHT SKIN TONE,People & Body,Neutral
🧛🏼‍♂️,0x1f9db 0x1f3fc 0x200d 0x2642 0xfe0f,1000,100,400,500,MAN VAMPIRE: MEDIUM-LIGHT SKIN TONE,People & Body,Neutral
🧛🏽‍♂️,0x1f9db 0x1f3fd 0x200d 0x2642 0xfe0f,1000,100,400,500,MAN VAMPIRE: MEDIUM SKIN TONE,People & Body,Neutral
🧛🏾‍♂️,0x1f9db 0x1f3fe 0x200d 0x2642 0xfe0f,1000,100,400,500,MAN VAMPIRE: MEDIUM-DARK SKIN TONE,People & Body,Neutral
🧛🏿‍♂️,0x1f9db 0x1f3ff 0x200d 0x2642 0xfe0f,1000,100,400,500,MAN VAMPIRE: DARK SKIN TONE,People & Body,Neutral
🧛‍♀️,0x1f9db 0x200d 0x2640 0xfe0f,1000,100,400,500,WOMAN VAMPIRE,People & Body,Neutral
🧛🏻‍♀️,0x1f9db 0x1f3fb 0x200d 0x2640 0xfe0f,1000,100,400,500,WOMAN VAMPIRE: LIGHT SKIN TONE,People & Body,Neutral
🧛🏼‍♀️,0x1f9db 0x1f3fc 0x200d 0x2640 0xfe0f,1000,100,400,500,WOMAN VAMPIRE: MEDIUM-LIGHT SKIN TONE,People & Body,Neutral
🧛🏽‍♀️,0x1f9db 0x1f3fd 0x200d 0x2640 0xfe0f,1000,100,400,500,WOMAN VAMPIRE: MEDIUM SKIN TONE,People & Body,Neutral
🧛🏾‍♀️,0x1f9db 0x1f3fe 0x200d 0x2640 0xfe0f,1000,100,400,500,WOMAN VAMPIRE: MEDIUM-DARK SKIN TONE,People & Body,Neutral
🧛🏿‍♀️,0x1f9db 0x1f3ff 0x200d 0x2640 0xfe0f,1000,100,400,500,WOMAN VAMPIRE: DARK SKIN TONE,People & Body,Neutral
🧜,0x1f9dc,1000,100,400,500,MERPERSON,People & Body,Neutral
🧜🏻,0x1f9dc 0x1f3fb,1000,100,400,500,MERPERSON: LIGHT SKIN TONE,People & Body,Neutral
🧜🏼,0x1f9dc 0x1f3fc,1000,100,400,500,MERPERSON: MEDIUM-LIGHT SKIN TONE,People & Body,Neutral
🧜🏽,0x1f9dc 0x1f3fd,1000,100,400,500,MERPERSON: MEDIUM SKIN TONE,People & Body,Neutral
🧜🏾,0x1f9dc 0x1f3fe,1000,100,400,500,MERPERSON: MEDIUM-DARK SKIN TONE,People & Body,Neutral
🧜🏿,0x1f9dc 0x1f3ff,1000,100,400,500,MERPERSON: DARK SKIN TONE,People & Body,Neutral
🧜‍♂️,0x1f9dc 0x200d 0x2642 0xfe0f,1000,100,400,500,MERMAN,People & Body,Neutral
🧜🏻‍♂️,0x1f9dc 0x1f3fb 0x200d 0x2642 0xfe0f,1000,100,400,500,MERMAN: LIGHT SKIN TONE,People & Body,Neutral
🧜🏼‍♂️,0x1f9dc 0x1f3fc 0x200d 0x2642 0xfe0f,1000,100,400,500,MERMAN: MEDIUM-LIGHT SKIN TONE,People & Body,Neutral
🧜🏽‍♂️,0x1f9dc 0x1f3fd 0x200d 0x2642 0xfe0f,1000,100,400,500,MERMAN: MEDIUM SKIN TONE,People & Body,Neutral
🧜🏾‍♂️,0x1f9dc 0x1f3fe 0x200d 0x2642 0xfe0f,1000,100,400,500,MERMAN: MEDIUM-DARK SKIN TONE,People & Body,Neutral
🧜🏿‍♂️,0x1f9dc 0x1f3ff 0x200d 0x2642 0xfe0f,1000,100,400,500,MERMAN: DARK SKIN TONE,People & Body,Neutral
🧜‍♀️,0x1f9dc 0x200d 0x2640 0xfe0f,1000,100,400,500,MERMAID,People & Body,Neutral
🧜🏻‍♀️,0x1f9dc 0x1f3fb 0x200d 0x2640 0xfe0f,1000,100,400,500,MERMAID: LIGHT SKIN TONE,People & Body,Neutral
🧜🏼‍♀️,0x1f9dc 0x1f3fc 0x200d 0x2640 0xfe0f,1000,100,400,500,MERMAID: MEDIUM-LIGHT SKIN TONE,People & Body,Neutral
🧜🏽‍♀️,0x1f9dc 0x1f3fd 0x200d 0x2640 0xfe0f,1000,100,400,500,MERMAID: MEDIUM SKIN TONE,People & Body,Neutral
🧜🏾‍♀️,0x1f9dc 0x1f3fe 0x200d 0x2640 0xfe0f,1000,100,400,500,MERMAID: MEDIUM-DARK SKIN TONE,People & Body,Neutral
🧜🏿‍♀️,0x1f9dc 0x1f3ff 0x200d 0x2640 0xfe0f,1000,100,400,500,MERMAID: DARK SKIN TONE,People & Body,Neutral
🧝,0x1f9dd,1000,100,400,500,ELF,People & Body,Neutral
🧝🏻,0x1f9dd 0x1f3fb,1000,100,400,500,ELF: LIGHT SKIN TONE,People & Body,Neutral
🧝🏼,0x1f9dd 0x1f3fc,1000,100,400,500,ELF: MEDIUM-LIGHT SKIN TONE,People & Body,Neutral
🧝🏽,0x1f9dd 0x1f3fd,1000,100,400,500,ELF: MEDIUM SKIN TONE,People & Body,Neutral
🧝🏾,0x1f9dd 0x1f3fe,1000,100,400,500,ELF: MEDIUM-DARK SKIN TONE,People & Body,Neutral
🧝🏿,0x1f9dd 0x1f3ff,1000,100,400,500,ELF: DARK SKIN TONE,People & Body,Neutral
🧝‍♂️,0x1f9dd 0x200d 0x2642 0xfe0f,1000,100,400,500,MAN ELF,People & Body,Neutral
🧝🏻‍♂️,0x1f9dd 0x1f3fb 0x200d 0x2642 0xfe0f,1000,100,400,500,MAN ELF: LIGHT SKIN TONE,People & Body,Neutral
🧝🏼‍♂️,0x1f9dd 0x1f3fc 0x200d 0x2642 0xfe0f,1000,100,400,500,MAN ELF: MEDIUM-LIGHT SKIN TONE,People & Body,Neutral
🧝🏽‍♂️,0x1f9dd 0x1f3fd 0x200d 0x2642 0xfe0f,1000,100,400,500,MAN ELF: MEDIUM SKIN TONE,People & Body,Neutral
🧝🏾‍♂️,0x1f9dd 0x1f3fe 0x200d 0x2642 0xfe0f,1000,100,400,500,MAN ELF: MEDIUM-DARK SKIN TONE,People & Body,Neutral
🧝🏿‍♂️,0x1f9dd 0x1f3ff 0x200d 0x2642 0xfe0f,1000,100,400,500,MAN ELF: DARK SKIN TONE,People & Body,Neutral
🧝‍♀️,0x1f9dd 0x200d 0x2640 0xfe0f,1000,100,400,500,WOMAN ELF,People & Body,Neutral
🧝🏻‍♀️,0x1f9dd 0x1f3fb 0x200d 0x2640 0xfe0f,1000,100,400,500,WOMAN ELF: LIGHT SKIN TONE,People & Body,Neutral
🧝🏼‍♀️,0x1f9dd 0x1f3fc 0x200d 0x2640 0xfe0f,1000,100,400,500,WOMAN ELF: MEDIUM-LIGHT SKIN TONE,People & Body,Neutral
🧝🏽‍♀️,0x1f9dd 0x1f3fd 0x200d 0x2640 0xfe0f,1000,100,400,500,WOMAN ELF: MEDIUM SKIN TONE,People & Body,Neutral
🧝🏾‍♀️,0x1f9dd 0x1f3fe 0x200d 0x2640 0xfe0f,1000,100,400,500,WOMAN ELF: MEDIUM-DARK SKIN TONE,People & Body,Neutral
🧝🏿‍♀️,0x1f9dd 0x1f3ff 0x200d 0x2640 0xfe0f,1000,100,400,500,WOMAN ELF: DARK SKIN TONE,People & Body,Neutral
🧞,0x1f9de,1000,100,400,500,GENIE,People & Body,Neutral
🧞‍♂️,0x1f9de 0x200d 0x2642 0xfe0f,1000,100,400,500,MAN GENIE,People & Body,Neutral
🧞‍♀️,0x1f9de 0x200d 0x2640 0xfe0f,1000,100,400,500,WOMAN GENIE,People & Body,Neutral
🧟,0x1f9df,1000,100,400,500,ZOMBIE,People & Body,Neutral
🧟‍♂️,0x1f9df 0x200d 0x2642 0xfe0f,1000,100,400,500,MAN ZOMBIE,People & Body,Neutral
🧟‍♀️,0x1f9df 0x200d 0x2640 0xfe0f,1000,100,400,500,WOMAN ZOMBIE,People & Body,Neutral
🧌,0x1f9cc,1000,100,400,500,TROLL,People & Body,Neutral
💆,0x1f486,1000,100,400,500,PERSON GETTING MASSAGE,People & Body,Neutral
💆🏻,0x1f486 0x1f3fb,1000,100,400,500,PERSON GETTING MASSAGE: LIGHT SKIN TONE,People & Body,Neutral
💆🏼,0x1f486 0x1f3fc,1000,100,400,500,PERSON GETTING MASSAGE: MEDIUM-LIGHT SKIN TONE,People & Body,Neutral
💆🏽,0x1f486 0x1f3fd,1000,100,400,500,PERSON GETTING MASSAGE: MEDIUM SKIN TONE,People & Body,Neutral
💆🏾,0x1f486 0x1f3fe,1000,100,400,500,PERSON GETTING MASSAGE: MEDIUM-DARK SKIN TONE,People & Body,Neutral
💆🏿,0x1f486 0x1f3ff,1000,100,400,500,PERSON GETTING MASSAGE: DARK SKIN TONE,People & Body,Neutral
💆‍♂️,0x1f486 0x200d 0x2642 0xfe0f,1000,100,400,500,MAN GETTING MASSAGE,People & Body,Neutral
💆🏻‍♂️,0x1f486 0x1f3fb 0x200d 0x2642 0xfe0f,1000,100,400,500,MAN GETTING MASSAGE: LIGHT SKIN TONE,People & Body,Neutral
💆🏼‍♂️,0x1f486 0x1f3fc 0x200d 0x2642 0xfe0f,1000,100,400,500,MAN GETTING MASSAGE: MEDIUM-LIGHT SKIN TONE,People & Body,Neutral
💆🏽‍♂️,0x1f486 0x1f3fd 0x200d 0x2642 0xfe0f,1000,100,400,500,MAN GETTING MASSAGE: MEDIUM SKIN TONE,People & Body,Neutral
💆🏾‍♂️,0x1f486 0x1f3fe 0x200d 0x2642 0xfe0f,1000,100,400,500,MAN GETTING MASSAGE: MEDIUM-DARK SKIN TONE,People & Body,Neutral
💆🏿‍♂️,0x1f486 0x1f3ff 0x200d 0x2642 0xfe0f,1000,100,400,500,MAN GETTING MASSAGE: DARK SKIN TONE,People & Body,Neutral
💆‍♀️,0x1f486 0x200d 0x2640 0xfe0f,1000,100,400,500,WOMAN GETTING MASSAGE,People & Body,Neutral
💆🏻‍♀️,0x1f486 0x1f3fb 0x200d 0x2640 0xfe0f,1000,100,400,500,WOMAN GETTING MASSAGE: LIGHT SKIN TONE,People & Body,Neutral
💆🏼‍♀️,0x1f486 0x1f3fc 0x200d 0x2640 0xfe0f,1000,100,400,500,WOMAN GETTING MASSAGE: MEDIUM-LIGHT SKIN TONE,People & Body,Neutral
💆🏽‍♀️,0x1f486 0x1f3fd 0x200d 0x2640 0xfe0f,1000,100,400,500,WOMAN GETTING MASSAGE: MEDIUM SKIN TONE,People & Body,Neutral
💆🏾‍♀️,0x1f486 0x1f3fe 0x200d 0x2640 0xfe0f,1000,100,400,500,WOMAN GETTING MASSAGE: MEDIUM-DARK SKIN TONE,People & Body,Neutral
💆🏿‍♀️,0x1f486 0x1f3ff 0x200d 0x2640 0xfe0f,1000,100,400,500,WOMAN GETTING MASSAGE: DARK SKIN TONE,People & Body,Neutral
💇,0x1f487,1000,100,400,500,PERSON GETTING HAIRCUT,People & Body,Neutral
💇🏻,0x1f487 0x1f3fb,1000,100,400,500,PERSON GETTING HAIRCUT: LIGHT SKIN TONE,People & Body,Neutral
💇🏼,0x1f487 0x1f3fc,1000,100,400,500,PERSON GETTING HAIRCUT: MEDIUM-LIGHT SKIN TONE,People & Body,Neutral
💇🏽,0x1f487 0x1f3fd,1000,100,400,500,PERSON GETTING HAIRCUT: MEDIUM SKIN TONE,People & Body,Neutral
💇🏾,0x1f487 0x1f3fe,1000,100,400,500,PERSON GETTING HAIRCUT: MEDIUM-DARK SKIN TONE,People & Body,Neutral
💇🏿,0x1f487 0x1f3ff,1000,100,400,500,PERSON GETTING HAIRCUT: DARK SKIN TONE,People & Body,Neutral
💇‍♂️,0x1f487 0x200d 0x2642 0xfe0f,1000,100,400,500,MAN GETTING HAIRCUT,People & Body,Neutral
💇🏻‍♂️,0x1f487 0x1f3fb 0x200d 0x2642 0xfe0f,1000,100,400,500,MAN GETTING HAIRCUT: LIGHT SKIN TONE,People & Body,Neutral
💇🏼‍♂️,0x1f487 0x1f3fc 0x200d 0x2642 0xfe0f,1000,100,400,500,MAN GETTING HAIRCUT: MEDIUM-LIGHT SKIN TONE,People & Body,Neutral
💇🏽‍♂️,0x1f487 0x1f3fd 0x200d 0x2642 0xfe0f,1000,100,400,500,MAN GETTING HAIRCUT: MEDIUM SKIN TONE,People & Body,Neutral
💇🏾‍♂️,0x1f487 0x1f3fe 0x200d 0x2642 0xfe0f,1000,100,400,500,MAN GETTING HAIRCUT: MEDIUM-DARK SKIN TONE,People & Body,Neutral
💇🏿‍♂️,0x1f487 0x1f3ff 0x200d 0x2642 0xfe0f,1000,100,400,500,MAN GETTING HAIRCUT: DARK SKIN TONE,People & Body,Neutral
💇‍♀️,0x1f487 0x200d 0x2640 0xfe0f,1000,100,400,500,WOMAN GETTING HAIRCUT,People & Body,Neutral
💇🏻‍♀️,0x1f487 0x1f3fb 0x200d 0x2640 0xfe0f,1000,100,400,500,WOMAN GETTING HAIRCUT: LIGHT SKIN TONE,People & Body,Neutral
💇🏼‍♀️,0x1f487 0x1f3fc 0x200d 0x2640 0xfe0f,1000,100,400,500,WOMAN GETTING HAIRCUT: MEDIUM-LIGHT SKIN TONE,People & Body,Neutral
💇🏽‍♀️,0x1f487 0x1f3fd 0x200d 0x2640 0xfe0f,1000,100,400,500,WOMAN GETTING HAIRCUT: MEDIUM SKIN TONE,People & Body,Neutral
💇🏾‍♀️,0x1f487 0x1f3fe 0x200d 0x2640 0xfe0f,1000,100,400,500,WOMAN GETTING HAIRCUT: MEDIUM-DARK SKIN TONE,People & Body,Neutral
💇🏿‍♀️,0x1f487 0x1f3ff 0x200d 0x2640 0xfe0f,1000,100,400,500,WOMAN GETTING HAIRCUT: DARK SKIN TONE,People & Body,Neutral
🚶,0x1f6b6,1000,100,400,500,PERSON WALKING,People & Body,Neutral
🚶🏻,0x1f6b6 0x1f3fb,1000,100,400,500,PERSON WALKING: LIGHT SKIN TONE,People & Body,Neutral
🚶🏼,0x1f6b6 0x1f3fc,1000,100,400,500,PERSON WALKING: MEDIUM-LIGHT SKIN TONE,People & Body,Neutral
🚶🏽,0x1f6b6 0x1f3fd,1000,100,400,500,PERSON WALKING: MEDIUM SKIN TONE,People & Body,Neutral
🚶🏾,0x1f6b6 0x1f3fe,1000,100,400,500,PERSON WALKING: MEDIUM-DARK SKIN TONE,People & Body,Neutral
🚶🏿,0x1f6b6 0x1f3ff,1000,100,400,500,PERSON WALKING: DARK SKIN TONE,People & Body,Neutral
🚶‍♂️,0x1f6b6 0x200d 0x2642 0xfe0f,1000,100,400,500,MAN WALKING,People & Body,Neutral
🚶🏻‍♂️,0x1f6b6 0x1f3fb 0x200d 0x2642 0xfe0f,1000,100,400,500,MAN WALKING: LIGHT SKIN TONE,People & Body,Neutral
🚶🏼‍♂️,0x1f6b6 0x1f3fc 0x200d 0x2642 0xfe0f,1000,100,400,500,MAN WALKING: MEDIUM-LIGHT SKIN TONE,People & Body,Neutral
🚶🏽‍♂️,0x1f6b6 0x1f3fd 0x200d 0x2642 0xfe0f,1000,100,400,500,MAN WALKING: MEDIUM SKIN TONE,People & Body,Neutral
🚶🏾‍♂️,0x1f6b6 0x1f3fe 0x200d 0x2642 0xfe0f,1000,100,400,500,MAN WALKING: MEDIUM-DARK SKIN TONE,People & Body,Neutral
🚶🏿‍♂️,0x1f6b6 0x1f3ff 0x200d 0x2642 0xfe0f,1000,100,400,500,MAN WALKING: DARK SKIN TONE,People & Body,Neutral
🚶‍♀️,0x1f6b6 0x200d 0x2640 0xfe0f,1000,100,400,500,WOMAN WALKING,People & Body,Neutral
🚶🏻‍♀️,0x1f6b6 0x1f3fb 0x200d 0x2640 0xfe0f,1000,100,400,500,WOMAN WALKING: LIGHT SKIN TONE,People & Body,Neutral
🚶🏼‍♀️,0x1f6b6 0x1f3fc 0x200d 0x2640 0xfe0f,1000,100,400,500,WOMAN WALKING: MEDIUM-LIGHT SKIN TONE,People & Body,Neutral
🚶🏽‍♀️,0x1f6b6 0x1f3fd 0x200d 0x2640 0xfe0f,1000,100,400,500,WOMAN WALKING: MEDIUM SKIN TONE,People & Body,Neutral
🚶🏾‍♀️,0x1f6b6 0x1f3fe 0x200d 0x2640 0xfe0f,1000,100,400,500,WOMAN WALKING: MEDIUM-DARK SKIN TONE,People & Body,Neutral
🚶🏿‍♀️,0x1f6b6 0x1f3ff 0x200d 0x2640 0xfe0f,1000,100,400,500,WOMAN WALKING: DARK SKIN TONE,People & Body,Neutral
🧍,0x1f9cd,1000,100,400,500,PERSON STANDING,People & Body,Neutral
🧍🏻,0x1f9cd 0x1f3fb,1000,100,400,500,PERSON STANDING: LIGHT SKIN TONE,People & Body,Neutral
🧍🏼,0x1f9cd 0x1f3fc,1000,100,400,500,PERSON STANDING: MEDIUM-LIGHT SKIN TONE,People & Body,Neutral
🧍🏽,0x1f9cd 0x1f3fd,1000,100,400,500,PERSON STANDING: MEDIUM SKIN TONE,People & Body,Neutral
🧍🏾,0x1f9cd 0x1f3fe,1000,100,400,500,PERSON STANDING: MEDIUM-DARK SKIN TONE,People & Body,Neutral
🧍🏿,0x1f9cd 0x1f3ff,1000,100,400,500,PERSON STANDING: DARK SKIN TONE,People & Body,Neutral
🧍‍♂️,0x1f9cd 0x200d 0x2642 0xfe0f,1000,100,400,500,MAN STANDING,People & Body,Neutral
🧍🏻‍♂️,0x1f9cd 0x1f3fb 0x200d 0x2642 0xfe0f,1000,100,400,500,MAN STANDING: LIGHT SKIN TONE,People & Body,Neutral
🧍🏼‍♂️,0x1f9cd 0x1f3fc 0x200d 0x2642 0xfe0f,1000,100,400,500,MAN STANDING: MEDIUM-LIGHT SKIN TONE,People & Body,Neutral
🧍🏽‍♂️,0x1f9cd 0x1f3fd 0x200d 0x2642 0xfe0f,1000,100,400,500,MAN STANDING: MEDIUM SKIN TONE,People & Body,Neutral
🧍🏾‍♂️,0x1f9cd 0x1f3fe 0x200d 0x2642 0xfe0f,1000,100,400,500,MAN STANDING: MEDIUM-DARK SKIN TONE,People & Body,Neutral
🧍🏿‍♂️,0x1f9cd 0x1f3ff 0x200d 0x2642 0xfe0f,1000,100,400,500,MAN STANDING: DARK SKIN TONE,People & Body,Neutral
🧍‍♀️,0x1f9cd 0x200d 0x2640 0xfe0f,1000,100,400,500,WOMAN STANDING,People & Body,Neutral
🧍🏻‍♀️,0x1f9cd 0x1f3fb 0x200d 0x2640 0xfe0f,1000,100,400,500,WOMAN STANDING: LIGHT SKIN TONE,People & Body,Neutral
🧍🏼‍♀️,0x1f9cd 0x1f3fc 0x200d 0x2640 0xfe0f,1000,100,400,500,WOMAN STANDING: MEDIUM-LIGHT SKIN TONE,People & Body,Neutral
🧍🏽‍♀️,0x1f9cd 0x1f3fd 0x200d 0x2640 0xfe0f,1000,100,400,500,WOMAN STANDING: MEDIUM SKIN TONE,People & Body,Neutral
🧍🏾‍♀️,0x1f9cd 0x1f3fe 0x200d 0x2640 0xfe0f,1000,100,400,500,WOMAN STANDING: MEDIUM-DARK SKIN TONE,People & Body,Neutral
🧍🏿‍♀️,0x1f9cd 0x1f3ff 0x200d 0x2640 0xfe0f,1000,100,400,500,WOMAN STANDING: DARK SKIN TONE,People & Body,Neutral
🧎,0x1f9ce,1000,100,400,500,PERSON KNEELING,People & Body,Neutral
🧎🏻,0x1f9ce 0x1f3fb,1000,100,400,500,PERSON KNEELING: LIGHT SKIN TONE,People & Body,Neutral
🧎🏼,0x1f9ce 0x1f3fc,1000,100,400,500,PERSON KNEELING: MEDIUM-LIGHT SKIN TONE,People & Body,Neutral
🧎🏽,0x1f9ce 0x1f3fd,1000,100,400,500,PERSON KNEELING: MEDIUM SKIN TONE,People & Body,Neutral
🧎🏾,0x1f9ce 0x1f3fe,1000,100,400,500,PERSON KNEELING: MEDIUM-DARK SKIN TONE,People & Body,Neutral
🧎🏿,0x1f9ce 0x1f3ff,1000,100,400,500,PERSON KNEELING: DARK SKIN TONE,People & Body,Neutral
🧎‍♂️,0x1f9ce 0x200d 0x2642 0xfe0f,1000,100,400,500,MAN KNEELING,People & Body,Neutral
🧎🏻‍♂️,0x1f9ce 0x1f3fb 0x200d 0x2642 0xfe0f,1000,100,400,500,MAN KNEELING: LIGHT SKIN TONE,People & Body,Neutral
🧎🏼‍♂️,0x1f9ce 0x1f3fc 0x200d 0x2642 0xfe0f,1000,100,400,500,MAN KNEELING: MEDIUM-LIGHT SKIN TONE,People & Body,Neutral
🧎🏽‍♂️,0x1f9ce 0x1f3fd 0x200d 0x2642 0xfe0f,1000,100,400,500,MAN KNEELING: MEDIUM SKIN TONE,People & Body,Neutral
🧎🏾‍♂️,0x1f9ce 0x1f3fe 0x200d 0x2642 0xfe0f,1000,100,400,500,MAN KNEELING: MEDIUM-DARK SKIN TONE,People & Body,Neutral
🧎🏿‍♂️,0x1f9ce 0x1f3ff 0x200d 0x2642 0xfe0f,1000,100,400,500,MAN KNEELING: DARK SKIN TONE,People & Body,Neutral
🧎‍♀️,0x1f9ce 0x200d 0x2640 0xfe0f,1000,100,400,500,WOMAN KNEELING,People & Body,Neutral
🧎🏻‍♀️,0x1f9ce 0x1f3fb 0x200d 0x2640 0xfe0f,1000,100,400,500,WOMAN KNEELING: LIGHT SKIN TONE,People & Body,Neutral
🧎🏼‍♀️,0x1f9ce 0x1f3fc 0x200d 0x2640 0xfe0f,1000,100,400,500,WOMAN KNEELING: MEDIUM-LIGHT SKIN TONE,People & Body,Neutral
🧎🏽‍♀️,0x1f9ce 0x1f3fd 0x200d 0x2640 0xfe0f,1000,100,400,500,WOMAN KNEELING: MEDIUM SKIN TONE,People & Body,Neutral
🧎🏾‍♀️,0x1f9ce 0x1f3fe 0x200d 0x2640 0xfe0f,1000,100,400,500,WOMAN KNEELING: MEDIUM-DARK SKIN TONE,People & Body,Neutral
🧎🏿‍♀️,0x1f9ce 0x1f3ff 0x200d 0x2640 0xfe0f,1000,100,400,500,WOMAN KNEELING: DARK SKIN TONE,People & Body,Neutral
🧑‍🦯,0x1f9d1 0x200d 0x1f9af,1000,100,400,500,PERSON WITH WHITE CANE,People & Body,Neutral
🧑🏻‍🦯,0x1f9d1 0x1f3fb 0x200d 0x1f9af,1000,100,400,500,PERSON WITH WHITE CANE: LIGHT SKIN TONE,People & Body,Neutral
🧑🏼‍🦯,0x1f9d1 0x1f3fc 0x200d 0x1f9af,1000,100,400,500,PERSON WITH WHITE CANE: MEDIUM-LIGHT SKIN TONE,People & Body,Neutral
🧑🏽‍🦯,0x1f9d1 0x1f3fd 0x200d 0x1f9af,1000,100,400,500,PERSON WITH WHITE CANE: MEDIUM SKIN TONE,People & Body,Neutral
🧑🏾‍🦯,0x1f9d1 0x1f3fe 0x200d 0x1f9af,1000,100,400,500,PERSON WITH WHITE CANE: MEDIUM-DARK SKIN TONE,People & Body,Neutral
🧑🏿‍🦯,0x1f9d1 0x1f3ff 0x200d 0x1f9af,1000,100,400,500,PERSON WITH WHITE CANE: DARK SKIN TONE,People & Body,Neutral
👨‍🦯,0x1f468 0x200d 0x1f9af,1000,100,400,500,MAN WITH WHITE CANE,People & Body,Neutral
👨🏻‍🦯,0x1f468 0x1f3fb 0x200d 0x1f9af,1000,100,400,500,MAN WITH WHITE CANE: LIGHT SKIN TONE,People & Body,Neutral
👨🏼‍🦯,0x1f468 0x1f3fc 0x200d 0x1f9af,1000,100,400,500,MAN WITH WHITE CANE: MEDIUM-LIGHT SKIN TONE,People & Body,Neutral
👨🏽‍🦯,0x1f468 0x1f3fd 0x200d 0x1f9af,1000,100,400,500,MAN WITH WHITE CANE: MEDIUM SKIN TONE,People & Body,Neutral
👨🏾‍🦯,0x1f468 0x1f3fe 0x200d 0x1f9af,1000,100,400,500,MAN WITH WHITE CANE: MEDIUM-DARK SKIN TONE,People & Body,Neutral
👨🏿‍🦯,0x1f468 0x1f3ff 0x200d 0x1f9af,1000,100,400,500,MAN WITH WHITE CANE: DARK SKIN TONE,People & Body,Neutral
👩‍🦯,0x1f469 0x200d 0x1f9af,1000,100,400,500,WOMAN WITH WHITE CANE,People & Body,Neutral
👩🏻‍🦯,0x1f469 0x1f3fb 0x200d 0x1f9af,1000,100,400,500,WOMAN WITH WHITE CANE: LIGHT SKIN TONE,People & Body,Neutral
👩🏼‍🦯,0x1f469 0x1f3fc 0x200d 0x1f9af,1000,100,400,500,WOMAN WITH WHITE CANE: MEDIUM-LIGHT SKIN TONE,People & Body,Neutral
👩🏽‍🦯,0x1f469 0x1f3fd 0x200d 0x1f9af,1000,100,400,500,WOMAN WITH WHITE CANE: MEDIUM SKIN TONE,People & Body,Neutral
👩🏾‍🦯,0x1f469 0x1f3fe 0x200d 0x1f9af,1000,100,400,500,WOMAN WITH WHITE CANE: MEDIUM-DARK SKIN TONE,People & Body,Neutral
👩🏿‍🦯,0x1f469 0x1f3ff 0x200d 0x1f9af,1000,100,400,500,WOMAN WITH WHITE CANE: DARK SKIN TONE,People & Body,Neutral
🧑‍🦼,0x1f9d1 0x200d 0x1f9bc,1000,100,400,500,PERSON IN MOTORIZED WHEELCHAIR,People & Body,Neutral
🧑🏻‍🦼,0x1f9d1 0x1f3fb 0x200d 0x1f9bc,1000,100,400,500,PERSON IN MOTORIZED WHEELCHAIR: LIGHT SKIN TONE,People & Body,Neutral
🧑🏼‍🦼,0x1f9d1 0x1f3fc 0x200d 0x1f9bc,1000,100,400,500,PERSON IN MOTORIZED WHEELCHAIR: MEDIUM-LIGHT SKIN TONE,People & Body,Neutral
🧑🏽‍🦼,0x1f9d1 0x1f3fd 0x200d 0x1f9bc,1000,100,400,500,PERSON IN MOTORIZED WHEELCHAIR: MEDIUM SKIN TONE,People & Body,Neutral
🧑🏾‍🦼,0x1f9d1 0x1f3fe 0x200d 0x1f9bc,1000,100,400,500,PERSON IN MOTORIZED WHEELCHAIR: MEDIUM-DARK SKIN TONE,People & Body,Neutral
🧑🏿‍🦼,0x1f9d1 0x1f3ff 0x200d 0x1f9bc,1000,100,400,500,PERSON IN MOTORIZED WHEELCHAIR: DARK SKIN TONE,People & Body,Neutral
👨‍🦼,0x1f468 0x200d 0x1f9bc,1000,100,400,500,MAN IN MOTORIZED WHEELCHAIR,People & Body,Neutral
👨🏻‍🦼,0x1f468 0x1f3fb 0x200d 0x1f9bc,1000,100,400,500,MAN IN MOTORIZED WHEELCHAIR: LIGHT SKIN TONE,People & Body,Neutral
👨🏼‍🦼,0x1f468 0x1f3fc 0x200d 0x1f9bc,1000,100,400,500,MAN IN MOTORIZED WHEELCHAIR: MEDIUM-LIGHT SKIN TONE,People & Body,Neutral
👨🏽‍🦼,0x1f468 0x1f3fd 0x200d 0x1f9bc,1000,100,400,500,MAN IN MOTORIZED WHEELCHAIR: MEDIUM SKIN TONE,People & Body,Neutral
👨🏾‍🦼,0x1f468 0x1f3fe 0x200d 0x1f9bc,1000,100,400,500,MAN IN MOTORIZED WHEELCHAIR: MEDIUM-DARK SKIN TONE,People & Body,Neutral
👨🏿‍🦼,0x1f468 0x1f3ff 0x200d 0x1f9bc,1000,100,400,500,MAN IN MOTORIZED WHEELCHAIR: DARK SKIN TONE,People & Body,Neutral
👩‍🦼,0x1f469 0x200d 0x1f9bc,1000,100,400,500,WOMAN IN MOTORIZED WHEELCHAIR,People & Body,Neutral
👩🏻‍🦼,0x1f469 0x1f3fb 0x200d 0x1f9bc,1000,100,400,500,WOMAN IN MOTORIZED WHEELCHAIR: LIGHT SKIN TONE,People & Body,Neutral
👩🏼‍🦼,0x1f469 0x1f3fc 0x200d 0x1f9bc,1000,100,400,500,WOMAN IN MOTORIZED WHEELCHAIR: MEDIUM-LIGHT SKIN TONE,People & Body,Neutral
👩🏽‍🦼,0x1f469 0x1f3fd 0x200d 0x1f9bc,1000,100,400,500,WOMAN IN MOTORIZED WHEELCHAIR: MEDIUM SKIN TONE,People & Body,Neutral
👩🏾‍🦼,0x1f469 0x1f3fe 0x200d 0x1f9bc,1000,100,400,500,WOMAN IN MOTORIZED WHEELCHAIR: MEDIUM-DARK SKIN TONE,People & Body,Neutral
👩🏿‍🦼,0x1f469 0x1f3ff 0x200d 0x1f9bc,1000,100,400,500,WOMAN IN MOTORIZED WHEELCHAIR: DARK SKIN TONE,People & Body,Neutral
🧑‍🦽,0x1f9d1 0x200d 0x1f9bd,1000,100,400,500,PERSON IN MANUAL WHEELCHAIR,People & Body,Neutral
🧑🏻‍🦽,0x1f9d1 0x1f3fb 0x200d 0x1f9bd,1000,100,400,500,PERSON IN MANUAL WHEELCHAIR: LIGHT SKIN TONE,People & Body,Neutral
🧑🏼‍🦽,0x1f9d1 0x1f3fc 0x200d 0x1f9bd,1000,100,400,500,PERSON IN MANUAL WHEELCHAIR: MEDIUM-LIGHT SKIN TONE,People & Body,Neutral
🧑🏽‍🦽,0x1f9d1 0x1f3fd 0x200d 0x1f9bd,1000,100,400,500,PERSON IN MANUAL WHEELCHAIR: MEDIUM SKIN TONE,People & Body,Neutral
🧑🏾‍🦽,0x1f9d1 0x1f3fe 0x200d 0x1f9bd,1000,100,400,500,PERSON IN MANUAL WHEELCHAIR: MEDIUM-DARK SKIN TONE,People & Body,Neutral
🧑🏿‍🦽,0x1f9d1 0x1f3ff 0x200d 0x1f9bd,1000,100,400,500,PERSON IN MANUAL WHEELCHAIR: DARK SKIN TONE,People & Body,Neutral
👨‍🦽,0x1f468 0x200d 0x1f9bd,1000,100,400,500,MAN IN MANUAL WHEELCHAIR,People & Body,Neutral
👨🏻‍🦽,0x1f468 0x1f3fb 0x200d 0x1f9bd,1000,100,400,500,MAN IN MANUAL WHEELCHAIR: LIGHT SKIN TONE,People & Body,Neutral
👨🏼‍🦽,0x1f468 0x1f3fc 0x200d 0x1f9bd,1000,100,400,500,MAN IN MANUAL WHEELCHAIR: MEDIUM-LIGHT SKIN TONE,People & Body,Neutral
👨🏽‍🦽,0x1f468 0x1f3fd 0x200d 0x1f9bd,1000,100,400,500,MAN IN MANUAL WHEELCHAIR: MEDIUM SKIN TONE,People & Body,Neutral
👨🏾‍🦽,0x1f468 0x1f3fe 0x200d 0x1f9bd,1000,100,400,500,MAN IN MANUAL WHEELCHAIR: MEDIUM-DARK SKIN TONE,People & Body,Neutral
👨🏿‍🦽,0x1f468 0x1f3ff 0x200d 0x1f9bd,1000,100,400,500,MAN IN MANUAL WHEELCHAIR: DARK SKIN TONE,People & Body,Neutral
👩‍🦽,0x1f469 0x200d 0x1f9bd,1000,100,400,500,WOMAN IN MANUAL WHEELCHAIR,People & Body,Neutral
👩🏻‍🦽,0x1f469 0x1f3fb 0x200d 0x1f9bd,1000,100,400,500,WOMAN IN MANUAL WHEELCHAIR: LIGHT SKIN TONE,People & Body,Neutral
👩🏼‍🦽,0x1f469 0x1f3fc 0x200d 0x1f9bd,1000,100,400,500,WOMAN IN MANUAL WHEELCHAIR: MEDIUM-LIGHT SKIN TONE,People & Body,Neutral
👩🏽‍🦽,0x1f469 0x1f3fd 0x200d 0x1f9bd,1000,100,400,500,WOMAN IN MANUAL WHEELCHAIR: MEDIUM SKIN TONE,People & Body,Neutral
👩🏾‍🦽,0x1f469 0x1f3fe 0x200d 0x1f9bd,1000,100,400,500,WOMAN IN MANUAL WHEELCHAIR: MEDIUM-DARK SKIN TONE,People & Body,Neutral
👩🏿‍🦽,0x1f469 0x1f3ff 0x200d 0x1f9bd,1000,100,400,500,WOMAN IN MANUAL WHEELCHAIR: DARK SKIN TONE,People & Body,Neutral
🏃,0x1f3c3,1000,100,400,500,PERSON RUNNING,People & Body,Neutral
🏃🏻,0x1f3c3 0x1f3fb,1000,100,400,500,PERSON RUNNING: LIGHT SKIN TONE,People & Body,Neutral
🏃🏼,0x1f3c3 0x1f3fc,1000,100,400,500,PERSON RUNNING: MEDIUM-LIGHT SKIN TONE,People & Body,Neutral
🏃🏽,0x1f3c3 0x1f3fd,1000,100,400,500,PERSON RUNNING: MEDIUM SKIN TONE,People & Body,Neutral
🏃🏾,0x1f3c3 0x1f3fe,1000,100,400,500,PERSON RUNNING: MEDIUM-DARK SKIN TONE,People & Body,Neutral
🏃🏿,0x1f3c3 0x1f3ff,1000,100,400,500,PERSON RUNNING: DARK SKIN TONE,People & Body,Neutral
🏃‍♂️,0x1f3c3 0x200d 0x2642 0xfe0f,1000,100,400,500,MAN RUNNING,People & Body,Neutral
🏃🏻‍♂️,0x1f3c3 0x1f3fb 0x200d 0x2642 0xfe0f,1000,100,400,500,MAN RUNNING: LIGHT SKIN TONE,People & Body,Neutral
🏃🏼‍♂️,0x1f3c3 0x1f3fc 0x200d 0x2642 0xfe0f,1000,100,400,500,MAN RUNNING: MEDIUM-LIGHT SKIN TONE,People & Body,Neutral
🏃🏽‍♂️,0x1f3c3 0x1f3fd 0x200d 0x2642 0xfe0f,1000,100,400,500,MAN RUNNING: MEDIUM SKIN TONE,People & Body,Neutral
🏃🏾‍♂️,0x1f3c3 0x1f3fe 0x200d 0x2642 0xfe0f,1000,100,400,500,MAN RUNNING: MEDIUM-DARK SKIN TONE,People & Body,Neutral
🏃🏿‍♂️,0x1f3c3 0x1f3ff 0x200d 0x2642 0xfe0f,1000,100,400,500,MAN RUNNING: DARK SKIN TONE,People & Body,Neutral
🏃‍♀️,0x1f3c3 0x200d 0x2640 0xfe0f,1000,100,400,500,WOMAN RUNNING,People & Body,Neutral
🏃🏻‍♀️,0x1f3c3 0x1f3fb 0x200d 0x2640 0xfe0f,1000,100,400,500,WOMAN RUNNING: LIGHT SKIN TONE,People & Body,Neutral
🏃🏼‍♀️,0x1f3c3 0x1f3fc 0x200d 0x2640 0xfe0f,1000,100,400,500,WOMAN RUNNING: MEDIUM-LIGHT SKIN TONE,People & Body,Neutral
🏃🏽‍♀️,0x1f3c3 0x1f3fd 0x200d 0x2640 0xfe0f,1000,100,400,500,WOMAN RUNNING: MEDIUM SKIN TONE,People & Body,Neutral
🏃🏾‍♀️,0x1f3c3 0x1f3fe 0x200d 0x2640 0xfe0f,1000,100,400,500,WOMAN RUNNING: MEDIUM-DARK SKIN TONE,People & Body,Neutral
🏃🏿‍♀️,0x1f3c3 0x1f3ff 0x200d 0x2640 0xfe0f,1000,100,400,500,WOMAN RUNNING: DARK SKIN TONE,People & Body,Neutral
💃,0x1f483,1000,100,400,500,WOMAN DANCING,People & Body,Neutral
💃🏻,0x1f483 0x1f3fb,1000,100,400,500,WOMAN DANCING: LIGHT SKIN TONE,People & Body,Neutral
💃🏼,0x1f483 0x1f3fc,1000,100,400,500,WOMAN DANCING: MEDIUM-LIGHT SKIN TONE,People & Body,Neutral
💃🏽,0x1f483 0x1f3fd,1000,100,400,500,WOMAN DANCING: MEDIUM SKIN TONE,People & Body,Neutral
💃🏾,0x1f483 0x1f3fe,1000,100,400,500,WOMAN DANCING: MEDIUM-DARK SKIN TONE,People & Body,Neutral
💃🏿,0x1f483 0x1f3ff,1000,100,400,500,WOMAN DANCING: DARK SKIN TONE,People & Body,Neutral
🕺,0x1f57a,1000,100,400,500,MAN DANCING,People & Body,Neutral
🕺🏻,0x1f57a 0x1f3fb,1000,100,400,500,MAN DANCING: LIGHT SKIN TONE,People & Body,Neutral
🕺🏼,0x1f57a 0x1f3fc,1000,100,400,500,MAN DANCING: MEDIUM-LIGHT SKIN TONE,People & Body,Neutral
🕺🏽,0x1f57a 0x1f3fd,1000,100,400,500,MAN DANCING: MEDIUM SKIN TONE,People & Body,Neutral
🕺🏾,0x1f57a 0x1f3fe,1000,100,400,500,MAN DANCING: MEDIUM-DARK SKIN TONE,People & Body,Neutral
🕺🏿,0x1f57a 0x1f3ff,1000,100,400,500,MAN DANCING: DARK SKIN TONE,People & Body,Neutral
🕴️,0x1f574 0xfe0f,1000,100,400,500,PERSON IN SUIT LEVITATING,People & Body,Neutral
🕴🏻,0x1f574 0x1f3fb,1000,100,400,500,PERSON IN SUIT LEVITATING: LIGHT SKIN TONE,People & Body,Neutral
🕴🏼,0x1f574 0x1f3fc,1000,100,400,500,PERSON IN SUIT LEVITATING: MEDIUM-LIGHT SKIN TONE,People & Body,Neutral
🕴🏽,0x1f574 0x1f3fd,1000,100,400,500,PERSON IN SUIT LEVITATING: MEDIUM SKIN TONE,People & Body,Neutral
🕴🏾,0x1f574 0x1f3fe,1000,100,400,500,PERSON IN SUIT LEVITATING: MEDIUM-DARK SKIN TONE,People & Body,Neutral
🕴🏿,0x1f574 0x1f3ff,1000,100,400,500,PERSON IN SUIT LEVITATING: DARK SKIN TONE,People & Body,Neutral
👯,0x1f46f,1000,100,400,500,PEOPLE WITH BUNNY EARS,People & Body,Neutral
👯‍♂️,0x1f46f 0x200d 0x2642 0xfe0f,1000,100,400,500,MEN WITH BUNNY EARS,People & Body,Neutral
👯‍♀️,0x1f46f 0x200d 0x2640 0xfe0f,1000,100,400,500,WOMEN WITH BUNNY EARS,People & Body,Neutral
🧖,0x1f9d6,1000,100,400,500,PERSON IN STEAMY ROOM,People & Body,Neutral
🧖🏻,0x1f9d6 0x1f3fb,1000,100,400,500,PERSON IN STEAMY ROOM: LIGHT SKIN TONE,People & Body,Neutral
🧖🏼,0x1f9d6 0x1f3fc,1000,100,400,500,PERSON IN STEAMY ROOM: MEDIUM-LIGHT SKIN TONE,People & Body,Neutral
🧖🏽,0x1f9d6 0x1f3fd,1000,100,400,500,PERSON IN STEAMY ROOM: MEDIUM SKIN TONE,People & Body,Neutral
🧖🏾,0x1f9d6 0x1f3fe,1000,100,400,500,PERSON IN STEAMY ROOM: MEDIUM-DARK SKIN TONE,People & Body,Neutral
🧖🏿,0x1f9d6 0x1f3ff,1000,100,400,500,PERSON IN STEAMY ROOM: DARK SKIN TONE,People & Body,Neutral
🧖‍♂️,0x1f9d6 0x200d 0x2642 0xfe0f,1000,100,400,500,MAN IN STEAMY ROOM,People & Body,Neutral
🧖🏻‍♂️,0x1f9d6 0x1f3fb 0x200d 0x2642 0xfe0f,1000,100,400,500,MAN IN STEAMY ROOM: LIGHT SKIN TONE,People & Body,Neutral
🧖🏼‍♂️,0x1f9d6 0x1f3fc 0x200d 0x2642 0xfe0f,1000,100,400,500,MAN IN STEAMY ROOM: MEDIUM-LIGHT SKIN TONE,People & Body,Neutral
🧖🏽‍♂️,0x1f9d6 0x1f3fd 0x200d 0x2642 0xfe0f,1000,100,400,500,MAN IN STEAMY ROOM: MEDIUM SKIN TONE,People & Body,Neutral
🧖🏾‍♂️,0x1f9d6 0x1f3fe 0x200d 0x2642 0xfe0f,1000,100,400,500,MAN IN STEAMY ROOM: MEDIUM-DARK SKIN TONE,People & Body,Neutral
🧖🏿‍♂️,0x1f9d6 0x1f3ff 0x200d 0x2642 0xfe0f,1000,100,400,500,MAN IN STEAMY ROOM: DARK SKIN TONE,People & Body,Neutral
🧖‍♀️,0x1f9d6 0x200d 0x2640 0xfe0f,1000,100,400,500,WOMAN IN STEAMY ROOM,People & Body,Neutral
🧖🏻‍♀️,0x1f9d6 0x1f3fb 0x200d 0x2640 0xfe0f,1000,100,400,500,WOMAN IN STEAMY ROOM: LIGHT SKIN TONE,People & Body,Neutral
🧖🏼‍♀️,0x1f9d6 0x1f3fc 0x200d 0x2640 0xfe0f,1000,100,400,500,WOMAN IN STEAMY ROOM: MEDIUM-LIGHT SKIN TONE,People & Body,Neutral
🧖🏽‍♀️,0x1f9d6 0x1f3fd 0x200d 0x2640 0xfe0f,1000,100,400,500,WOMAN IN STEAMY ROOM: MEDIUM SKIN TONE,People & Body,Neutral
🧖🏾‍♀️,0x1f9d6 0x1f3fe 0x200d 0x2640 0xfe0f,1000,100,400,500,WOMAN IN STEAMY ROOM: MEDIUM-DARK SKIN TONE,People & Body,Neutral
🧖🏿‍♀️,0x1f9d6 0x1f3ff 0x200d 0x2640 0xfe0f,1000,100,400,500,WOMAN IN STEAMY ROOM: DARK SKIN TONE,People & Body,Neutral
🧗,0x1f9d7,1000,100,400,500,PERSON CLIMBING,People & Body,Neutral
🧗🏻,0x1f9d7 0x1f3fb,1000,100,400,500,PERSON CLIMBING: LIGHT SKIN TONE,People & Body,Neutral
🧗🏼,0x1f9d7 0x1f3fc,1000,100,400,500,PERSON CLIMBING: MEDIUM-LIGHT SKIN TONE,People & Body,Neutral
🧗🏽,0x1f9d7 0x1f3fd,1000,100,400,500,PERSON CLIMBING: MEDIUM SKIN TONE,People & Body,Neutral
🧗🏾,0x1f9d7 0x1f3fe,1000,100,400,500,PERSON CLIMBING: MEDIUM-DARK SKIN TONE,People & Body,Neutral
🧗🏿,0x1f9d7 0x1f3ff,1000,100,400,500,PERSON CLIMBING: DARK SKIN TONE,People & Body,Neutral
🧗‍♂️,0x1f9d7 0x200d 0x2642 0xfe0f,1000,100,400,500,MAN CLIMBING,People & Body,Neutral
🧗🏻‍♂️,0x1f9d7 0x1f3fb 0x200d 0x2642 0xfe0f,1000,100,400,500,MAN CLIMBING: LIGHT SKIN TONE,People & Body,Neutral
🧗🏼‍♂️,0x1f9d7 0x1f3fc 0x200d 0x2642 0xfe0f,1000,100,400,500,MAN CLIMBING: MEDIUM-LIGHT SKIN TONE,People & Body,Neutral
🧗🏽‍♂️,0x1f9d7 0x1f3fd 0x200d 0x2642 0xfe0f,1000,100,400,500,MAN CLIMBING: MEDIUM SKIN TONE,People & Body,Neutral
🧗🏾‍♂️,0x1f9d7 0x1f3fe 0x200d 0x2642 0xfe0f,1000,100,400,500,MAN CLIMBING: MEDIUM-DARK SKIN TONE,People & Body,Neutral
🧗🏿‍♂️,0x1f9d7 0x1f3ff 0x200d 0x2642 0xfe0f,1000,100,400,500,MAN CLIMBING: DARK SKIN TONE,People & Body,Neutral
🧗‍♀️,0x1f9d7 0x200d 0x2640 0xfe0f,1000,100,400,500,WOMAN CLIMBING,People & Body,Neutral
🧗🏻‍♀️,0x1f9d7 0x1f3fb 0x200d 0x2640 0xfe0f,1000,100,400,500,WOMAN CLIMBING: LIGHT SKIN TONE,People & Body,Neutral
🧗🏼‍♀️,0x1f9d7 0x1f3fc 0x200d 0x2640 0xfe0f,1000,100,400,500,WOMAN CLIMBING: MEDIUM-LIGHT SKIN TONE,People & Body,Neutral
🧗🏽‍♀️,0x1f9d7 0x1f3fd 0x200d 0x2640 0xfe0f,1000,100,400,500,WOMAN CLIMBING: MEDIUM SKIN TONE,People & Body,Neutral
🧗🏾‍♀️,0x1f9d7 0x1f3fe 0x200d 0x2640 0xfe0f,1000,100,400,500,WOMAN CLIMBING: MEDIUM-DARK SKIN TONE,People & Body,Neutral
🧗🏿‍♀️,0x1f9d7 0x1f3ff 0x200d 0x2640 0xfe0f,1000,100,400,500,WOMAN CLIMBING: DARK SKIN TONE,People & Body,Neutral
🤺,0x1f93a,1000,100,400,500,PERSON FENCING,People & Body,Neutral
🏇,0x1f3c7,1000,100,400,500,HORSE RACING,People & Body,Neutral
🏇🏻,0x1f3c7 0x1f3fb,1000,100,400,500,HORSE RACING: LIGHT SKIN TONE,People & Body,Neutral
🏇🏼,0x1f3c7 0x1f3fc,1000,100,400,500,HORSE RACING: MEDIUM-LIGHT SKIN TONE,People & Body,Neutral
🏇🏽,0x1f3c7 0x1f3fd,1000,100,400,500,HORSE RACING: MEDIUM SKIN TONE,People & Body,Neutral
🏇🏾,0x1f3c7 0x1f3fe,1000,100,400,500,HORSE RACING: MEDIUM-DARK SKIN TONE,People & Body,Neutral
🏇🏿,0x1f3c7 0x1f3ff,1000,100,400,500,HORSE RACING: DARK SKIN TONE,People & Body,Neutral
⛷️,0x26f7 0xfe0f,1000,100,400,500,SKIER,People & Body,Neutral
🏂,0x1f3c2,1000,100,400,500,SNOWBOARDER,People & Body,Neutral
🏂🏻,0x1f3c2 0x1f3fb,1000,100,400,500,SNOWBOARDER: LIGHT SKIN TONE,People & Body,Neutral
🏂🏼,0x1f3c2 0x1f3fc,1000,100,400,500,SNOWBOARDER: MEDIUM-LIGHT SKIN TONE,People & Body,Neutral
🏂🏽,0x1f3c2 0x1f3fd,1000,100,400,500,SNOWBOARDER: MEDIUM SKIN TONE,People & Body,Neutral
🏂🏾,0x1f3c2 0x1f3fe,1000,100,400,500,SNOWBOARDER: MEDIUM-DARK SKIN TONE,People & Body,Neutral
🏂🏿,0x1f3c2 0x1f3ff,1000,100,400,500,SNOWBOARDER: DARK SKIN TONE,People & Body,Neutral
🏌️,0x1f3cc 0xfe0f,1000,100,400,500,PERSON GOLFING,People & Body,Neutral
🏌🏻,0x1f3cc 0x1f3fb,1000,100,400,500,PERSON GOLFING: LIGHT SKIN TONE,People & Body,Neutral
🏌🏼,0x1f3cc 0x1f3fc,1000,100,400,500,PERSON GOLFING: MEDIUM-LIGHT SKIN TONE,People & Body,Neutral
🏌🏽,0x1f3cc 0x1f3fd,1000,100,400,500,PERSON GOLFING: MEDIUM SKIN TONE,People & Body,Neutral
🏌🏾,0x1f3cc 0x1f3fe,1000,100,400,500,PERSON GOLFING: MEDIUM-DARK SKIN TONE,People & Body,Neutral
🏌🏿,0x1f3cc 0x1f3ff,1000,100,400,500,PERSON GOLFING: DARK SKIN TONE,People & Body,Neutral
🏌️‍♂️,0x1f3cc 0xfe0f 0x200d 0x2642 0xfe0f,1000,100,400,500,MAN GOLFING,People & Body,Neutral
🏌🏻‍♂️,0x1f3cc 0x1f3fb 0x200d 0x2642 0xfe0f,1000,100,400,500,MAN GOLFING: LIGHT SKIN TONE,People & Body,Neutral
🏌🏼‍♂️,0x1f3cc 0x1f3fc 0x200d 0x2642 0xfe0f,1000,100,400,500,MAN GOLFING: MEDIUM-LIGHT SKIN TONE,People & Body,Neutral
🏌🏽‍♂️,0x1f3cc 0x1f3fd 0x200d 0x2642 0xfe0f,1000,100,400,500,MAN GOLFING: MEDIUM SKIN TONE,People & Body,Neutral
🏌🏾‍♂️,0x1f3cc 0x1f3fe 0x200d 0x2642 0xfe0f,1000,100,400,500,MAN GOLFING: MEDIUM-DARK SKIN TONE,People & Body,Neutral
🏌🏿‍♂️,0x1f3cc 0x1f3ff 0x200d 0x2642 0xfe0f,1000,100,400,500,MAN GOLFING: DARK SKIN TONE,People & Body,Neutral
🏌️‍♀️,0x1f3cc 0xfe0f 0x200d 0x2640 0xfe0f,1000,100,400,500,WOMAN GOLFING,People & Body,Neutral
🏌🏻‍♀️,0x1f3cc 0x1f3fb 0x200d 0x2640 0xfe0f,1000,100,400,500,WOMAN GOLFING: LIGHT SKIN TONE,People & Body,Neutral
🏌🏼‍♀️,0x1f3cc 0x1f3fc 0x200d 0x2640 0xfe0f,1000,100,400,500,WOMAN GOLFING: MEDIUM-LIGHT SKIN TONE,People & Body,Neutral
🏌🏽‍♀️,0x1f3cc 0x1f3fd 0x200d 0x2640 0xfe0f,1000,100,400,500,WOMAN GOLFING: MEDIUM SKIN TONE,People & Body,Neutral
🏌🏾‍♀️,0x1f3cc 0x1f3fe 0x200d 0x2640 0xfe0f,1000,100,400,500,WOMAN GOLFING: MEDIUM-DARK SKIN TONE,People & Body,Neutral
🏌🏿‍♀️,0x1f3cc 0x1f3ff 0x200d 0x2640 0xfe0f,1000,100,400,500,WOMAN GOLFING: DARK SKIN TONE,People & Body,Neutral
🏄,0x1f3c4,1000,100,400,500,PERSON SURFING,People & Body,Neutral
🏄🏻,0x1f3c4 0x1f3fb,1000,100,400,500,PERSON SURFING: LIGHT SKIN TONE,People & Body,Neutral
🏄🏼,0x1f3c4 0x1f3fc,1000,100,400,500,PERSON SURFING: MEDIUM-LIGHT SKIN TONE,People & Body,Neutral
🏄🏽,0x1f3c4 0x1f3fd,1000,100,400,500,PERSON SURFING: MEDIUM SKIN TONE,People & Body,Neutral
🏄🏾,0x1f3c4 0x1f3fe,1000,100,400,500,PERSON SURFING: MEDIUM-DARK SKIN TONE,People & Body,Neutral
🏄🏿,0x1f3c4 0x1f3ff,1000,100,400,500,PERSON SURFING: DARK SKIN TONE,People & Body,Neutral
🏄‍♂️,0x1f3c4 0x200d 0x2642 0xfe0f,1000,100,400,500,MAN SURFING,People & Body,Neutral
🏄🏻‍♂️,0x1f3c4 0x1f3fb 0x200d 0x2642 0xfe0f,1000,100,400,500,MAN SURFING: LIGHT SKIN TONE,People & Body,Neutral
🏄🏼‍♂️,0x1f3c4 0x1f3fc 0x200d 0x2642 0xfe0f,1000,100,400,500,MAN SURFING: MEDIUM-LIGHT SKIN TONE,People & Body,Neutral
🏄🏽‍♂️,0x1f3c4 0x1f3fd 0x200d 0x2642 0xfe0f,1000,100,400,500,MAN SURFING: MEDIUM SKIN TONE,People & Body,Neutral
🏄🏾‍♂️,0x1f3c4 0x1f3fe 0x200d 0x2642 0xfe0f,1000,100,400,500,MAN SURFING: MEDIUM-DARK SKIN TONE,People & Body,Neutral
🏄🏿‍♂️,0x1f3c4 0x1f3ff 0x200d 0x2642 0xfe0f,1000,100,400,500,MAN SURFING: DARK SKIN TONE,People & Body,Neutral
🏄‍♀️,0x1f3c4 0x200d 0x2640 0xfe0f,1000,100,400,500,WOMAN SURFING,People & Body,Neutral
🏄🏻‍♀️,0x1f3c4 0x1f3fb 0x200d 0x2640 0xfe0f,1000,100,400,500,WOMAN SURFING: LIGHT SKIN TONE,People & Body,Neutral
🏄🏼‍♀️,0x1f3c4 0x1f3fc 0x200d 0x2640 0xfe0f,1000,100,400,500,WOMAN SURFING: MEDIUM-LIGHT SKIN TONE,People & Body,Neutral
🏄🏽‍♀️,0x1f3c4 0x1f3fd 0x200d 0x2640 0xfe0f,1000,100,400,500,WOMAN SURFING: MEDIUM SKIN TONE,People & Body,Neutral
🏄🏾‍♀️,0x1f3c4 0x1f3fe 0x200d 0x2640 0xfe0f,1000,100,400,500,WOMAN SURFING: MEDIUM-DARK SKIN TONE,People & Body,Neutral
🏄🏿‍♀️,0x1f3c4 0x1f3ff 0x200d 0x2640 0xfe0f,1000,100,400,500,WOMAN SURFING: DARK SKIN TONE,People & Body,Neutral
🚣,0x1f6a3,1000,100,400,500,PERSON ROWING BOAT,People & Body,Neutral
🚣🏻,0x1f6a3 0x1f3fb,1000,100,400,500,PERSON ROWING BOAT: LIGHT SKIN TONE,People & Body,Neutral
🚣🏼,0x1f6a3 0x1f3fc,1000,100,400,500,PERSON ROWING BOAT: MEDIUM-LIGHT SKIN TONE,People & Body,Neutral
🚣🏽,0x1f6a3 0x1f3fd,1000,100,400,500,PERSON ROWING BOAT: MEDIUM SKIN TONE,People & Body,Neutral
🚣🏾,0x1f6a3 0x1f3fe,1000,100,400,500,PERSON ROWING BOAT: MEDIUM-DARK SKIN TONE,People & Body,Neutral
🚣🏿,0x1f6a3 0x1f3ff,1000,100,400,500,PERSON ROWING BOAT: DARK SKIN TONE,People & Body,Neutral
🚣‍♂️,0x1f6a3 0x200d 0x2642 0xfe0f,1000,100,400,500,MAN ROWING BOAT,People & Body,Neutral
🚣🏻‍♂️,0x1f6a3 0x1f3fb 0x200d 0x2642 0xfe0f,1000,100,400,500,MAN ROWING BOAT: LIGHT SKIN TONE,People & Body,Neutral
🚣🏼‍♂️,0x1f6a3 0x1f3fc 0x200d 0x2642 0xfe0f,1000,100,400,500,MAN ROWING BOAT: MEDIUM-LIGHT SKIN TONE,People & Body,Neutral
🚣🏽‍♂️,0x1f6a3 0x1f3fd 0x200d 0x2642 0xfe0f,1000,100,400,500,MAN ROWING BOAT: MEDIUM SKIN TONE,People & Body,Neutral
🚣🏾‍♂️,0x1f6a3 0x1f3fe 0x200d 0x2642 0xfe0f,1000,100,400,500,MAN ROWING BOAT: MEDIUM-DARK SKIN TONE,People & Body,Neutral
🚣🏿‍♂️,0x1f6a3 0x1f3ff 0x200d 0x2642 0xfe0f,1000,100,400,500,MAN ROWING BOAT: DARK SKIN TONE,People & Body,Neutral
🚣‍♀️,0x1f6a3 0x200d 0x2640 0xfe0f,1000,100,400,500,WOMAN ROWING BOAT,People & Body,Neutral
🚣🏻‍♀️,0x1f6a3 0x1f3fb 0x200d 0x2640 0xfe0f,1000,100,400,500,WOMAN ROWING BOAT: LIGHT SKIN TONE,People & Body,Neutral
🚣🏼‍♀️,0x1f6a3 0x1f3fc 0x200d 0x2640 0xfe0f,1000,100,400,500,WOMAN ROWING BOAT: MEDIUM-LIGHT SKIN TONE,People & Body,Neutral
🚣🏽‍♀️,0x1f6a3 0x1f3fd 0x200d 0x2640 0xfe0f,1000,100,400,500,WOMAN ROWING BOAT: MEDIUM SKIN TONE,People & Body,Neutral
🚣🏾‍♀️,0x1f6a3 0x1f3fe 0x200d 0x2640 0xfe0f,1000,100,400,500,WOMAN ROWING BOAT: MEDIUM-DARK SKIN TONE,People & Body,Neutral
🚣🏿‍♀️,0x1f6a3 0x1f3ff 0x200d 0x2640 0xfe0f,1000,100,400,500,WOMAN ROWING BOAT: DARK SKIN TONE,People & Body,Neutral
🏊,0x1f3ca,1000,100,400,500,PERSON SWIMMING,People & Body,Neutral
🏊🏻,0x1f3ca 0x1f3fb,1000,100,400,500,PERSON SWIMMING: LIGHT SKIN TONE,People & Body,Neutral
🏊🏼,0x1f3ca 0x1f3fc,1000,100,400,500,PERSON SWIMMING: MEDIUM-LIGHT SKIN TONE,People & Body,Neutral
🏊🏽,0x1f3ca 0x1f3fd,1000,100,400,500,PERSON SWIMMING: MEDIUM SKIN TONE,People & Body,Neutral
🏊🏾,0x1f3ca 0x1f3fe,1000,100,400,500,PERSON SWIMMING: MEDIUM-DARK SKIN TONE,People & Body,Neutral
🏊🏿,0x1f3ca 0x1f3ff,1000,100,400,500,PERSON SWIMMING: DARK SKIN TONE,People & Body,Neutral
🏊‍♂️,0x1f3ca 0x200d 0x2642 0xfe0f,1000,100,400,500,MAN SWIMMING,People & Body,Neutral
🏊🏻‍♂️,0x1f3ca 0x1f3fb 0x200d 0x2642 0xfe0f,1000,100,400,500,MAN SWIMMING: LIGHT SKIN TONE,People & Body,Neutral
🏊🏼‍♂️,0x1f3ca 0x1f3fc 0x200d 0x2642 0xfe0f,1000,100,400,500,MAN SWIMMING: MEDIUM-LIGHT SKIN TONE,People & Body,Neutral
🏊🏽‍♂️,0x1f3ca 0x1f3fd 0x200d 0x2642 0xfe0f,1000,100,400,500,MAN SWIMMING: MEDIUM SKIN TONE,People & Body,Neutral
🏊🏾‍♂️,0x1f3ca 0x1f3fe 0x200d 0x2642 0xfe0f,1000,100,400,500,MAN SWIMMING: MEDIUM-DARK SKIN TONE,People & Body,Neutral
🏊🏿‍♂️,0x1f3ca 0x1f3ff 0x200d 0x2642 0xfe0f,1000,100,400,500,MAN SWIMMING: DARK SKIN TONE,People & Body,Neutral
🏊‍♀️,0x1f3ca 0x200d 0x2640 0xfe0f,1000,100,400,500,WOMAN SWIMMING,People & Body,Neutral
🏊🏻‍♀️,0x1f3ca 0x1f3fb 0x200d 0x2640 0xfe0f,1000,100,400,500,WOMAN SWIMMING: LIGHT SKIN TONE,People & Body,Neutral
🏊🏼‍♀️,0x1f3ca 0x1f3fc 0x200d 0x2640 0xfe0f,1000,100,400,500,WOMAN SWIMMING: MEDIUM-LIGHT SKIN TONE,People & Body,Neutral
🏊🏽‍♀️,0x1f3ca 0x1f3fd 0x200d 0x2640 0xfe0f,1000,100,400,500,WOMAN SWIMMING: MEDIUM SKIN TONE,People & Body,Neutral
🏊🏾‍♀️,0x1f3ca 0x1f3fe 0x200d 0x2640 0xfe0f,1000,100,400,500,WOMAN SWIMMING: MEDIUM-DARK SKIN TONE,People & Body,Neutral
🏊🏿‍♀️,0x1f3ca 0x1f3ff 0x200d 0x2640 0xfe0f,1000,100,400,500,WOMAN SWIMMING: DARK SKIN TONE,People & Body,Neutral
⛹️,0x26f9 0xfe0f,1000,100,400,500,PERSON BOUNCING BALL,People & Body,Neutral
⛹🏻,0x26f9 0x1f3fb,1000,100,400,500,PERSON BOUNCING BALL: LIGHT SKIN TONE,People & Body,Neutral
⛹🏼,0x26f9 0x1f3fc,1000,100,400,500,PERSON BOUNCING BALL: MEDIUM-LIGHT SKIN TONE,People & Body,Neutral
⛹🏽,0x26f9 0x1f3fd,1000,100,400,500,PERSON BOUNCING BALL: MEDIUM SKIN TONE,People & Body,Neutral
⛹🏾,0x26f9 0x1f3fe,1000,100,400,500,PERSON BOUNCING BALL: MEDIUM-DARK SKIN TONE,People & Body,Neutral
⛹🏿,0x26f9 0x1f3ff,1000,100,400,500,PERSON BOUNCING BALL: DARK SKIN TONE,People & Body,Neutral
⛹️‍♂️,0x26f9 0xfe0f 0x200d 0x2642 0xfe0f,1000,100,400,500,MAN BOUNCING BALL,People & Body,Neutral
⛹🏻‍♂️,0x26f9 0x1f3fb 0x200d 0x2642 0xfe0f,1000,100,400,500,MAN BOUNCING BALL: LIGHT SKIN TONE,People & Body,Neutral
⛹🏼‍♂️,0x26f9 0x1f3fc 0x200d 0x2642 0xfe0f,1000,100,400,500,MAN BOUNCING BALL: MEDIUM-LIGHT SKIN TONE,People & Body,Neutral
⛹🏽‍♂️,0x26f9 0x1f3fd 0x200d 0x2642 0xfe0f,1000,100,400,500,MAN BOUNCING BALL: MEDIUM SKIN TONE,People & Body,Neutral
⛹🏾‍♂️,0x26f9 0x1f3fe 0x200d 0x2642 0xfe0f,1000,100,400,500,MAN BOUNCING BALL: MEDIUM-DARK SKIN TONE,People & Body,Neutral
⛹🏿‍♂️,0x26f9 0x1f3ff 0x200d 0x2642 0xfe0f,1000,100,400,500,MAN BOUNCING BALL: DARK SKIN TONE,People & Body,Neutral
⛹️‍♀️,0x26f9 0xfe0f 0x200d 0x2640 0xfe0f,1000,100,400,500,WOMAN BOUNCING BALL,People & Body,Neutral
⛹🏻‍♀️,0x26f9 0x1f3fb 0x200d 0x2640 0xfe0f,1000,100,400,500,WOMAN BOUNCING BALL: LIGHT SKIN TONE,People & Body,Neutral
⛹🏼‍♀️,0x26f9 0x1f3fc 0x200d 0x2640 0xfe0f,1000,100,400,500,WOMAN BOUNCING BALL: MEDIUM-LIGHT SKIN TONE,People & Body,Neutral
⛹🏽‍♀️,0x26f9 0x1f3fd 0x200d 0x2640 0xfe0f,1000,100,400,500,WOMAN BOUNCING BALL: MEDIUM SKIN TONE,People & Body,Neutral
⛹🏾‍♀️,0x26f9 0x1f3fe 0x200d 0x2640 0xfe0f,1000,100,400,500,WOMAN BOUNCING BALL: MEDIUM-DARK SKIN TONE,People & Body,Neutral
⛹🏿‍♀️,0x26f9 0x1f3ff 0x200d 0x2640 0xfe0f,1000,100,400,500,WOMAN BOUNCING BALL: DARK SKIN TONE,People & Body,Neutral
🏋️,0x1f3cb 0xfe0f,1000,100,400,500,PERSON LIFTING WEIGHTS,People & Body,Neutral
🏋🏻,0x1f3cb 0x1f3fb,1000,100,400,500,PERSON LIFTING WEIGHTS: LIGHT SKIN TONE,People & Body,Neutral
🏋🏼,0x1f3cb 0x1f3fc,1000,100,400,500,PERSON LIFTING WEIGHTS: MEDIUM-LIGHT SKIN TONE,People & Body,Neutral
🏋🏽,0x1f3cb 0x1f3fd,1000,100,400,500,PERSON LIFTING WEIGHTS: MEDIUM SKIN TONE,People & Body,Neutral
🏋🏾,0x1f3cb 0x1f3fe,1000,100,400,500,PERSON LIFTING WEIGHTS: MEDIUM-DARK SKIN TONE,People & Body,Neutral
🏋🏿,0x1f3cb 0x1f3ff,1000,100,400,500,PERSON LIFTING WEIGHTS: DARK SKIN TONE,People & Body,Neutral
🏋️‍♂️,0x1f3cb 0xfe0f 0x200d 0x2642 0xfe0f,1000,100,400,500,MAN LIFTING WEIGHTS,People & Body,Neutral
🏋🏻‍♂️,0x1f3cb 0x1f3fb 0x200d 0x2642 0xfe0f,1000,100,400,500,MAN LIFTING WEIGHTS: LIGHT SKIN TONE,People & Body,Neutral
🏋🏼‍♂️,0x1f3cb 0x1f3fc 0x200d 0x2642 0xfe0f,1000,100,400,500,MAN LIFTING WEIGHTS: MEDIUM-LIGHT SKIN TONE,People & Body,Neutral
🏋🏽‍♂️,0x1f3cb 0x1f3fd 0x200d 0x2642 0xfe0f,1000,100,400,500,MAN LIFTING WEIGHTS: MEDIUM SKIN TONE,People & Body,Neutral
🏋🏾‍♂️,0x1f3cb 0x1f3fe 0x200d 0x2642 0xfe0f,1000,100,400,500,MAN LIFTING WEIGHTS: MEDIUM-DARK SKIN TONE,People & Body,Neutral
🏋🏿‍♂️,0x1f3cb 0x1f3ff 0x200d 0x2642 0xfe0f,1000,100,400,500,MAN LIFTING WEIGHTS: DARK SKIN TONE,People & Body,Neutral
🏋️‍♀️,0x1f3cb 0xfe0f 0x200d 0x2640 0xfe0f,1000,100,400,500,WOMAN LIFTING WEIGHTS,People & Body,Neutral
🏋🏻‍♀️,0x1f3cb 0x1f3fb 0x200d 0x2640 0xfe0f,1000,100,400,500,WOMAN LIFTING WEIGHTS: LIGHT SKIN TONE,People & Body,Neutral
🏋🏼‍♀️,0x1f3cb 0x1f3fc 0x200d 0x2640 0xfe0f,1000,100,400,500,WOMAN LIFTING WEIGHTS: MEDIUM-LIGHT SKIN TONE,People & Body,Neutral
🏋🏽‍♀️,0x1f3cb 0x1f3fd 0x200d 0x2640 0xfe0f,1000,100,400,500,WOMAN LIFTING WEIGHTS: MEDIUM SKIN TONE,People & Body,Neutral
🏋🏾‍♀️,0x1f3cb 0x1f3fe 0x200d 0x2640 0xfe0f,1000,100,400,500,WOMAN LIFTING WEIGHTS: MEDIUM-DARK SKIN TONE,People & Body,Neutral
🏋🏿‍♀️,0x1f3cb 0x1f3ff 0x200d 0x2640 0xfe0f,1000,100,400,500,WOMAN LIFTING WEIGHTS: DARK SKIN TONE,People & Body,Neutral
🚴,0x1f6b4,1000,100,400,500,PERSON BIKING,People & Body,Neutral
🚴🏻,0x1f6b4 0x1f3fb,1000,100,400,500,PERSON BIKING: LIGHT SKIN TONE,People & Body,Neutral
🚴🏼,0x1f6b4 0x1f3fc,1000,100,400,500,PERSON BIKING: MEDIUM-LIGHT SKIN TONE,People & Body,Neutral
🚴🏽,0x1f6b4 0x1f3fd,1000,100,400,500,PERSON BIKING: MEDIUM SKIN TONE,People & Body,Neutral
🚴🏾,0x1f6b4 0x1f3fe,1000,100,400,500,PERSON BIKING: MEDIUM-DARK SKIN TONE,People & Body,Neutral
🚴🏿,0x1f6b4 0x1f3ff,1000,100,400,500,PERSON BIKING: DARK SKIN TONE,People & Body,Neutral
🚴‍♂️,0x1f6b4 0x200d 0x2642 0xfe0f,1000,100,400,500,MAN BIKING,People & Body,Neutral
🚴🏻‍♂️,0x1f6b4 0x1f3fb 0x200d 0x2642 0xfe0f,1000,100,400,500,MAN BIKING: LIGHT SKIN TONE,People & Body,Neutral
🚴🏼‍♂️,0x1f6b4 0x1f3fc 0x200d 0x2642 0xfe0f,1000,100,400,500,MAN BIKING: MEDIUM-LIGHT SKIN TONE,People & Body,Neutral
🚴🏽‍♂️,0x1f6b4 0x1f3fd 0x200d 0x2642 0xfe0f,1000,100,400,500,MAN BIKING: MEDIUM SKIN TONE,People & Body,Neutral
🚴🏾‍♂️,0x1f6b4 0x1f3fe 0x200d 0x2642 0xfe0f,1000,100,400,500,MAN BIKING: MEDIUM-DARK SKIN TONE,People & Body,Neutral
🚴🏿‍♂️,0x1f6b4 0x1f3ff 0x200d 0x2642 0xfe0f,1000,100,400,500,MAN BIKING: DARK SKIN TONE,People & Body,Neutral
🚴‍♀️,0x1f6b4 0x200d 0x2640 0xfe0f,1000,100,400,500,WOMAN BIKING,People & Body,Neutral
🚴🏻‍♀️,0x1f6b4 0x1f3fb 0x200d 0x2640 0xfe0f,1000,100,400,500,WOMAN BIKING: LIGHT SKIN TONE,People & Body,Neutral
🚴🏼‍♀️,0x1f6b4 0x1f3fc 0x200d 0x2640 0xfe0f,1000,100,400,500,WOMAN BIKING: MEDIUM-LIGHT SKIN TONE,People & Body,Neutral
🚴🏽‍♀️,0x1f6b4 0x1f3fd 0x200d 0x2640 0xfe0f,1000,100,400,500,WOMAN BIKING: MEDIUM SKIN TONE,People & Body,Neutral
🚴🏾‍♀️,0x1f6b4 0x1f3fe 0x200d 0x2640 0xfe0f,1000,100,400,500,WOMAN BIKING: MEDIUM-DARK SKIN TONE,People & Body,Neutral
🚴🏿‍♀️,0x1f6b4 0x1f3ff 0x200d 0x2640 0xfe0f,1000,100,400,500,WOMAN BIKING: DARK SKIN TONE,People & Body,Neutral
🚵,0x1f6b5,1000,100,400,500,PERSON MOUNTAIN BIKING,People & Body,Neutral
🚵🏻,0x1f6b5 0x1f3fb,1000,100,400,500,PERSON MOUNTAIN BIKING: LIGHT SKIN TONE,People & Body,Neutral
🚵🏼,0x1f6b5 0x1f3fc,1000,100,400,500,PERSON MOUNTAIN BIKING: MEDIUM-LIGHT SKIN TONE,People & Body,Neutral
🚵🏽,0x1f6b5 0x1f3fd,1000,100,400,500,PERSON MOUNTAIN BIKING: MEDIUM SKIN TONE,People & Body,Neutral
🚵🏾,0x1f6b5 0x1f3fe,1000,100,400,500,PERSON MOUNTAIN BIKING: MEDIUM-DARK SKIN TONE,People & Body,Neutral
🚵🏿,0x1f6b5 0x1f3ff,1000,100,400,500,PERSON MOUNTAIN BIKING: DARK SKIN TONE,People & Body,Neutral
🚵‍♂️,0x1f6b5 0x200d 0x2642 0xfe0f,1000,100,400,500,MAN MOUNTAIN BIKING,People & Body,Neutral
🚵🏻‍♂️,0x1f6b5 0x1f3fb 0x200d 0x2642 0xfe0f,1000,100,400,500,MAN MOUNTAIN BIKING: LIGHT SKIN TONE,People & Body,Neutral
🚵🏼‍♂️,0x1f6b5 0x1f3fc 0x200d 0x2642 0xfe0f,1000,100,400,500,MAN MOUNTAIN BIKING: MEDIUM-LIGHT SKIN TONE,People & Body,Neutral
🚵🏽‍♂️,0x1f6b5 0x1f3fd 0x200d 0x2642 0xfe0f,1000,100,400,500,MAN MOUNTAIN BIKING: MEDIUM SKIN TONE,People & Body,Neutral
🚵🏾‍♂️,0x1f6b5 0x1f3fe 0x200d 0x2642 0xfe0f,1000,100,400,500,MAN MOUNTAIN BIKING: MEDIUM-DARK SKIN TONE,People & Body,Neutral
🚵🏿‍♂️,0x1f6b5 0x1f3ff 0x200d 0x2642 0xfe0f,1000,100,400,500,MAN MOUNTAIN BIKING: DARK SKIN TONE,People & Body,Neutral
🚵‍♀️,0x1f6b5 0x200d 0x2640 0xfe0f,1000,100,400,500,WOMAN MOUNTAIN BIKING,People & Body,Neutral
🚵🏻‍♀️,0x1f6b5 0x1f3fb 0x200d 0x2640 0xfe0f,1000,100,400,500,WOMAN MOUNTAIN BIKING: LIGHT SKIN TONE,People & Body,Neutral
🚵🏼‍♀️,0x1f6b5 0x1f3fc 0x200d 0x2640 0xfe0f,1000,100,400,500,WOMAN MOUNTAIN BIKING: MEDIUM-LIGHT SKIN TONE,People & Body,Neutral
🚵🏽‍♀️,0x1f6b5 0x1f3fd 0x200d 0x2640 0xfe0f,1000,100,400,500,WOMAN MOUNTAIN BIKING: MEDIUM SKIN TONE,People & Body,Neutral
🚵🏾‍♀️,0x1f6b5 0x1f3fe 0x200d 0x2640 0xfe0f,1000,100,400,500,WOMAN MOUNTAIN BIKING: MEDIUM-DARK SKIN TONE,People & Body,Neutral
🚵🏿‍♀️,0x1f6b5 0x1f3ff 0x200d 0x2640 0xfe0f,1000,100,400,500,WOMAN MOUNTAIN BIKING: DARK SKIN TONE,People & Body,Neutral
🤸,0x1f938,1000,100,400,500,PERSON CARTWHEELING,People & Body,Neutral
🤸🏻,0x1f938 0x1f3fb,1000,100,400,500,PERSON CARTWHEELING: LIGHT SKIN TONE,People & Body,Neutral
🤸🏼,0x1f938 0x1f3fc,1000,100,400,500,PERSON CARTWHEELING: MEDIUM-LIGHT SKIN TONE,People & Body,Neutral
🤸🏽,0x1f938 0x1f3fd,1000,100,400,500,PERSON CARTWHEELING: MEDIUM SKIN TONE,People & Body,Neutral
🤸🏾,0x1f938 0x1f3fe,1000,100,400,500,PERSON CARTWHEELING: MEDIUM-DARK SKIN TONE,People & Body,Neutral
🤸🏿,0x1f938 0x1f3ff,1000,100,400,500,PERSON CARTWHEELING: DARK SKIN TONE,People & Body,Neutral
🤸‍♂️,0x1f938 0x200d 0x2642 0xfe0f,1000,100,400,500,MAN CARTWHEELING,People & Body,Neutral
🤸🏻‍♂️,0x1f938 0x1f3fb 0x200d 0x2642 0xfe0f,1000,100,400,500,MAN CARTWHEELING: LIGHT SKIN TONE,People & Body,Neutral
🤸🏼‍♂️,0x1f938 0x1f3fc 0x200d 0x2642 0xfe0f,1000,100,400,500,MAN CARTWHEELING: MEDIUM-LIGHT SKIN TONE,People & Body,Neutral
🤸🏽‍♂️,0x1f938 0x1f3fd 0x200d 0x2642 0xfe0f,1000,100,400,500,MAN CARTWHEELING: MEDIUM SKIN TONE,People & Body,Neutral
🤸🏾‍♂️,0x1f938 0x1f3fe 0x200d 0x2642 0xfe0f,1000,100,400,500,MAN CARTWHEELING: MEDIUM-DARK SKIN TONE,People & Body,Neutral
🤸🏿‍♂️,0x1f938 0x1f3ff 0x200d 0x2642 0xfe0f,1000,100,400,500,MAN CARTWHEELING: DARK SKIN TONE,People & Body,Neutral
🤸‍♀️,0x1f938 0x200d 0x2640 0xfe0f,1000,100,400,500,WOMAN CARTWHEELING,People & Body,Neutral
🤸🏻‍♀️,0x1f938 0x1f3fb 0x200d 0x2640 0xfe0f,1000,100,400,500,WOMAN CARTWHEELING: LIGHT SKIN TONE,People & Body,Neutral
🤸🏼‍♀️,0x1f938 0x1f3fc 0x200d 0x2640 0xfe0f,1000,100,400,500,WOMAN CARTWHEELING: MEDIUM-LIGHT SKIN TONE,People & Body,Neutral
🤸🏽‍♀️,0x1f938 0x1f3fd 0x200d 0x2640 0xfe0f,1000,100,400,500,WOMAN CARTWHEELING: MEDIUM SKIN TONE,People & Body,Neutral
🤸🏾‍♀️,0x1f938 0x1f3fe 0x200d 0x2640 0xfe0f,1000,100,400,500,WOMAN CARTWHEELING: MEDIUM-DARK SKIN TONE,People & Body,Neutral
🤸🏿‍♀️,0x1f938 0x1f3ff 0x200d 0x2640 0xfe0f,1000,100,400,500,WOMAN CARTWHEELING: DARK SKIN TONE,People & Body,Neutral
🤼,0x1f93c,1000,100,400,500,PEOPLE WRESTLING,People & Body,Neutral
🤼‍♂️,0x1f93c 0x200d 0x2642 0xfe0f,1000,100,400,500,MEN WRESTLING,People & Body,Neutral
🤼‍♀️,0x1f93c 0x200d 0x2640 0xfe0f,1000,100,400,500,WOMEN WRESTLING,People & Body,Neutral
🤽,0x1f93d,1000,100,400,500,PERSON PLAYING WATER POLO,People & Body,Neutral
🤽🏻,0x1f93d 0x1f3fb,1000,100,400,500,PERSON PLAYING WATER POLO: LIGHT SKIN TONE,People & Body,Neutral
🤽🏼,0x1f93d 0x1f3fc,1000,100,400,500,PERSON PLAYING WATER POLO: MEDIUM-LIGHT SKIN TONE,People & Body,Neutral
🤽🏽,0x1f93d 0x1f3fd,1000,100,400,500,PERSON PLAYING WATER POLO: MEDIUM SKIN TONE,People & Body,Neutral
🤽🏾,0x1f93d 0x1f3fe,1000,100,400,500,PERSON PLAYING WATER POLO: MEDIUM-DARK SKIN TONE,People & Body,Neutral
🤽🏿,0x1f93d 0x1f3ff,1000,100,400,500,PERSON PLAYING WATER POLO: DARK SKIN TONE,People & Body,Neutral
🤽‍♂️,0x1f93d 0x200d 0x2642 0xfe0f,1000,100,400,500,MAN PLAYING WATER POLO,People & Body,Neutral
🤽🏻‍♂️,0x1f93d 0x1f3fb 0x200d 0x2642 0xfe0f,1000,100,400,500,MAN PLAYING WATER POLO: LIGHT SKIN TONE,People & Body,Neutral
🤽🏼‍♂️,0x1f93d 0x1f3fc 0x200d 0x2642 0xfe0f,1000,100,400,500,MAN PLAYING WATER POLO: MEDIUM-LIGHT SKIN TONE,People & Body,Neutral
🤽🏽‍♂️,0x1f93d 0x1f3fd 0x200d 0x2642 0xfe0f,1000,100,400,500,MAN PLAYING WATER POLO: MEDIUM SKIN TONE,People & Body,Neutral
🤽🏾‍♂️,0x1f93d 0x1f3fe 0x200d 0x2642 0xfe0f,1000,100,400,500,MAN PLAYING WATER POLO: MEDIUM-DARK SKIN TONE,People & Body,Neutral
🤽🏿‍♂️,0x1f93d 0x1f3ff 0x200d 0x2642 0xfe0f,1000,100,400,500,MAN PLAYING WATER POLO: DARK SKIN TONE,People & Body,Neutral
🤽‍♀️,0x1f93d 0x200d 0x2640 0xfe0f,1000,100,400,500,WOMAN PLAYING WATER POLO,People & Body,Neutral
🤽🏻‍♀️,0x1f93d 0x1f3fb 0x200d 0x2640 0xfe0f,1000,100,400,500,WOMAN PLAYING WATER POLO: LIGHT SKIN TONE,People & Body,Neutral
🤽🏼‍♀️,0x1f93d 0x1f3fc 0x200d 0x2640 0xfe0f,1000,100,400,500,WOMAN PLAYING WATER POLO: MEDIUM-LIGHT SKIN TONE,People & Body,Neutral
🤽🏽‍♀️,0x1f93d 0x1f3fd 0x200d 0x2640 0xfe0f,1000,100,400,500,WOMAN PLAYING WATER POLO: MEDIUM SKIN TONE,People & Body,Neutral
🤽🏾‍♀️,0x1f93d 0x1f3fe 0x200d 0x2640 0xfe0f,1000,100,400,500,WOMAN PLAYING WATER POLO: MEDIUM-DARK SKIN TONE,People & Body,Neutral
🤽🏿‍♀️,0x1f93d 0x1f3ff 0x200d 0x2640 0xfe0f,1000,100,400,500,WOMAN PLAYING WATER POLO: DARK SKIN TONE,People & Body,Neutral
🤾,0x1f93e,1000,100,400,500,PERSON PLAYING HANDBALL,People & Body,Neutral
🤾🏻,0x1f93e 0x1f3fb,1000,100,400,500,PERSON PLAYING HANDBALL: LIGHT SKIN TONE,People & Body,Neutral
🤾🏼,0x1f93e 0x1f3fc,1000,100,400,500,PERSON PLAYING HANDBALL: MEDIUM-LIGHT SKIN TONE,People & Body,Neutral
🤾🏽,0x1f93e 0x1f3fd,1000,100,400,500,PERSON PLAYING HANDBALL: MEDIUM SKIN TONE,People & Body,Neutral
🤾🏾,0x1f93e 0x1f3fe,1000,100,400,500,PERSON PLAYING HANDBALL: MEDIUM-DARK SKIN TONE,People & Body,Neutral
🤾🏿,0x1f93e 0x1f3ff,1000,100,400,500,PERSON PLAYING HANDBALL: DARK SKIN TONE,People & Body,Neutral
🤾‍♂️,0x1f93e 0x200d 0x2642 0xfe0f,1000,100,400,500,MAN PLAYING HANDBALL,People & Body,Neutral
🤾🏻‍♂️,0x1f93e 0x1f3fb 0x200d 0x2642 0xfe0f,1000,100,400,500,MAN PLAYING HANDBALL: LIGHT SKIN TONE,People & Body,Neutral
🤾🏼‍♂️,0x1f93e 0x1f3fc 0x200d 0x2642 0xfe0f,1000,100,400,500,MAN PLAYING HANDBALL: MEDIUM-LIGHT SKIN TONE,People & Body,Neutral
🤾🏽‍♂️,0x1f93e 0x1f3fd 0x200d 0x2642 0xfe0f,1000,100,400,500,MAN PLAYING HANDBALL: MEDIUM SKIN TONE,People & Body,Neutral
🤾🏾‍♂️,0x1f93e 0x1f3fe 0x200d 0x2642 0xfe0f,1000,100,400,500,MAN PLAYING HANDBALL: MEDIUM-DARK SKIN TONE,People & Body,Neutral
🤾🏿‍♂️,0x1f93e 0x1f3ff 0x200d 0x2642 0xfe0f,1000,100,400,500,MAN PLAYING HANDBALL: DARK SKIN TONE,People & Body,Neutral
🤾‍♀️,0x1f93e 0x200d 0x2640 0xfe0f,1000,100,400,500,WOMAN PLAYING HANDBALL,People & Body,Neutral
🤾🏻‍♀️,0x1f93e 0x1f3fb 0x200d 0x2640 0xfe0f,1000,100,400,500,WOMAN PLAYING HANDBALL: LIGHT SKIN TONE,People & Body,Neutral
🤾🏼‍♀️,0x1f93e 0x1f3fc 0x200d 0x2640 0xfe0f,1000,100,400,500,WOMAN PLAYING HANDBALL: MEDIUM-LIGHT SKIN TONE,People & Body,Neutral
🤾🏽‍♀️,0x1f93e 0x1f3fd 0x200d 0x2640 0xfe0f,1000,100,400,500,WOMAN PLAYING HANDBALL: MEDIUM SKIN TONE,People & Body,Neutral
🤾🏾‍♀️,0x1f93e 0x1f3fe 0x200d 0x2640 0xfe0f,1000,100,400,500,WOMAN PLAYING HANDBALL: MEDIUM-DARK SKIN TONE,People & Body,Neutral
🤾🏿‍♀️,0x1f93e 0x1f3ff 0x200d 0x2640 0xfe0f,1000,100,400,500,WOMAN PLAYING HANDBALL: DARK SKIN TONE,People & Body,Neutral
🤹,0x1f939,1000,100,400,500,PERSON JUGGLING,People & Body,Neutral
🤹🏻,0x1f939 0x1f3fb,1000,100,400,500,PERSON JUGGLING: LIGHT SKIN TONE,People & Body,Neutral
🤹🏼,0x1f939 0x1f3fc,1000,100,400,500,PERSON JUGGLING: MEDIUM-LIGHT SKIN TONE,People & Body,Neutral
🤹🏽,0x1f939 0x1f3fd,1000,100,400,500,PERSON JUGGLING: MEDIUM SKIN TONE,People & Body,Neutral
🤹🏾,0x1f939 0x1f3fe,1000,100,400,500,PERSON JUGGLING: MEDIUM-DARK SKIN TONE,People & Body,Neutral
🤹🏿,0x1f939 0x1f3ff,1000,100,400,500,PERSON JUGGLING: DARK SKIN TONE,People & Body,Neutral
🤹‍♂️,0x1f939 0x200d 0x2642 0xfe0f,1000,100,400,500,MAN JUGGLING,People & Body,Neutral
🤹🏻‍♂️,0x1f939 0x1f3fb 0x200d 0x2642 0xfe0f,1000,100,400,500,MAN JUGGLING: LIGHT SKIN TONE,People & Body,Neutral
🤹🏼‍♂️,0x1f939 0x1f3fc 0x200d 0x2642 0xfe0f,1000,100,400,500,MAN JUGGLING: MEDIUM-LIGHT SKIN TONE,People & Body,Neutral
🤹🏽‍♂️,0x1f939 0x1f3fd 0x200d 0x2642 0xfe0f,1000,100,400,500,MAN JUGGLING: MEDIUM SKIN TONE,People & Body,Neutral
🤹🏾‍♂️,0x1f939 0x1f3fe 0x200d 0x2642 0xfe0f,1000,100,400,500,MAN JUGGLING: MEDIUM-DARK SKIN TONE,People & Body,Neutral
🤹🏿‍♂️,0x1f939 0x1f3ff 0x200d 0x2642 0xfe0f,1000,100,400,500,MAN JUGGLING: DARK SKIN TONE,People & Body,Neutral
🤹‍♀️,0x1f939 0x200d 0x2640 0xfe0f,1000,100,400,500,WOMAN JUGGLING,People & Body,Neutral
🤹🏻‍♀️,0x1f939 0x1f3fb 0x200d 0x2640 0xfe0f,1000,100,400,500,WOMAN JUGGLING: LIGHT SKIN TONE,People & Body,Neutral
🤹🏼‍♀️,0x1f939 0x1f3fc 0x200d 0x2640 0xfe0f,1000,100,400,500,WOMAN JUGGLING: MEDIUM-LIGHT SKIN TONE,People & Body,Neutral
🤹🏽‍♀️,0x1f939 0x1f3fd 0x200d 0x2640 0xfe0f,1000,100,400,500,WOMAN JUGGLING: MEDIUM SKIN TONE,People & Body,Neutral
🤹🏾‍♀️,0x1f939 0x1f3fe 0x200d 0x2640 0xfe0f,1000,100,400,500,WOMAN JUGGLING: MEDIUM-DARK SKIN TONE,People & Body,Neutral
🤹🏿‍♀️,0x1f939 0x1f3ff 0x200d 0x2640 0xfe0f,1000,100,400,500,WOMAN JUGGLING: DARK SKIN TONE,People & Body,Neutral
🧘,0x1f9d8,1000,100,400,500,PERSON IN LOTUS POSITION,People & Body,Neutral
🧘🏻,0x1f9d8 0x1f3fb,1000,100,400,500,PERSON IN LOTUS POSITION: LIGHT SKIN TONE,People & Body,Neutral
🧘🏼,0x1f9d8 0x1f3fc,1000,100,400,500,PERSON IN LOTUS POSITION: MEDIUM-LIGHT SKIN TONE,People & Body,Neutral
🧘🏽,0x1f9d8 0x1f3fd,1000,100,400,500,PERSON IN LOTUS POSITION: MEDIUM SKIN TONE,People & Body,Neutral
🧘🏾,0x1f9d8 0x1f3fe,1000,100,400,500,PERSON IN LOTUS POSITION: MEDIUM-DARK SKIN TONE,People & Body,Neutral
🧘🏿,0x1f9d8 0x1f3ff,1000,100,400,500,PERSON IN LOTUS POSITION: DARK SKIN TONE,People & Body,Neutral
🧘‍♂️,0x1f9d8 0x200d 0x2642 0xfe0f,1000,100,400,500,MAN IN LOTUS POSITION,People & Body,Neutral
🧘🏻‍♂️,0x1f9d8 0x1f3fb 0x200d 0x2642 0xfe0f,1000,100,400,500,MAN IN LOTUS POSITION: LIGHT SKIN TONE,People & Body,Neutral
🧘🏼‍♂️,0x1f9d8 0x1f3fc 0x200d 0x2642 0xfe0f,1000,100,400,500,MAN IN LOTUS POSITION: MEDIUM-LIGHT SKIN TONE,People & Body,Neutral
🧘🏽‍♂️,0x1f9d8 0x1f3fd 0x200d 0x2642 0xfe0f,1000,100,400,500,MAN IN LOTUS POSITION: MEDIUM SKIN TONE,People & Body,Neutral
🧘🏾‍♂️,0x1f9d8 0x1f3fe 0x200d 0x2642 0xfe0f,1000,100,400,500,MAN IN LOTUS POSITION: MEDIUM-DARK SKIN TONE,People & Body,Neutral
🧘🏿‍♂️,0x1f9d8 0x1f3ff 0x200d 0x2642 0xfe0f,1000,100,400,500,MAN IN LOTUS POSITION: DARK SKIN TONE,People & Body,Neutral
🧘‍♀️,0x1f9d8 0x200d 0x2640 0xfe0f,1000,100,400,500,WOMAN IN LOTUS POSITION,People & Body,Neutral
🧘🏻‍♀️,0x1f9d8 0x1f3fb 0x200d 0x2640 0xfe0f,1000,100,400,500,WOMAN IN LOTUS POSITION: LIGHT SKIN TONE,People & Body,Neutral
🧘🏼‍♀️,0x1f9d8 0x1f3fc 0x200d 0x2640 0xfe0f,1000,100,400,500,WOMAN IN LOTUS POSITION: MEDIUM-LIGHT SKIN TONE,People & Body,Neutral
🧘🏽‍♀️,0x1f9d8 0x1f3fd 0x200d 0x2640 0xfe0f,1000,100,400,500,WOMAN IN LOTUS POSITION: MEDIUM SKIN TONE,People & Body,Neutral
🧘🏾‍♀️,0x1f9d8 0x1f3fe 0x200d 0x2640 0xfe0f,1000,100,400,500,WOMAN IN LOTUS POSITION: MEDIUM-DARK SKIN TONE,People & Body,Neutral
🧘🏿‍♀️,0x1f9d8 0x1f3ff 0x200d 0x2640 0xfe0f,1000,100,400,500,WOMAN IN LOTUS POSITION: DARK SKIN TONE,People & Body,Neutral
🛀,0x1f6c0,1000,100,400,500,PERSON TAKING BATH,People & Body,Neutral
🛀🏻,0x1f6c0 0x1f3fb,1000,100,400,500,PERSON TAKING BATH: LIGHT SKIN TONE,People & Body,Neutral
🛀🏼,0x1f6c0 0x1f3fc,1000,100,400,500,PERSON TAKING BATH: MEDIUM-LIGHT SKIN TONE,People & Body,Neutral
🛀🏽,0x1f6c0 0x1f3fd,1000,100,400,500,PERSON TAKING BATH: MEDIUM SKIN TONE,People & Body,Neutral
🛀🏾,0x1f6c0 0x1f3fe,1000,100,400,500,PERSON TAKING BATH: MEDIUM-DARK SKIN TONE,People & Body,Neutral
🛀🏿,0x1f6c0 0x1f3ff,1000,100,400,500,PERSON TAKING BATH: DARK SKIN TONE,People & Body,Neutral
🛌,0x1f6cc,1000,100,400,500,PERSON IN BED,People & Body,Neutral
🛌🏻,0x1f6cc 0x1f3fb,1000,100,400,500,PERSON IN BED: LIGHT SKIN TONE,People & Body,Neutral
🛌🏼,0x1f6cc 0x1f3fc,1000,100,400,500,PERSON IN BED: MEDIUM-LIGHT SKIN TONE,People & Body,Neutral
🛌🏽,0x1f6cc 0x1f3fd,1000,100,400,500,PERSON IN BED: MEDIUM SKIN TONE,People & Body,Neutral
🛌🏾,0x1f6cc 0x1f3fe,1000,100,400,500,PERSON IN BED: MEDIUM-DARK SKIN TONE,People & Body,Neutral
🛌🏿,0x1f6cc 0x1f3ff,1000,100,400,500,PERSON IN BED: DARK SKIN TONE,People & Body,Neutral
🧑‍🤝‍🧑,0x1f9d1 0x200d 0x1f91d 0x200d 0x1f9d1,1000,100,400,500,PEOPLE HOLDING HANDS,People & Body,Neutral
🧑🏻‍🤝‍🧑🏻,0x1f9d1 0x1f3fb 0x200d 0x1f91d 0x200d 0x1f9d1 0x1f3fb,1000,100,400,500,PEOPLE HOLDING HANDS: LIGHT SKIN TONE,People & Body,Neutral
🧑🏻‍🤝‍🧑🏼,0x1f9d1 0x1f3fb 0x200d 0x1f91d 0x200d 0x1f9d1 0x1f3fc,1000,100,400,500,"PEOPLE HOLDING HANDS: LIGHT SKIN TONE, MEDIUM-LIGHT SKIN TONE",People & Body,Neutral
🧑🏻‍🤝‍🧑🏽,0x1f9d1 0x1f3fb 0x200d 0x1f91d 0x200d 0x1f9d1 0x1f3fd,1000,100,400,500,"PEOPLE HOLDING HANDS: LIGHT SKIN TONE, MEDIUM SKIN TONE",People & Body,Neutral
🧑🏻‍🤝‍🧑🏾,0x1f9d1 0x1f3fb 0x200d 0x1f91d 0x200d 0x1f9d1 0x1f3fe,1000,100,400,500,"PEOPLE HOLDING HANDS: LIGHT SKIN TONE, MEDIUM-DARK SKIN TONE",People & Body,Neutral
🧑🏻‍🤝‍🧑🏿,0x1f9d1 0x1f3fb 0x200d 0x1f91d 0x200d 0x1f9d1 0x1f3ff,1000,100,400,500,"PEOPLE HOLDING HANDS: LIGHT SKIN TONE, DARK SKIN TONE",People & Body,Neutral
🧑🏼‍🤝‍🧑🏻,0x1f9d1 0x1f3fc 0x200d 0x1f91d 0x200d 0x1f9d1 0x1f3fb,1000,100,400,500,"PEOPLE HOLDING HANDS: MEDIUM-LIGHT SKIN TONE, LIGHT SKIN TONE",People & Body,Neutral
🧑🏼‍🤝‍🧑🏼,0x1f9d1 0x1f3fc 0x200d 0x1f91d 0x200d 0x1f9d1 0x1f3fc,1000,100,400,500,PEOPLE HOLDING HANDS: MEDIUM-LIGHT SKIN TONE,People & Body,Neutral
🧑🏼‍🤝‍🧑🏽,0x1f9d1 0x1f3fc 0x200d 0x1f91d 0x200d 0x1f9d1 0x1f3fd,1000,100,400,500,"PEOPLE HOLDING HANDS: MEDIUM-LIGHT SKIN TONE, MEDIUM SKIN TONE",People & Body,Neutral
🧑🏼‍🤝‍🧑🏾,0x1f9d1 0x1f3fc 0x200d 0x1f91d 0x200d 0x1f9d1 0x1f3fe,1000,100,400,500,"PEOPLE HOLDING HANDS: MEDIUM-LIGHT SKIN TONE, MEDIUM-DARK SKIN TONE",People & Body,Neutral
🧑🏼‍🤝‍🧑🏿,0x1f9d1 0x1f3fc 0x200d 0x1f91d 0x200d 0x1f9d1 0x1f3ff,1000,100,400,500,"PEOPLE HOLDING HANDS: MEDIUM-LIGHT SKIN TONE, DARK SKIN TONE",People & Body,Neutral
🧑🏽‍🤝‍🧑🏻,0x1f9d1 0x1f3fd 0x200d 0x1f91d 0x200d 0x1f9d1 0x1f3fb,1000,100,400,500,"PEOPLE HOLDING HANDS: MEDIUM SKIN TONE, LIGHT SKIN TONE",People & Body,Neutral
🧑🏽‍🤝‍🧑🏼,0x1f9d1 0x1f3fd 0x200d 0x1f91d 0x200d 0x1f9d1 0x1f3fc,1000,100,400,500,"PEOPLE HOLDING HANDS: MEDIUM SKIN TONE, MEDIUM-LIGHT SKIN TONE",People & Body,Neutral
🧑🏽‍🤝‍🧑🏽,0x1f9d1 0x1f3fd 0x200d 0x1f91d 0x200d 0x1f9d1 0x1f3fd,1000,100,400,500,PEOPLE HOLDING HANDS: MEDIUM SKIN TONE,People & Body,Neutral
🧑🏽‍🤝‍🧑🏾,0x1f9d1 0x1f3fd 0x200d 0x1f91d 0x200d 0x1f9d1 0x1f3fe,1000,100,400,500,"PEOPLE HOLDING HANDS: MEDIUM SKIN TONE, MEDIUM-DARK SKIN TONE",People & Body,Neutral
🧑🏽‍🤝‍🧑🏿,0x1f9d1 0x1f3fd 0x200d 0x1f91d 0x200d 0x1f9d1 0x1f3ff,1000,100,400,500,"PEOPLE HOLDING HANDS: MEDIUM SKIN TONE, DARK SKIN TONE",People & Body,Neutral
🧑🏾‍🤝‍🧑🏻,0x1f9d1 0x1f3fe 0x200d 0x1f91d 0x200d 0x1f9d1 0x1f3fb,1000,100,400,500,"PEOPLE HOLDING HANDS: MEDIUM-DARK SKIN TONE, LIGHT SKIN TONE",People & Body,Neutral
🧑🏾‍🤝‍🧑🏼,0x1f9d1 0x1f3fe 0x200d 0x1f91d 0x200d 0x1f9d1 0x1f3fc,1000,100,400,500,"PEOPLE HOLDING HANDS: MEDIUM-DARK SKIN TONE, MEDIUM-LIGHT SKIN TONE",People & Body,Neutral
🧑🏾‍🤝‍🧑🏽,0x1f9d1 0x1f3fe 0x200d 0x1f91d 0x200d 0x1f9d1 0x1f3fd,1000,100,400,500,"PEOPLE HOLDING HANDS: MEDIUM-DARK SKIN TONE, MEDIUM SKIN TONE",People & Body,Neutral
🧑🏾‍🤝‍🧑🏾,0x1f9d1 0x1f3fe 0x200d 0x1f91d 0x200d 0x1f9d1 0x1f3fe,1000,100,400,500,PEOPLE HOLDING HANDS: MEDIUM-DARK SKIN TONE,People & Body,Neutral
🧑🏾‍🤝‍🧑🏿,0x1f9d1 0x1f3fe 0x200d 0x1f91d 0x200d 0x1f9d1 0x1f3ff,1000,100,400,500,"PEOPLE HOLDING HANDS: MEDIUM-DARK SKIN TONE, DARK SKIN TONE",People & Body,Neutral
🧑🏿‍🤝‍🧑🏻,0x1f9d1 0x1f3ff 0x200d 0x1f91d 0x200d 0x1f9d1 0x1f3fb,1000,100,400,500,"PEOPLE HOLDING HANDS: DARK SKIN TONE, LIGHT SKIN TONE",People & Body,Neutral
🧑🏿‍🤝‍🧑🏼,0x1f9d1 0x1f3ff 0x200d 0x1f91d 0x200d 0x1f9d1 0x1f3fc,1000,100,400,500,"PEOPLE HOLDING HANDS: DARK SKIN TONE, MEDIUM-LIGHT SKIN TONE",People & Body,Neutral
🧑🏿‍🤝‍🧑🏽,0x1f9d1 0x1f3ff 0x200d 0x1f91d 0x200d 0x1f9d1 0x1f3fd,1000,100,400,500,"PEOPLE HOLDING HANDS: DARK SKIN TONE, MEDIUM SKIN TONE",People & Body,Neutral
🧑🏿‍🤝‍🧑🏾,0x1f9d1 0x1f3ff 0x200d 0x1f91d 0x200d 0x1f9d1 0x1f3fe,1000,100,400,500,"PEOPLE HOLDING HANDS: DARK SKIN TONE, MEDIUM-DARK SKIN TONE",People & Body,Neutral
🧑🏿‍🤝‍🧑🏿,0x1f9d1 0x1f3ff 0x200d 0x1f91d 0x200d 0x1f9d1 0x1f3ff,1000,100,400,500,PEOPLE HOLDING HANDS: DARK SKIN TONE,People & Body,Neutral
👭,0x1f46d,1000,100,400,500,WOMEN HOLDING HANDS,People & Body,Neutral
👭🏻,0x1f46d 0x1f3fb,1000,100,400,500,WOMEN HOLDING HANDS: LIGHT SKIN TONE,People & Body,Neutral
👩🏻‍🤝‍👩🏼,0x1f469 0x1f3fb 0x200d 0x1f91d 0x200d 0x1f469 0x1f3fc,1000,100,400,500,"WOMEN HOLDING HANDS: LIGHT SKIN TONE, MEDIUM-LIGHT SKIN TONE",People & Body,Neutral
👩🏻‍🤝‍👩🏽,0x1f469 0x1f3fb 0x200d 0x1f91d 0x200d 0x1f469 0x1f3fd,1000,100,400,500,"WOMEN HOLDING HANDS: LIGHT SKIN TONE, MEDIUM SKIN TONE",People & Body,Neutral
👩🏻‍🤝‍👩🏾,0x1f469 0x1f3fb 0x200d 0x1f91d 0x200d 0x1f469 0x1f3fe,1000,100,400,500,"WOMEN HOLDING HANDS: LIGHT SKIN TONE, MEDIUM-DARK SKIN TONE",People & Body,Neutral
👩🏻‍🤝‍👩🏿,0x1f469 0x1f3fb 0x200d 0x1f91d 0x200d 0x1f469 0x1f3ff,1000,100,400,500,"WOMEN HOLDING HANDS: LIGHT SKIN TONE, DARK SKIN TONE",People & Body,Neutral
👩🏼‍🤝‍👩🏻,0x1f469 0x1f3fc 0x200d 0x1f91d 0x200d 0x1f469 0x1f3fb,1000,100,400,500,"WOMEN HOLDING HANDS: MEDIUM-LIGHT SKIN TONE, LIGHT SKIN TONE",People & Body,Neutral
👭🏼,0x1f46d 0x1f3fc,1000,100,400,500,WOMEN HOLDING HANDS: MEDIUM-LIGHT SKIN TONE,People & Body,Neutral
👩🏼‍🤝‍👩🏽,0x1f469 0x1f3fc 0x200d 0x1f91d 0x200d 0x1f469 0x1f3fd,1000,100,400,500,"WOMEN HOLDING HANDS: MEDIUM-LIGHT SKIN TONE, MEDIUM SKIN TONE",People & Body,Neutral
👩🏼‍🤝‍👩🏾,0x1f469 0x1f3fc 0x200d 0x1f91d 0x200d 0x1f469 0x1f3fe,1000,100,400,500,"WOMEN HOLDING HANDS: MEDIUM-LIGHT SKIN TONE, MEDIUM-DARK SKIN TONE",People & Body,Neutral
👩🏼‍🤝‍👩🏿,0x1f469 0x1f3fc 0x200d 0x1f91d 0x200d 0x1f469 0x1f3ff,1000,100,400,500,"WOMEN HOLDING HANDS: MEDIUM-LIGHT SKIN TONE, DARK SKIN TONE",People & Body,Neutral
👩🏽‍🤝‍👩🏻,0x1f469 0x1f3fd 0x200d 0x1f91d 0x200d 0x1f469 0x1f3fb,1000,100,400,500,"WOMEN HOLDING HANDS: MEDIUM SKIN TONE, LIGHT SKIN TONE",People & Body,Neutral
👩🏽‍🤝‍👩🏼,0x1f469 0x1f3fd 0x200d 0x1f91d 0x200d 0x1f469 0x1f3fc,1000,100,400,500,"WOMEN HOLDING HANDS: MEDIUM SKIN TONE, MEDIUM-LIGHT SKIN TONE",People & Body,Neutral
👭🏽,0x1f46d 0x1f3fd,1000,100,400,500,WOMEN HOLDING HANDS: MEDIUM SKIN TONE,People & Body,Neutral
👩🏽‍🤝‍👩🏾,0x1f469 0x1f3fd 0x200d 0x1f91d 0x200d 0x1f469 0x1f3fe,1000,100,400,500,"WOMEN HOLDING HANDS: MEDIUM SKIN TONE, MEDIUM-DARK SKIN TONE",People & Body,Neutral
👩🏽‍🤝‍👩🏿,0x1f469 0x1f3fd 0x200d 0x1f91d 0x200d 0x1f469 0x1f3ff,1000,100,400,500,"WOMEN HOLDING HANDS: MEDIUM SKIN TONE, DARK SKIN TONE",People & Body,Neutral
👩🏾‍🤝‍👩🏻,0x1f469 0x1f3fe 0x200d 0x1f91d 0x200d 0x1f469 0x1f3fb,1000,100,400,500,"WOMEN HOLDING HANDS: MEDIUM-DARK SKIN TONE, LIGHT SKIN TONE",People & Body,Neutral
👩🏾‍🤝‍👩🏼,0x1f469 0x1f3fe 0x200d 0x1f91d 0x200d 0x1f469 0x1f3fc,1000,100,400,500,"WOMEN HOLDING HANDS: MEDIUM-DARK SKIN TONE, MEDIUM-LIGHT SKIN TONE",People & Body,Neutral
👩🏾‍🤝‍👩🏽,0x1f469 0x1f3fe 0x200d 0x1f91d 0x200d 0x1f469 0x1f3fd,1000,100,400,500,"WOMEN HOLDING HANDS: MEDIUM-DARK SKIN TONE, MEDIUM SKIN TONE",People & Body,Neutral
👭🏾,0x1f46d 0x1f3fe,1000,100,400,500,WOMEN HOLDING HANDS: MEDIUM-DARK SKIN TONE,People & Body,Neutral
👩🏾‍🤝‍👩🏿,0x1f469 0x1f3fe 0x200d 0x1f91d 0x200d 0x1f469 0x1f3ff,1000,100,400,500,"WOMEN HOLDING HANDS: MEDIUM-DARK SKIN TONE, DARK SKIN TONE",People & Body,Neutral
👩🏿‍🤝‍👩🏻,0x1f469 0x1f3ff 0x200d 0x1f91d 0x200d 0x1f469 0x1f3fb,1000,100,400,500,"WOMEN HOLDING HANDS: DARK SKIN TONE, LIGHT SKIN TONE",People & Body,Neutral
👩🏿‍🤝‍👩🏼,0x1f469 0x1f3ff 0x200d 0x1f91d 0x200d 0x1f469 0x1f3fc,1000,100,400,500,"WOMEN HOLDING HANDS: DARK SKIN TONE, MEDIUM-LIGHT SKIN TONE",People & Body,Neutral
👩🏿‍🤝‍👩🏽,0x1f469 0x1f3ff 0x200d 0x1f91d 0x200d 0x1f469 0x1f3fd,1000,100,400,500,"WOMEN HOLDING HANDS: DARK SKIN TONE, MEDIUM SKIN TONE",People & Body,Neutral
👩🏿‍🤝‍👩🏾,0x1f469 0x1f3ff 0x200d 0x1f91d 0x200d 0x1f469 0x1f3fe,1000,100,400,500,"WOMEN HOLDING HANDS: DARK SKIN TONE, MEDIUM-DARK SKIN TONE",People & Body,Neutral
👭🏿,0x1f46d 0x1f3ff,1000,100,400,500,WOMEN HOLDING HANDS: DARK SKIN TONE,People & Body,Neutral
👫,0x1f46b,1000,100,400,500,WOMAN AND MAN HOLDING HANDS,People & Body,Neutral
👫🏻,0x1f46b 0x1f3fb,1000,100,400,500,WOMAN AND MAN HOLDING HANDS: LIGHT SKIN TONE,People & Body,Neutral
👩🏻‍🤝‍👨🏼,0x1f469 0x1f3fb 0x200d 0x1f91d 0x200d 0x1f468 0x1f3fc,1000,100,400,500,"WOMAN AND MAN HOLDING HANDS: LIGHT SKIN TONE, MEDIUM-LIGHT SKIN TONE",People & Body,Neutral
👩🏻‍🤝‍👨🏽,0x1f469 0x1f3fb 0x200d 0x1f91d 0x200d 0x1f468 0x1f3fd,1000,100,400,500,"WOMAN AND MAN HOLDING HANDS: LIGHT SKIN TONE, MEDIUM SKIN TONE",People & Body,Neutral
👩🏻‍🤝‍👨🏾,0x1f469 0x1f3fb 0x200d 0x1f91d 0x200d 0x1f468 0x1f3fe,1000,100,400,500,"WOMAN AND MAN HOLDING HANDS: LIGHT SKIN TONE, MEDIUM-DARK SKIN TONE",People & Body,Neutral
👩🏻‍🤝‍👨🏿,0x1f469 0x1f3fb 0x200d 0x1f91d 0x200d 0x1f468 0x1f3ff,1000,100,400,500,"WOMAN AND MAN HOLDING HANDS: LIGHT SKIN TONE, DARK SKIN TONE",People & Body,Neutral
👩🏼‍🤝‍👨🏻,0x1f469 0x1f3fc 0x200d 0x1f91d 0x200d 0x1f468 0x1f3fb,1000,100,400,500,"WOMAN AND MAN HOLDING HANDS: MEDIUM-LIGHT SKIN TONE, LIGHT SKIN TONE",People & Body,Neutral
👫🏼,0x1f46b 0x1f3fc,1000,100,400,500,WOMAN AND MAN HOLDING HANDS: MEDIUM-LIGHT SKIN TONE,People & Body,Neutral
👩🏼‍🤝‍👨🏽,0x1f469 0x1f3fc 0x200d 0x1f91d 0x200d 0x1f468 0x1f3fd,1000,100,400,500,"WOMAN AND MAN HOLDING HANDS: MEDIUM-LIGHT SKIN TONE, MEDIUM SKIN TONE",People & Body,Neutral
👩🏼‍🤝‍👨🏾,0x1f469 0x1f3fc 0x200d 0x1f91d 0x200d 0x1f468 0x1f3fe,1000,100,400,500,"WOMAN AND MAN HOLDING HANDS: MEDIUM-LIGHT SKIN TONE, MEDIUM-DARK SKIN TONE",People & Body,Neutral
👩🏼‍🤝‍👨🏿,0x1f469 0x1f3fc 0x200d 0x1f91d 0x200d 0x1f468 0x1f3ff,1000,100,400,500,"WOMAN AND MAN HOLDING HANDS: MEDIUM-LIGHT SKIN TONE, DARK SKIN TONE",People & Body,Neutral
👩🏽‍🤝‍👨🏻,0x1f469 0x1f3fd 0x200d 0x1f91d 0x200d 0x1f468 0x1f3fb,1000,100,400,500,"WOMAN AND MAN HOLDING HANDS: MEDIUM SKIN TONE, LIGHT SKIN TONE",People & Body,Neutral
👩🏽‍🤝‍👨🏼,0x1f469 0x1f3fd 0x200d 0x1f91d 0x200d 0x1f468 0x1f3fc,1000,100,400,500,"WOMAN AND MAN HOLDING HANDS: MEDIUM SKIN TONE, MEDIUM-LIGHT SKIN TONE",People & Body,Neutral
👫🏽,0x1f46b 0x1f3fd,1000,100,400,500,WOMAN AND MAN HOLDING HANDS: MEDIUM SKIN TONE,People & Body,Neutral
👩🏽‍🤝‍👨🏾,0x1f469 0x1f3fd 0x200d 0x1f91d 0x200d 0x1f468 0x1f3fe,1000,100,400,500,"WOMAN AND MAN HOLDING HANDS: MEDIUM SKIN TONE, MEDIUM-DARK SKIN TONE",People & Body,Neutral
👩🏽‍🤝‍👨🏿,0x1f469 0x1f3fd 0x200d 0x1f91d 0x200d 0x1f468 0x1f3ff,1000,100,400,500,"WOMAN AND MAN HOLDING HANDS: MEDIUM SKIN TONE, DARK SKIN TONE",People & Body,Neutral
👩🏾‍🤝‍👨🏻,0x1f469 0x1f3fe 0x200d 0x1f91d 0x200d 0x1f468 0x1f3fb,1000,100,400,500,"WOMAN AND MAN HOLDING HANDS: MEDIUM-DARK SKIN TONE, LIGHT SKIN TONE",People & Body,Neutral
👩🏾‍🤝‍👨🏼,0x1f469 0x1f3fe 0x200d 0x1f91d 0x200d 0x1f468 0x1f3fc,1000,100,400,500,"WOMAN AND MAN HOLDING HANDS: MEDIUM-DARK SKIN TONE, MEDIUM-LIGHT SKIN TONE",People & Body,Neutral
👩🏾‍🤝‍👨🏽,0x1f469 0x1f3fe 0x200d 0x1f91d 0x200d 0x1f468 0x1f3fd,1000,100,400,500,"WOMAN AND MAN HOLDING HANDS: MEDIUM-DARK SKIN TONE, MEDIUM SKIN TONE",People & Body,Neutral
👫🏾,0x1f46b 0x1f3fe,1000,100,400,500,WOMAN AND MAN HOLDING HANDS: MEDIUM-DARK SKIN TONE,People & Body,Neutral
👩🏾‍🤝‍👨🏿,0x1f469 0x1f3fe 0x200d 0x1f91d 0x200d 0x1f468 0x1f3ff,1000,100,400,500,"WOMAN AND MAN HOLDING HANDS: MEDIUM-DARK SKIN TONE, DARK SKIN TONE",People & Body,Neutral
👩🏿‍🤝‍👨🏻,0x1f469 0x1f3ff 0x200d 0x1f91d 0x200d 0x1f468 0x1f3fb,1000,100,400,500,"WOMAN AND MAN HOLDING HANDS: DARK SKIN TONE, LIGHT SKIN TONE",People & Body,Neutral
👩🏿‍🤝‍👨🏼,0x1f469 0x1f3ff 0x200d 0x1f91d 0x200d 0x1f468 0x1f3fc,1000,100,400,500,"WOMAN AND MAN HOLDING HANDS: DARK SKIN TONE, MEDIUM-LIGHT SKIN TONE",People & Body,Neutral
👩🏿‍🤝‍👨🏽,0x1f469 0x1f3ff 0x200d 0x1f91d 0x200d 0x1f468 0x1f3fd,1000,100,400,500,"WOMAN AND MAN HOLDING HANDS: DARK SKIN TONE, MEDIUM SKIN TONE",People & Body,Neutral
👩🏿‍🤝‍👨🏾,0x1f469 0x1f3ff 0x200d 0x1f91d 0x200d 0x1f468 0x1f3fe,1000,100,400,500,"WOMAN AND MAN HOLDING HANDS: DARK SKIN TONE, MEDIUM-DARK SKIN TONE",People & Body,Neutral
👫🏿,0x1f46b 0x1f3ff,1000,100,400,500,WOMAN AND MAN HOLDING HANDS: DARK SKIN TONE,People & Body,Neutral
👬,0x1f46c,1000,100,400,500,MEN HOLDING HANDS,People & Body,Neutral
👬🏻,0x1f46c 0x1f3fb,1000,100,400,500,MEN HOLDING HANDS: LIGHT SKIN TONE,People & Body,Neutral
👨🏻‍🤝‍👨🏼,0x1f468 0x1f3fb 0x200d 0x1f91d 0x200d 0x1f468 0x1f3fc,1000,100,400,500,"MEN HOLDING HANDS: LIGHT SKIN TONE, MEDIUM-LIGHT SKIN TONE",People & Body,Neutral
👨🏻‍🤝‍👨🏽,0x1f468 0x1f3fb 0x200d 0x1f91d 0x200d 0x1f468 0x1f3fd,1000,100,400,500,"MEN HOLDING HANDS: LIGHT SKIN TONE, MEDIUM SKIN TONE",People & Body,Neutral
👨🏻‍🤝‍👨🏾,0x1f468 0x1f3fb 0x200d 0x1f91d 0x200d 0x1f468 0x1f3fe,1000,100,400,500,"MEN HOLDING HANDS: LIGHT SKIN TONE, MEDIUM-DARK SKIN TONE",People & Body,Neutral
👨🏻‍🤝‍👨🏿,0x1f468 0x1f3fb 0x200d 0x1f91d 0x200d 0x1f468 0x1f3ff,1000,100,400,500,"MEN HOLDING HANDS: LIGHT SKIN TONE, DARK SKIN TONE",People & Body,Neutral
👨🏼‍🤝‍👨🏻,0x1f468 0x1f3fc 0x200d 0x1f91d 0x200d 0x1f468 0x1f3fb,1000,100,400,500,"MEN HOLDING HANDS: MEDIUM-LIGHT SKIN TONE, LIGHT SKIN TONE",People & Body,Neutral
👬🏼,0x1f46c 0x1f3fc,1000,100,400,500,MEN HOLDING HANDS: MEDIUM-LIGHT SKIN TONE,People & Body,Neutral
👨🏼‍🤝‍👨🏽,0x1f468 0x1f3fc 0x200d 0x1f91d 0x200d 0x1f468 0x1f3fd,1000,100,400,500,"MEN HOLDING HANDS: MEDIUM-LIGHT SKIN TONE, MEDIUM SKIN TONE",People & Body,Neutral
👨🏼‍🤝‍👨🏾,0x1f468 0x1f3fc 0x200d 0x1f91d 0x200d 0x1f468 0x1f3fe,1000,100,400,500,"MEN HOLDING HANDS: MEDIUM-LIGHT SKIN TONE, MEDIUM-DARK SKIN TONE",People & Body,Neutral
👨🏼‍🤝‍👨🏿,0x1f468 0x1f3fc 0x200d 0x1f91d 0x200d 0x1f468 0x1f3ff,1000,100,400,500,"MEN HOLDING HANDS: MEDIUM-LIGHT SKIN TONE, DARK SKIN TONE",People & Body,Neutral
👨🏽‍🤝‍👨🏻,0x1f468 0x1f3fd 0x200d 0x1f91d 0x200d 0x1f468 0x1f3fb,1000,100,400,500,"MEN HOLDING HANDS: MEDIUM SKIN TONE, LIGHT SKIN TONE",People & Body,Neutral
👨🏽‍🤝‍👨🏼,0x1f468 0x1f3fd 0x200d 0x1f91d 0x200d 0x1f468 0x1f3fc,1000,100,400,500,"MEN HOLDING HANDS: MEDIUM SKIN TONE, MEDIUM-LIGHT SKIN TONE",People & Body,Neutral
👬🏽,0x1f46c 0x1f3fd,1000,100,400,500,MEN HOLDING HANDS: MEDIUM SKIN TONE,People & Body,Neutral
👨🏽‍🤝‍👨🏾,0x1f468 0x1f3fd 0x200d 0x1f91d 0x200d 0x1f468 0x1f3fe,1000,100,400,500,"MEN HOLDING HANDS: MEDIUM SKIN TONE, MEDIUM-DARK SKIN TONE",People & Body,Neutral
👨🏽‍🤝‍👨🏿,0x1f468 0x1f3fd 0x200d 0x1f91d 0x200d 0x1f468 0x1f3ff,1000,100,400,500,"MEN HOLDING HANDS: MEDIUM SKIN TONE, DARK SKIN TONE",People & Body,Neutral
👨🏾‍🤝‍👨🏻,0x1f468 0x1f3fe 0x200d 0x1f91d 0x200d 0x1f468 0x1f3fb,1000,100,400,500,"MEN HOLDING HANDS: MEDIUM-DARK SKIN TONE, LIGHT SKIN TONE",People & Body,Neutral
👨🏾‍🤝‍👨🏼,0x1f468 0x1f3fe 0x200d 0x1f91d 0x200d 0x1f468 0x1f3fc,1000,100,400,500,"MEN HOLDING HANDS: MEDIUM-DARK SKIN TONE, MEDIUM-LIGHT SKIN TONE",People & Body,Neutral
👨🏾‍🤝‍👨🏽,0x1f468 0x1f3fe 0x200d 0x1f91d 0x200d 0x1f468 0x1f3fd,1000,100,400,500,"MEN HOLDING HANDS: MEDIUM-DARK SKIN TONE, MEDIUM SKIN TONE",People & Body,Neutral
👬🏾,0x1f46c 0x1f3fe,1000,100,400,500,MEN HOLDING HANDS: MEDIUM-DARK SKIN TONE,People & Body,Neutral
👨🏾‍🤝‍👨🏿,0x1f468 0x1f3fe 0x200d 0x1f91d 0x200d 0x1f468 0x1f3ff,1000,100,400,500,"MEN HOLDING HANDS: MEDIUM-DARK SKIN TONE, DARK SKIN TONE",People & Body,Neutral
👨🏿‍🤝‍👨🏻,0x1f468 0x1f3ff 0x200d 0x1f91d 0x200d 0x1f468 0x1f3fb,1000,100,400,500,"MEN HOLDING HANDS: DARK SKIN TONE, LIGHT SKIN TONE",People & Body,Neutral
👨🏿‍🤝‍👨🏼,0x1f468 0x1f3ff 0x200d 0x1f91d 0x200d 0x1f468 0x1f3fc,1000,100,400,500,"MEN HOLDING HANDS: DARK SKIN TONE, MEDIUM-LIGHT SKIN TONE",People & Body,Neutral
👨🏿‍🤝‍👨🏽,0x1f468 0x1f3ff 0x200d 0x1f91d 0x200d 0x1f468 0x1f3fd,1000,100,400,500,"MEN HOLDING HANDS: DARK SKIN TONE, MEDIUM SKIN TONE",People & Body,Neutral
👨🏿‍🤝‍👨🏾,0x1f468 0x1f3ff 0x200d 0x1f91d 0x200d 0x1f468 0x1f3fe,1000,100,400,500,"MEN HOLDING HANDS: DARK SKIN TONE, MEDIUM-DARK SKIN TONE",People & Body,Neutral
👬🏿,0x1f46c 0x1f3ff,1000,100,400,500,MEN HOLDING HANDS: DARK SKIN TONE,People & Body,Neutral
💏,0x1f48f,1000,20,30,950,KISS,People & Body,Love
💏🏻,0x1f48f 0x1f3fb,1000,20,30,950,KISS: LIGHT SKIN TONE,People & Body,Love
💏🏼,0x1f48f 0x1f3fc,1000,20,30,950,KISS: MEDIUM-LIGHT SKIN TONE,People & Body,Love
💏🏽,0x1f48f 0x1f3fd,1000,20,30,950,KISS: MEDIUM SKIN TONE,People & Body,Love
💏🏾,0x1f48f 0x1f3fe,1000,20,30,950,KISS: MEDIUM-DARK SKIN TONE,People & Body,Love
💏🏿,0x1f48f 0x1f3ff,1000,20,30,950,KISS: DARK SKIN TONE,People & Body,Love
🧑🏻‍❤️‍💋‍🧑🏼,0x1f9d1 0x1f3fb 0x200d 0x2764 0xfe0f 0x200d 0x1f48b 0x200d 0x1f9d1 0x1f3fc,1000,20,30,950,"KISS: PERSON, PERSON, LIGHT SKIN TONE, MEDIUM-LIGHT SKIN TONE",People & Body,Love
🧑🏻‍❤️‍💋‍🧑🏽,0x1f9d1 0x1f3fb 0x200d 0x2764 0xfe0f 0x200d 0x1f48b 0x200d 0x1f9d1 0x1f3fd,1000,20,30,950,"KISS: PERSON, PERSON, LIGHT SKIN TONE, MEDIUM SKIN TONE",People & Body,Love
🧑🏻‍❤️‍💋‍🧑🏾,0x1f9d1 0x1f3fb 0x200d 0x2764 0xfe0f 0x200d 0x1f48b 0x200d 0x1f9d1 0x1f3fe,1000,20,30,950,"KISS: PERSON, PERSON, LIGHT SKIN TONE, MEDIUM-DARK SKIN TONE",People & Body,Love
🧑🏻‍❤️‍💋‍🧑🏿,0x1f9d1 0x1f3fb 0x200d 0x2764 0xfe0f 0x200d 0x1f48b 0x200d 0x1f9d1 0x1f3ff,1000,20,30,950,"KISS: PERSON, PERSON, LIGHT SKIN TONE, DARK SKIN TONE",People & Body,Love
🧑🏼‍❤️‍💋‍🧑🏻,0x1f9d1 0x1f3fc 0x200d 0x2764 0xfe0f 0x200d 0x1f48b 0x200d 0x1f9d1 0x1f3fb,1000,20,30,950,"KISS: PERSON, PERSON, MEDIUM-LIGHT SKIN TONE, LIGHT SKIN TONE",People & Body,Love
🧑🏼‍❤️‍💋‍🧑🏽,0x1f9d1 0x1f3fc 0x200d 0x2764 0xfe0f 0x200d 0x1f48b 0x200d 0x1f9d1 0x1f3fd,1000,20,30,950,"KISS: PERSON, PERSON, MEDIUM-LIGHT SKIN TONE, MEDIUM SKIN TONE",People & Body,Love
🧑🏼‍❤️‍💋‍🧑🏾,0x1f9d1 0x1f3fc 0x200d 0x2764 0xfe0f 0x200d 0x1f48b 0x200d 0x1f9d1 0x1f3fe,1000,20,30,950,"KISS: PERSON, PERSON, MEDIUM-LIGHT SKIN TONE, MEDIUM-DARK SKIN TONE",People & Body,Love
🧑🏼‍❤️‍💋‍🧑🏿,0x1f9d1 0x1f3fc 0x200d 0x2764 0xfe0f 0x200d 0x1f48b 0x200d 0x1f9d1 0x1f3ff,1000,20,30,950,"KISS: PERSON, PERSON, MEDIUM-LIGHT SKIN TONE, DARK SKIN TONE",People & Body,Love
🧑🏽‍❤️‍💋‍🧑🏻,0x1f9d1 0x1f3fd 0x200d 0x2764 0xfe0f 0x200d 0x1f48b 0x200d 0x1f9d1 0x1f3fb,1000,20,30,950,"KISS: PERSON, PERSON, MEDIUM SKIN TONE, LIGHT SKIN TONE",People & Body,Love
🧑🏽‍❤️‍💋‍🧑🏼,0x1f9d1 0x1f3fd 0x200d 0x2764 0xfe0f 0x200d 0x1f48b 0x200d 0x1f9d1 0x1f3fc,1000,20,30,950,"KISS: PERSON, PERSON, MEDIUM SKIN TONE, MEDIUM-LIGHT SKIN TONE",People & Body,Love
🧑🏽‍❤️‍💋‍🧑🏾,0x1f9d1 0x1f3fd 0x200d 0x2764 0xfe0f 0x200d 0x1f48b 0x200d 0x1f9d1 0x1f3fe,1000,20,30,950,"KISS: PERSON, PERSON, MEDIUM SKIN TONE, MEDIUM-DARK SKIN TONE",People & Body,Love
🧑🏽‍❤️‍💋‍🧑🏿,0x1f9d1 0x1f3fd 0x200d 0x2764 0xfe0f 0x200d 0x1f48b 0x200d 0x1f9d1 0x1f3ff,1000,20,30,950,"KISS: PERSON, PERSON, MEDIUM SKIN TONE, DARK SKIN TONE",People & Body,Love
🧑🏾‍❤️‍💋‍🧑🏻,0x1f9d1 0x1f3fe 0x200d 0x2764 0xfe0f 0x200d 0x1f48b 0x200d 0x1f9d1 0x1f3fb,1000,20,30,950,"KISS: PERSON, PERSON, MEDIUM-DARK SKIN TONE, LIGHT SKIN TONE",People & Body,Love
🧑🏾‍❤️‍💋‍🧑🏼,0x1f9d1 0x1f3fe 0x200d 0x2764 0xfe0f 0x200d 0x1f48b 0x200d 0x1f9d1 0x1f3fc,1000,20,30,950,"KISS: PERSON, PERSON, MEDIUM-DARK SKIN TONE, MEDIUM-LIGHT SKIN TONE",People & Body,Love
🧑🏾‍❤️‍💋‍🧑🏽,0x1f9d1 0x1f3fe 0x200d 0x2764 0xfe0f 0x200d 0x1f48b 0x200d 0x1f9d1 0x1f3fd,1000,20,30,950,"KISS: PERSON, PERSON, MEDIUM-DARK SKIN TONE, MEDIUM SKIN TONE",People & Body,Love
🧑🏾‍❤️‍💋‍🧑🏿,0x1f9d1 0x1f3fe 0x200d 0x2764 0xfe0f 0x200d 0x1f48b 0x200d 0x1f9d1 0x1f3ff,1000,20,30,950,"KISS: PERSON, PERSON, MEDIUM-DARK SKIN TONE, DARK SKIN TONE",People & Body,Love
🧑🏿‍❤️‍💋‍🧑🏻,0x1f9d1 0x1f3ff 0x200d 0x2764 0xfe0f 0x200d 0x1f48b 0x200d 0x1f9d1 0x1f3fb,1000,20,30,950,"KISS: PERSON, PERSON, DARK SKIN TONE, LIGHT SKIN TONE",People & Body,Love
🧑🏿‍❤️‍💋‍🧑🏼,0x1f9d1 0x1f3ff 0x200d 0x2764 0xfe0f 0x200d 0x1f48b 0x200d 0x1f9d1 0x1f3fc,1000,20,30,950,"KISS: PERSON, PERSON, DARK SKIN TONE, MEDIUM-LIGHT SKIN TONE",People & Body,Love
🧑🏿‍❤️‍💋‍🧑🏽,0x1f9d1 0x1f3ff 0x200d 0x2764 0xfe0f 0x200d 0x1f48b 0x200d 0x1f9d1 0x1f3fd,1000,20,30,950,"KISS: PERSON, PERSON, DARK SKIN TONE, MEDIUM SKIN TONE",People & Body,Love
🧑🏿‍❤️‍💋‍🧑🏾,0x1f9d1 0x1f3ff 0x200d 0x2764 0xfe0f 0x200d 0x1f48b 0x200d 0x1f9d1 0x1f3fe,1000,20,30,950,"KISS: PERSON, PERSON, DARK SKIN TONE, MEDIUM-DARK SKIN TONE",People & Body,Love
👩‍❤️‍💋‍👨,0x1f469 0x200d 0x2764 0xfe0f 0x200d 0x1f48b 0x200d 0x1f468,1000,20,30,950,"KISS: WOMAN, MAN",People & Body,Love
👩🏻‍❤️‍💋‍👨🏻,0x1f469 0x1f3fb 0x200d 0x2764 0xfe0f 0x200d 0x1f48b 0x200d 0x1f468 0x1f3fb,1000,20,30,950,"KISS: WOMAN, MAN, LIGHT SKIN TONE",People & Body,Love
👩🏻‍❤️‍💋‍👨🏼,0x1f469 0x1f3fb 0x200d 0x2764 0xfe0f 0x200d 0x1f48b 0x200d 0x1f468 0x1f3fc,1000,20,30,950,"KISS: WOMAN, MAN, LIGHT SKIN TONE, MEDIUM-LIGHT SKIN TONE",People & Body,Love
👩🏻‍❤️‍💋‍👨🏽,0x1f469 0x1f3fb 0x200d 0x2764 0xfe0f 0x200d 0x1f48b 0x200d 0x1f468 0x1f3fd,1000,20,30,950,"KISS: WOMAN, MAN, LIGHT SKIN TONE, MEDIUM SKIN TONE",People & Body,Love
👩🏻‍❤️‍💋‍👨🏾,0x1f469 0x1f3fb 0x200d 0x2764 0xfe0f 0x200d 0x1f48b 0x200d 0x1f468 0x1f3fe,1000,20,30,950,"KISS: WOMAN, MAN, LIGHT SKIN TONE, MEDIUM-DARK SKIN TONE",People & Body,Love
👩🏻‍❤️‍💋‍👨🏿,0x1f469 0x1f3fb 0x200d 0x2764 0xfe0f 0x200d 0x1f48b 0x200d 0x1f468 0x1f3ff,1000,20,30,950,"KISS: WOMAN, MAN, LIGHT SKIN TONE, DARK SKIN TONE",People & Body,Love
👩🏼‍❤️‍💋‍👨🏻,0x1f469 0x1f3fc 0x200d 0x2764 0xfe0f 0x200d 0x1f48b 0x200d 0x1f468 0x1f3fb,1000,20,30,950,"KISS: WOMAN, MAN, MEDIUM-LIGHT SKIN TONE, LIGHT SKIN TONE",People & Body,Love
👩🏼‍❤️‍💋‍👨🏼,0x1f469 0x1f3fc 0x200d 0x2764 0xfe0f 0x200d 0x1f48b 0x200d 0x1f468 0x1f3fc,1000,20,30,950,"KISS: WOMAN, MAN, MEDIUM-LIGHT SKIN TONE",People & Body,Love
👩🏼‍❤️‍💋‍👨🏽,0x1f469 0x1f3fc 0x200d 0x2764 0xfe0f 0x200d 0x1f48b 0x200d 0x1f468 0x1f3fd,1000,20,30,950,"KISS: WOMAN, MAN, MEDIUM-LIGHT SKIN TONE, MEDIUM SKIN TONE",People & Body,Love
👩🏼‍❤️‍💋‍👨🏾,0x1f469 0x1f3fc 0x200d 0x2764 0xfe0f 0x200d 0x1f48b 0x200d 0x1f468 0x1f3fe,1000,20,30,950,"KISS: WOMAN, MAN, MEDIUM-LIGHT SKIN TONE, MEDIUM-DARK SKIN TONE",People & Body,Love
👩🏼‍❤️‍💋‍👨🏿,0x1f469 0x1f3fc 0x200d 0x2764 0xfe0f 0x200d 0x1f48b 0x200d 0x1f468 0x1f3ff,1000,20,30,950,"KISS: WOMAN, MAN, MEDIUM-LIGHT SKIN TONE, DARK SKIN TONE",People & Body,Love
👩🏽‍❤️‍💋‍👨🏻,0x1f469 0x1f3fd 0x200d 0x2764 0xfe0f 0x200d 0x1f48b 0x200d 0x1f468 0x1f3fb,1000,20,30,950,"KISS: WOMAN, MAN, MEDIUM SKIN TONE, LIGHT SKIN TONE",People & Body,Love
👩🏽‍❤️‍💋‍👨🏼,0x1f469 0x1f3fd 0x200d 0x2764 0xfe0f 0x200d 0x1f48b 0x200d 0x1f468 0x1f3fc,1000,20,30,950,"KISS: WOMAN, MAN, MEDIUM SKIN TONE, MEDIUM-LIGHT SKIN TONE",People & Body,Love
👩🏽‍❤️‍💋‍👨🏽,0x1f469 0x1f3fd 0x200d 0x2764 0xfe0f 0x200d 0x1f48b 0x200d 0x1f468 0x1f3fd,1000,20,30,950,"KISS: WOMAN, MAN, MEDIUM SKIN TONE",People & Body,Love
👩🏽‍❤️‍💋‍👨🏾,0x1f469 0x1f3fd 0x200d 0x2764 0xfe0f 0x200d 0x1f48b 0x200d 0x1f468 0x1f3fe,1000,20,30,950,"KISS: WOMAN, MAN, MEDIUM SKIN TONE, MEDIUM-DARK SKIN TONE",People & Body,Love
👩🏽‍❤️‍💋‍👨🏿,0x1f469 0x1f3fd 0x200d 0x2764 0xfe0f 0x200d 0x1f48b 0x200d 0x1f468 0x1f3ff,1000,20,30,950,"KISS: WOMAN, MAN, MEDIUM SKIN TONE, DARK SKIN TONE",People & Body,Love
👩🏾‍❤️‍💋‍👨🏻,0x1f469 0x1f3fe 0x200d 0x2764 0xfe0f 0x200d 0x1f48b 0x200d 0x1f468 0x1f3fb,1000,20,30,950,"KISS: WOMAN, MAN, MEDIUM-DARK SKIN TONE, LIGHT SKIN TONE",People & Body,Love
👩🏾‍❤️‍💋‍👨🏼,0x1f469 0x1f3fe 0x200d 0x2764 0xfe0f 0x200d 0x1f48b 0x200d 0x1f468 0x1f3fc,1000,20,30,950,"KISS: WOMAN, MAN, MEDIUM-DARK SKIN TONE, MEDIUM-LIGHT SKIN TONE",People & Body,Love
👩🏾‍❤️‍💋‍👨🏽,0x1f469 0x1f3fe 0x200d 0x2764 0xfe0f 0x200d 0x1f48b 0x200d 0x1f468 0x1f3fd,1000,20,30,950,"KISS: WOMAN, MAN, MEDIUM-DARK SKIN TONE, MEDIUM SKIN TONE",People & Body,Love
👩🏾‍❤️‍💋‍👨🏾,0x1f469 0x1f3fe 0x200d 0x2764 0xfe0f 0x200d 0x1f48b 0x200d 0x1f468 0x1f3fe,1000,20,30,950,"KISS: WOMAN, MAN, MEDIUM-DARK SKIN TONE",People & Body,Love
👩🏾‍❤️‍💋‍👨🏿,0x1f469 0x1f3fe 0x200d 0x2764 0xfe0f 0x200d 0x1f48b 0x200d 0x1f468 0x1f3ff,1000,20,30,950,"KISS: WOMAN, MAN, MEDIUM-DARK SKIN TONE, DARK SKIN TONE",People & Body,Love
👩🏿‍❤️‍💋‍👨🏻,0x1f469 0x1f3ff 0x200d 0x2764 0xfe0f 0x200d 0x1f48b 0x200d 0x1f468 0x1f3fb,1000,20,30,950,"KISS: WOMAN, MAN, DARK SKIN TONE, LIGHT SKIN TONE",People & Body,Love
👩🏿‍❤️‍💋‍👨🏼,0x1f469 0x1f3ff 0x200d 0x2764 0xfe0f 0x200d 0x1f48b 0x200d 0x1f468 0x1f3fc,1000,20,30,950,"KISS: WOMAN, MAN, DARK SKIN TONE, MEDIUM-LIGHT SKIN TONE",People & Body,Love
👩🏿‍❤️‍💋‍👨🏽,0x1f469 0x1f3ff 0x200d 0x2764 0xfe0f 0x200d 0x1f48b 0x200d 0x1f468 0x1f3fd,1000,20,30,950,"KISS: WOMAN, MAN, DARK SKIN TONE, MEDIUM SKIN TONE",People & Body,Love
👩🏿‍❤️‍💋‍👨🏾,0x1f469 0x1f3ff 0x200d 0x2764 0xfe0f 0x200d 0x1f48b 0x200d 0x1f468 0x1f3fe,1000,20,30,950,"KISS: WOMAN, MAN, DARK SKIN TONE, MEDIUM-DARK SKIN TONE",People & Body,Love
👩🏿‍❤️‍💋‍👨🏿,0x1f469 0x1f3ff 0x200d 0x2764 0xfe0f 0x200d 0x1f48b 0x200d 0x1f468 0x1f3ff,1000,20,30,950,"KISS: WOMAN, MAN, DARK SKIN TONE",People & Body,Love
👨‍❤️‍💋‍👨,0x1f468 0x200d 0x2764 0xfe0f 0x200d 0x1f48b 0x200d 0x1f468,1000,20,30,950,"KISS: MAN, MAN",People & Body,Love
👨🏻‍❤️‍💋‍👨🏻,0x1f468 0x1f3fb 0x200d 0x2764 0xfe0f 0x200d 0x1f48b 0x200d 0x1f468 0x1f3fb,1000,20,30,950,"KISS: MAN, MAN, LIGHT SKIN TONE",People & Body,Love
👨🏻‍❤️‍💋‍👨🏼,0x1f468 0x1f3fb 0x200d 0x2764 0xfe0f 0x200d 0x1f48b 0x200d 0x1f468 0x1f3fc,1000,20,30,950,"KISS: MAN, MAN, LIGHT SKIN TONE, MEDIUM-LIGHT SKIN TONE",People & Body,Love
👨🏻‍❤️‍💋‍👨🏽,0x1f468 0x1f3fb 0x200d 0x2764 0xfe0f 0x200d 0x1f48b 0x200d 0x1f468 0x1f3fd,1000,20,30,950,"KISS: MAN, MAN, LIGHT SKIN TONE, MEDIUM SKIN TONE",People & Body,Love
👨🏻‍❤️‍💋‍👨🏾,0x1f468 0x1f3fb 0x200d 0x2764 0xfe0f 0x200d 0x1f48b 0x200d 0x1f468 0x1f3fe,1000,20,30,950,"KISS: MAN, MAN, LIGHT SKIN TONE, MEDIUM-DARK SKIN TONE",People & Body,Love
👨🏻‍❤️‍💋‍👨🏿,0x1f468 0x1f3fb 0x200d 0x2764 0xfe0f 0x200d 0x1f48b 0x200d 0x1f468 0x1f3ff,1000,20,30,950,"KISS: MAN, MAN, LIGHT SKIN TONE, DARK SKIN TONE",People & Body,Love
👨🏼‍❤️‍💋‍👨🏻,0x1f468 0x1f3fc 0x200d 0x2764 0xfe0f 0x200d 0x1f48b 0x200d 0x1f468 0x1f3fb,1000,20,30,950,"KISS: MAN, MAN, MEDIUM-LIGHT SKIN TONE, LIGHT SKIN TONE",People & Body,Love
👨🏼‍❤️‍💋‍👨🏼,0x1f468 0x1f3fc 0x200d 0x2764 0xfe0f 0x200d 0x1f48b 0x200d 0x1f468 0x1f3fc,1000,20,30,950,"KISS: MAN, MAN, MEDIUM-LIGHT SKIN TONE",People & Body,Love
👨🏼‍❤️‍💋‍👨🏽,0x1f468 0x1f3fc 0x200d 0x2764 0xfe0f 0x200d 0x1f48b 0x200d 0x1f468 0x1f3fd,1000,20,30,950,"KISS: MAN, MAN, MEDIUM-LIGHT SKIN TONE, MEDIUM SKIN TONE",People & Body,Love
👨🏼‍❤️‍💋‍👨🏾,0x1f468 0x1f3fc 0x200d 0x2764 0xfe0f 0x200d 0x1f48b 0x200d 0x1f468 0x1f3fe,1000,20,30,950,"KISS: MAN, MAN, MEDIUM-LIGHT SKIN TONE, MEDIUM-DARK SKIN TONE",People & Body,Love
👨🏼‍❤️‍💋‍👨🏿,0x1f468 0x1f3fc 0x200d 0x2764 0xfe0f 0x200d 0x1f48b 0x200d 0x1f468 0x1f3ff,1000,20,30,950,"KISS: MAN, MAN, MEDIUM-LIGHT SKIN TONE, DARK SKIN TONE",People & Body,Love
👨🏽‍❤️‍💋‍👨🏻,0x1f468 0x1f3fd 0x200d 0x2764 0xfe0f 0x200d 0x1f48b 0x200d 0x1f468 0x1f3fb,1000,20,30,950,"KISS: MAN, MAN, MEDIUM SKIN TONE, LIGHT SKIN TONE",People & Body,Love
👨🏽‍❤️‍💋‍👨🏼,0x1f468 0x1f3fd 0x200d 0x2764 0xfe0f 0x200d 0x1f48b 0x200d 0x1f468 0x1f3fc,1000,20,30,950,"KISS: MAN, MAN, MEDIUM SKIN TONE, MEDIUM-LIGHT SKIN TONE",People & Body,Love
👨🏽‍❤️‍💋‍👨🏽,0x1f468 0x1f3fd 0x200d 0x2764 0xfe0f 0x200d 0x1f48b 0x200d 0x1f468 0x1f3fd,1000,20,30,950,"KISS: MAN, MAN, MEDIUM SKIN TONE",People & Body,Love
👨🏽‍❤️‍💋‍👨🏾,0x1f468 0x1f3fd 0x200d 0x2764 0xfe0f 0x200d 0x1f48b 0x200d 0x1f468 0x1f3fe,1000,20,30,950,"KISS: MAN, MAN, MEDIUM SKIN TONE, MEDIUM-DARK SKIN TONE",People & Body,Love
👨🏽‍❤️‍💋‍👨🏿,0x1f468 0x1f3fd 0x200d 0x2764 0xfe0f 0x200d 0x1f48b 0x200d 0x1f468 0x1f3ff,1000,20,30,950,"KISS: MAN, MAN, MEDIUM SKIN TONE, DARK SKIN TONE",People & Body,Love
👨🏾‍❤️‍💋‍👨🏻,0x1f468 0x1f3fe 0x200d 0x2764 0xfe0f 0x200d 0x1f48b 0x200d 0x1f468 0x1f3fb,1000,20,30,950,"KISS: MAN, MAN, MEDIUM-DARK SKIN TONE, LIGHT SKIN TONE",People & Body,Love
👨🏾‍❤️‍💋‍👨🏼,0x1f468 0x1f3fe 0x200d 0x2764 0xfe0f 0x200d 0x1f48b 0x200d 0x1f468 0x1f3fc,1000,20,30,950,"KISS: MAN, MAN, MEDIUM-DARK SKIN TONE, MEDIUM-LIGHT SKIN TONE",People & Body,Love
👨🏾‍❤️‍💋‍👨🏽,0x1f468 0x1f3fe 0x200d 0x2764 0xfe0f 0x200d 0x1f48b 0x200d 0x1f468 0x1f3fd,1000,20,30,950,"KISS: MAN, MAN, MEDIUM-DARK SKIN TONE, MEDIUM SKIN TONE",People & Body,Love
👨🏾‍❤️‍💋‍👨🏾,0x1f468 0x1f3fe 0x200d 0x2764 0xfe0f 0x200d 0x1f48b 0x200d 0x1f468 0x1f3fe,1000,20,30,950,"KISS: MAN, MAN, MEDIUM-DARK SKIN TONE",People & Body,Love
👨🏾‍❤️‍💋‍👨🏿,0x1f468 0x1f3fe 0x200d 0x2764 0xfe0f 0x200d 0x1f48b 0x200d 0x1f468 0x1f3ff,1000,20,30,950,"KISS: MAN, MAN, MEDIUM-DARK SKIN TONE, DARK SKIN TONE",People & Body,Love
👨🏿‍❤️‍💋‍👨🏻,0x1f468 0x1f3ff 0x200d 0x2764 0xfe0f 0x200d 0x1f48b 0x200d 0x1f468 0x1f3fb,1000,20,30,950,"KISS: MAN, MAN, DARK SKIN TONE, LIGHT SKIN TONE",People & Body,Love
👨🏿‍❤️‍💋‍👨🏼,0x1f468 0x1f3ff 0x200d 0x2764 0xfe0f 0x200d 0x1f48b 0x200d 0x1f468 0x1f3fc,1000,20,30,950,"KISS: MAN, MAN, DARK SKIN TONE, MEDIUM-LIGHT SKIN TONE",People & Body,Love
👨🏿‍❤️‍💋‍👨🏽,0x1f468 0x1f3ff 0x200d 0x2764 0xfe0f 0x200d 0x1f48b 0x200d 0x1f468 0x1f3fd,1000,20,30,950,"KISS: MAN, MAN, DARK SKIN TONE, MEDIUM SKIN TONE",People & Body,Love
👨🏿‍❤️‍💋‍👨🏾,0x1f468 0x1f3ff 0x200d 0x2764 0xfe0f 0x200d 0x1f48b 0x200d 0x1f468 0x1f3fe,1000,20,30,950,"KISS: MAN, MAN, DARK SKIN TONE, MEDIUM-DARK SKIN TONE",People & Body,Love
👨🏿‍❤️‍💋‍👨🏿,0x1f468 0x1f3ff 0x200d 0x2764 0xfe0f 0x200d 0x1f48b 0x200d 0x1f468 0x1f3ff,1000,20,30,950,"KISS: MAN, MAN, DARK SKIN TONE",People & Body,Love
👩‍❤️‍💋‍👩,0x1f469 0x200d 0x2764 0xfe0f 0x200d 0x1f48b 0x200d 0x1f469,1000,20,30,950,"KISS: WOMAN, WOMAN",People & Body,Love
👩🏻‍❤️‍💋‍👩🏻,0x1f469 0x1f3fb 0x200d 0x2764 0xfe0f 0x200d 0x1f48b 0x200d 0x1f469 0x1f3fb,1000,20,30,950,"KISS: WOMAN, WOMAN, LIGHT SKIN TONE",People & Body,Love
👩🏻‍❤️‍💋‍👩🏼,0x1f469 0x1f3fb 0x200d 0x2764 0xfe0f 0x200d 0x1f48b 0x200d 0x1f469 0x1f3fc,1000,20,30,950,"KISS: WOMAN, WOMAN, LIGHT SKIN TONE, MEDIUM-LIGHT SKIN TONE",People & Body,Love
👩🏻‍❤️‍💋‍👩🏽,0x1f469 0x1f3fb 0x200d 0x2764 0xfe0f 0x200d 0x1f48b 0x200d 0x1f469 0x1f3fd,1000,20,30,950,"KISS: WOMAN, WOMAN, LIGHT SKIN TONE, MEDIUM SKIN TONE",People & Body,Love
👩🏻‍❤️‍💋‍👩🏾,0x1f469 0x1f3fb 0x200d 0x2764 0xfe0f 0x200d 0x1f48b 0x200d 0x1f469 0x1f3fe,1000,20,30,950,"KISS: WOMAN, WOMAN, LIGHT SKIN TONE, MEDIUM-DARK SKIN TONE",People & Body,Love
👩🏻‍❤️‍💋‍👩🏿,0x1f469 0x1f3fb 0x200d 0x2764 0xfe0f 0x200d 0x1f48b 0x200d 0x1f469 0x1f3ff,1000,20,30,950,"KISS: WOMAN, WOMAN, LIGHT SKIN TONE, DARK SKIN TONE",People & Body,Love
👩🏼‍❤️‍💋‍👩🏻,0x1f469 0x1f3fc 0x200d 0x2764 0xfe0f 0x200d 0x1f48b 0x200d 0x1f469 0x1f3fb,1000,20,30,950,"KISS: WOMAN, WOMAN, MEDIUM-LIGHT SKIN TONE, LIGHT SKIN TONE",People & Body,Love
👩🏼‍❤️‍💋‍👩🏼,0x1f469 0x1f3fc 0x200d 0x2764 0xfe0f 0x200d 0x1f48b 0x200d 0x1f469 0x1f3fc,1000,20,30,950,"KISS: WOMAN, WOMAN, MEDIUM-LIGHT SKIN TONE",People & Body,Love
👩🏼‍❤️‍💋‍👩🏽,0x1f469 0x1f3fc 0x200d 0x2764 0xfe0f 0x200d 0x1f48b 0x200d 0x1f469 0x1f3fd,1000,20,30,950,"KISS: WOMAN, WOMAN, MEDIUM-LIGHT SKIN TONE, MEDIUM SKIN TONE",People & Body,Love
👩🏼‍❤️‍💋‍👩🏾,0x1f469 0x1f3fc 0x200d 0x2764 0xfe0f 0x200d 0x1f48b 0x200d 0x1f469 0x1f3fe,1000,20,30,950,"KISS: WOMAN, WOMAN, MEDIUM-LIGHT SKIN TONE, MEDIUM-DARK SKIN TONE",People & Body,Love
👩🏼‍❤️‍💋‍👩🏿,0x1f469 0x1f3fc 0x200d 0x2764 0xfe0f 0x200d 0x1f48b 0x200d 0x1f469 0x1f3ff,1000,20,30,950,"KISS: WOMAN, WOMAN, MEDIUM-LIGHT SKIN TONE, DARK SKIN TONE",People & Body,Love
👩🏽‍❤️‍💋‍👩🏻,0x1f469 0x1f3fd 0x200d 0x2764 0xfe0f 0x200d 0x1f48b 0x200d 0x1f469 0x1f3fb,1000,20,30,950,"KISS: WOMAN, WOMAN, MEDIUM SKIN TONE, LIGHT SKIN TONE",People & Body,Love
👩🏽‍❤️‍💋‍👩🏼,0x1f469 0x1f3fd 0x200d 0x2764 0xfe0f 0x200d 0x1f48b 0x200d 0x1f469 0x1f3fc,1000,20,30,950,"KISS: WOMAN, WOMAN, MEDIUM SKIN TONE, MEDIUM-LIGHT SKIN TONE",People & Body,Love
👩🏽‍❤️‍💋‍👩🏽,0x1f469 0x1f3fd 0x200d 0x2764 0xfe0f 0x200d 0x1f48b 0x200d 0x1f469 0x1f3fd,1000,20,30,950,"KISS: WOMAN, WOMAN, MEDIUM SKIN TONE",People & Body,Love
👩🏽‍❤️‍💋‍👩🏾,0x1f469 0x1f3fd 0x200d 0x2764 0xfe0f 0x200d 0x1f48b 0x200d 0x1f469 0x1f3fe,1000,20,30,950,"KISS: WOMAN, WOMAN, MEDIUM SKIN TONE, MEDIUM-DARK SKIN TONE",People & Body,Love
👩🏽‍❤️‍💋‍👩🏿,0x1f469 0x1f3fd 0x200d 0x2764 0xfe0f 0x200d 0x1f48b 0x200d 0x1f469 0x1f3ff,1000,20,30,950,"KISS: WOMAN, WOMAN, MEDIUM SKIN TONE, DARK SKIN TONE",People & Body,Love
👩🏾‍❤️‍💋‍👩🏻,0x1f469 0x1f3fe 0x200d 0x2764 0xfe0f 0x200d 0x1f48b 0x200d 0x1f469 0x1f3fb,1000,20,30,950,"KISS: WOMAN, WOMAN, MEDIUM-DARK SKIN TONE, LIGHT SKIN TONE",People & Body,Love
👩🏾‍❤️‍💋‍👩🏼,0x1f469 0x1f3fe 0x200d 0x2764 0xfe0f 0x200d 0x1f48b 0x200d 0x1f469 0x1f3fc,1000,20,30,950,"KISS: WOMAN, WOMAN, MEDIUM-DARK SKIN TONE, MEDIUM-LIGHT SKIN TONE",People & Body,Love
👩🏾‍❤️‍💋‍👩🏽,0x1f469 0x1f3fe 0x200d 0x2764 0xfe0f 0x200d 0x1f48b 0x200d 0x1f469 0x1f3fd,1000,20,30,950,"KISS: WOMAN, WOMAN, MEDIUM-DARK SKIN TONE, MEDIUM SKIN TONE",People & Body,Love
👩🏾‍❤️‍💋‍👩🏾,0x1f469 0x1f3fe 0x200d 0x2764 0xfe0f 0x200d 0x1f48b 0x200d 0x1f469 0x1f3fe,1000,20,30,950,"KISS: WOMAN, WOMAN, MEDIUM-DARK SKIN TONE",People & Body,Love
👩🏾‍❤️‍💋‍👩🏿,0x1f469 0x1f3fe 0x200d 0x2764 0xfe0f 0x200d 0x1f48b 0x200d 0x1f469 0x1f3ff,1000,20,30,950,"KISS: WOMAN, WOMAN, MEDIUM-DARK SKIN TONE, DARK SKIN TONE",People & Body,Love
👩🏿‍❤️‍💋‍👩🏻,0x1f469 0x1f3ff 0x200d 0x2764 0xfe0f 0x200d 0x1f48b 0x200d 0x1f469 0x1f3fb,1000,20,30,950,"KISS: WOMAN, WOMAN, DARK SKIN TONE, LIGHT SKIN TONE",People & Body,Love
👩🏿‍❤️‍💋‍👩🏼,0x1f469 0x1f3ff 0x200d 0x2764 0xfe0f 0x200d 0x1f48b 0x200d 0x1f469 0x1f3fc,1000,20,30,950,"KISS: WOMAN, WOMAN, DARK SKIN TONE, MEDIUM-LIGHT SKIN TONE",People & Body,Love
👩🏿‍❤️‍💋‍👩🏽,0x1f469 0x1f3ff 0x200d 0x2764 0xfe0f 0x200d 0x1f48b 0x200d 0x1f469 0x1f3fd,1000,20,30,950,"KISS: WOMAN, WOMAN, DARK SKIN TONE, MEDIUM SKIN TONE",People & Body,Love
👩🏿‍❤️‍💋‍👩🏾,0x1f469 0x1f3ff 0x200d 0x2764 0xfe0f 0x200d 0x1f48b 0x200d 0x1f469 0x1f3fe,1000,20,30,950,"KISS: WOMAN, WOMAN, DARK SKIN TONE, MEDIUM-DARK SKIN TONE",People & Body,Love
👩🏿‍❤️‍💋‍👩🏿,0x1f469 0x1f3ff 0x200d 0x2764 0xfe0f 0x200d 0x1f48b 0x200d 0x1f469 0x1f3ff,1000,20,30,950,"KISS: WOMAN, WOMAN, DARK SKIN TONE",People & Body,Love
💑,0x1f491,1000,20,30,950,COUPLE WITH HEART,People & Body,Love
💑🏻,0x1f491 0x1f3fb,1000,20,30,950,COUPLE WITH HEART: LIGHT SKIN TONE,People & Body,Love
💑🏼,0x1f491 0x1f3fc,1000,20,30,950,COUPLE WITH HEART: MEDIUM-LIGHT SKIN TONE,People & Body,Love
💑🏽,0x1f491 0x1f3fd,1000,20,30,950,COUPLE WITH HEART: MEDIUM SKIN TONE,People & Body,Love
💑🏾,0x1f491 0x1f3fe,1000,20,30,950,COUPLE WITH HEART: MEDIUM-DARK SKIN TONE,People & Body,Love
💑🏿,0x1f491 0x1f3ff,1000,20,30,950,COUPLE WITH HEART: DARK SKIN TONE,People & Body,Love
🧑🏻‍❤️‍🧑🏼,0x1f9d1 0x1f3fb 0x200d 0x2764 0xfe0f 0x200d 0x1f9d1 0x1f3fc,1000,20,30,950,"COUPLE WITH HEART: PERSON, PERSON, LIGHT SKIN TONE, MEDIUM-LIGHT SKIN TONE",People & Body,Love
🧑🏻‍❤️‍🧑🏽,0x1f9d1 0x1f3fb 0x200d 0x2764 0xfe0f 0x200d 0x1f9d1 0x1f3fd,1000,20,30,950,"COUPLE WITH HEART: PERSON, PERSON, LIGHT SKIN TONE, MEDIUM SKIN TONE",People & Body,Love
🧑🏻‍❤️‍🧑🏾,0x1f9d1 0x1f3fb 0x200d 0x2764 0xfe0f 0x200d 0x1f9d1 0x1f3fe,1000,20,30,950,"COUPLE WITH HEART: PERSON, PERSON, LIGHT SKIN TONE, MEDIUM-DARK SKIN TONE",People & Body,Love
🧑🏻‍❤️‍🧑🏿,0x1f9d1 0x1f3fb 0x200d 0x2764 0xfe0f 0x200d 0x1f9d1 0x1f3ff,1000,20,30,950,"COUPLE WITH HEART: PERSON, PERSON, LIGHT SKIN TONE, DARK SKIN TONE",People & Body,Love
🧑🏼‍❤️‍🧑🏻,0x1f9d1 0x1f3fc 0x200d 0x2764 0xfe0f 0x200d 0x1f9d1 0x1f3fb,1000,20,30,950,"COUPLE WITH HEART: PERSON, PERSON, MEDIUM-LIGHT SKIN TONE, LIGHT SKIN TONE",People & Body,Love
🧑🏼‍❤️‍🧑🏽,0x1f9d1 0x1f3fc 0x200d 0x2764 0xfe0f 0x200d 0x1f9d1 0x1f3fd,1000,20,30,950,"COUPLE WITH HEART: PERSON, PERSON, MEDIUM-LIGHT SKIN TONE, MEDIUM SKIN TONE",People & Body,Love
🧑🏼‍❤️‍🧑🏾,0x1f9d1 0x1f3fc 0x200d 0x2764 0xfe0f 0x200d 0x1f9d1 0x1f3fe,1000,20,30,950,"COUPLE WITH HEART: PERSON, PERSON, MEDIUM-LIGHT SKIN TONE, MEDIUM-DARK SKIN TONE",People & Body,Love
🧑🏼‍❤️‍🧑🏿,0x1f9d1 0x1f3fc 0x200d 0x2764 0xfe0f 0x200d 0x1f9d1 0x1f3ff,1000,20,30,950,"COUPLE WITH HEART: PERSON, PERSON, MEDIUM-LIGHT SKIN TONE, DARK SKIN TONE",People & Body,Love
🧑🏽‍❤️‍🧑🏻,0x1f9d1 0x1f3fd 0x200d 0x2764 0xfe0f 0x200d 0x1f9d1 0x1f3fb,1000,20,30,950,"COUPLE WITH HEART: PERSON, PERSON, MEDIUM SKIN TONE, LIGHT SKIN TONE",People & Body,Love
🧑🏽‍❤️‍🧑🏼,0x1f9d1 0x1f3fd 0x200d 0x2764 0xfe0f 0x200d 0x1f9d1 0x1f3fc,1000,20,30,950,"COUPLE WITH HEART: PERSON, PERSON, MEDIUM SKIN TONE, MEDIUM-LIGHT SKIN TONE",People & Body,Love
🧑🏽‍❤️‍🧑🏾,0x1f9d1 0x1f3fd 0x200d 0x2764 0xfe0f 0x200d 0x1f9d1 0x1f3fe,1000,20,30,950,"COUPLE WITH HEART: PERSON, PERSON, MEDIUM SKIN TONE, MEDIUM-DARK SKIN TONE",People & Body,Love
🧑🏽‍❤️‍🧑🏿,0x1f9d1 0x1f3fd 0x200d 0x2764 0xfe0f 0x200d 0x1f9d1 0x1f3ff,1000,20,30,950,"COUPLE WITH HEART: PERSON, PERSON, MEDIUM SKIN TONE, DARK SKIN TONE",People & Body,Love
🧑🏾‍❤️‍🧑🏻,0x1f9d1 0x1f3fe 0x200d 0x2764 0xfe0f 0x200d 0x1f9d1 0x1f3fb,1000,20,30,950,"COUPLE WITH HEART: PERSON, PERSON, MEDIUM-DARK SKIN TONE, LIGHT SKIN TONE",People & Body,Love
🧑🏾‍❤️‍🧑🏼,0x1f9d1 0x1f3fe 0x200d 0x2764 0xfe0f 0x200d 0x1f9d1 0x1f3fc,1000,20,30,950,"COUPLE WITH HEART: PERSON, PERSON, MEDIUM-DARK SKIN TONE, MEDIUM-LIGHT SKIN TONE",People & Body,Love
🧑🏾‍❤️‍🧑🏽,0x1f9d1 0x1f3fe 0x200d 0x2764 0xfe0f 0x200d 0x1f9d1 0x1f3fd,1000,20,30,950,"COUPLE WITH HEART: PERSON, PERSON, MEDIUM-DARK SKIN TONE, MEDIUM SKIN TONE",People & Body,Love
🧑🏾‍❤️‍🧑🏿,0x1f9d1 0x1f3fe 0x200d 0x2764 0xfe0f 0x200d 0x1f9d1 0x1f3ff,1000,20,30,950,"COUPLE WITH HEART: PERSON, PERSON, MEDIUM-DARK SKIN TONE, DARK SKIN TONE",People & Body,Love
🧑🏿‍❤️‍🧑🏻,0x1f9d1 0x1f3ff 0x200d 0x2764 0xfe0f 0x200d 0x1f9d1 0x1f3fb,1000,20,30,950,"COUPLE WITH HEART: PERSON, PERSON, DARK SKIN TONE, LIGHT SKIN TONE",People & Body,Love
🧑🏿‍❤️‍🧑🏼,0x1f9d1 0x1f3ff 0x200d 0x2764 0xfe0f 0x200d 0x1f9d1 0x1f3fc,1000,20,30,950,"COUPLE WITH HEART: PERSON, PERSON, DARK SKIN TONE, MEDIUM-LIGHT SKIN TONE",People & Body,Love
🧑🏿‍❤️‍🧑🏽,0x1f9d1 0x1f3ff 0x200d 0x2764 0xfe0f 0x200d 0x1f9d1 0x1f3fd,1000,20,30,950,"COUPLE WITH HEART: PERSON, PERSON, DARK SKIN TONE, MEDIUM SKIN TONE",People & Body,Love
🧑🏿‍❤️‍🧑🏾,0x1f9d1 0x1f3ff 0x200d 0x2764 0xfe0f 0x200d 0x1f9d1 0x1f3fe,1000,20,30,950,"COUPLE WITH HEART: PERSON, PERSON, DARK SKIN TONE, MEDIUM-DARK SKIN TONE",People & Body,Love
👩‍❤️‍👨,0x1f469 0x200d 0x2764 0xfe0f 0x200d 0x1f468,1000,20,30,950,"COUPLE WITH HEART: WOMAN, MAN",People & Body,Love
👩🏻‍❤️‍👨🏻,0x1f469 0x1f3fb 0x200d 0x2764 0xfe0f 0x200d 0x1f468 0x1f3fb,1000,20,30,950,"COUPLE WITH HEART: WOMAN, MAN, LIGHT SKIN TONE",People & Body,Love
👩🏻‍❤️‍👨🏼,0x1f469 0x1f3fb 0x200d 0x2764 0xfe0f 0x200d 0x1f468 0x1f3fc,1000,20,30,950,"COUPLE WITH HEART: WOMAN, MAN, LIGHT SKIN TONE, MEDIUM-LIGHT SKIN TONE",People & Body,Love
👩🏻‍❤️‍👨🏽,0x1f469 0x1f3fb 0x200d 0x2764 0xfe0f 0x200d 0x1f468 0x1f3fd,1000,20,30,950,"COUPLE WITH HEART: WOMAN, MAN, LIGHT SKIN TONE, MEDIUM SKIN TONE",People & Body,Love
👩🏻‍❤️‍👨🏾,0x1f469 0x1f3fb 0x200d 0x2764 0xfe0f 0x200d 0x1f468 0x1f3fe,1000,20,30,950,"COUPLE WITH HEART: WOMAN, MAN, LIGHT SKIN TONE, MEDIUM-DARK SKIN TONE",People & Body,Love
👩🏻‍❤️‍👨🏿,0x1f469 0x1f3fb 0x200d 0x2764 0xfe0f 0x200d 0x1f468 0x1f3ff,1000,20,30,950,"COUPLE WITH HEART: WOMAN, MAN, LIGHT SKIN TONE, DARK SKIN TONE",People & Body,Love
👩🏼‍❤️‍👨🏻,0x1f469 0x1f3fc 0x200d 0x2764 0xfe0f 0x200d 0x1f468 0x1f3fb,1000,20,30,950,"COUPLE WITH HEART: WOMAN, MAN, MEDIUM-LIGHT SKIN TONE, LIGHT SKIN TONE",People & Body,Love
👩🏼‍❤️‍👨🏼,0x1f469 0x1f3fc 0x200d 0x2764 0xfe0f 0x200d 0x1f468 0x1f3fc,1000,20,30,950,"COUPLE WITH HEART: WOMAN, MAN, MEDIUM-LIGHT SKIN TONE",People & Body,Love
👩🏼‍❤️‍👨🏽,0x1f469 0x1f3fc 0x200d 0x2764 0xfe0f 0x200d 0x1f468 0x1f3fd,1000,20,30,950,"COUPLE WITH HEART: WOMAN, MAN, MEDIUM-LIGHT SKIN TONE, MEDIUM SKIN TONE",People & Body,Love
👩🏼‍❤️‍👨🏾,0x1f469 0x1f3fc 0x200d 0x2764 0xfe0f 0x200d 0x1f468 0x1f3fe,1000,20,30,950,"COUPLE WITH HEART: WOMAN, MAN, MEDIUM-LIGHT SKIN TONE, MEDIUM-DARK SKIN TONE",People & Body,Love
👩🏼‍❤️‍👨🏿,0x1f469 0x1f3fc 0x200d 0x2764 0xfe0f 0x200d 0x1f468 0x1f3ff,1000,20,30,950,"COUPLE WITH HEART: WOMAN, MAN, MEDIUM-LIGHT SKIN TONE, DARK SKIN TONE",People & Body,Love
👩🏽‍❤️‍👨🏻,0x1f469 0x1f3fd 0x200d 0x2764 0xfe0f 0x200d 0x1f468 0x1f3fb,1000,20,30,950,"COUPLE WITH HEART: WOMAN, MAN, MEDIUM SKIN TONE, LIGHT SKIN TONE",People & Body,Love
👩🏽‍❤️‍👨🏼,0x1f469 0x1f3fd 0x200d 0x2764 0xfe0f 0x200d 0x1f468 0x1f3fc,1000,20,30,950,"COUPLE WITH HEART: WOMAN, MAN, MEDIUM SKIN TONE, MEDIUM-LIGHT SKIN TONE",People & Body,Love
👩🏽‍❤️‍👨🏽,0x1f469 0x1f3fd 0x200d 0x2764 0xfe0f 0x200d 0x1f468 0x1f3fd,1000,20,30,950,"COUPLE WITH HEART: WOMAN, MAN, MEDIUM SKIN TONE",People & Body,Love
👩🏽‍❤️‍👨🏾,0x1f469 0x1f3fd 0x200d 0x2764 0xfe0f 0x200d 0x1f468 0x1f3fe,1000,20,30,950,"COUPLE WITH HEART: WOMAN, MAN, MEDIUM SKIN TONE, MEDIUM-DARK SKIN TONE",People & Body,Love
👩🏽‍❤️‍👨🏿,0x1f469 0x1f3fd 0x200d 0x2764 0xfe0f 0x200d 0x1f468 0x1f3ff,1000,20,30,950,"COUPLE WITH HEART: WOMAN, MAN, MEDIUM SKIN TONE, DARK SKIN TONE",People & Body,Love
👩🏾‍❤️‍👨🏻,0x1f469 0x1f3fe 0x200d 0x2764 0xfe0f 0x200d 0x1f468 0x1f3fb,1000,20,30,950,"COUPLE WITH HEART: WOMAN, MAN, MEDIUM-DARK SKIN TONE, LIGHT SKIN TONE",People & Body,Love
👩🏾‍❤️‍👨🏼,0x1f469 0x1f3fe 0x200d 0x2764 0xfe0f 0x200d 0x1f468 0x1f3fc,1000,20,30,950,"COUPLE WITH HEART: WOMAN, MAN, MEDIUM-DARK SKIN TONE, MEDIUM-LIGHT SKIN TONE",People & Body,Love
👩🏾‍❤️‍👨🏽,0x1f469 0x1f3fe 0x200d 0x2764 0xfe0f 0x200d 0x1f468 0x1f3fd,1000,20,30,950,"COUPLE WITH HEART: WOMAN, MAN, MEDIUM-DARK SKIN TONE, MEDIUM SKIN TONE",People & Body,Love
👩🏾‍❤️‍👨🏾,0x1f469 0x1f3fe 0x200d 0x2764 0xfe0f 0x200d 0x1f468 0x1f3fe,1000,20,30,950,"COUPLE WITH HEART: WOMAN, MAN, MEDIUM-DARK SKIN TONE",People & Body,Love
👩🏾‍❤️‍👨🏿,0x1f469 0x1f3fe 0x200d 0x2764 0xfe0f 0x200d 0x1f468 0x1f3ff,1000,20,30,950,"COUPLE WITH HEART: WOMAN, MAN, MEDIUM-DARK SKIN TONE, DARK SKIN TONE",People & Body,Love
👩🏿‍❤️‍👨🏻,0x1f469 0x1f3ff 0x200d 0x2764 0xfe0f 0x200d 0x1f468 0x1f3fb,1000,20,30,950,"COUPLE WITH HEART: WOMAN, MAN, DARK SKIN TONE, LIGHT SKIN TONE",People & Body,Love
👩🏿‍❤️‍👨🏼,0x1f469 0x1f3ff 0x200d 0x2764 0xfe0f 0x200d 0x1f468 0x1f3fc,1000,20,30,950,"COUPLE WITH HEART: WOMAN, MAN, DARK SKIN TONE, MEDIUM-LIGHT SKIN TONE",People & Body,Love
👩🏿‍❤️‍👨🏽,0x1f469 0x1f3ff 0x200d 0x2764 0xfe0f 0x200d 0x1f468 0x1f3fd,1000,20,30,950,"COUPLE WITH HEART: WOMAN, MAN, DARK SKIN TONE, MEDIUM SKIN TONE",People & Body,Love
👩🏿‍❤️‍👨🏾,0x1f469 0x1f3ff 0x200d 0x2764 0xfe0f 0x200d 0x1f468 0x1f3fe,1000,20,30,950,"COUPLE WITH HEART: WOMAN, MAN, DARK SKIN TONE, MEDIUM-DARK SKIN TONE",People & Body,Love
👩🏿‍❤️‍👨🏿,0x1f469 0x1f3ff 0x200d 0x2764 0xfe0f 0x200d 0x1f468 0x1f3ff,1000,20,30,950,"COUPLE WITH HEART: WOMAN, MAN, DARK SKIN TONE",People & Body,Love
👨‍❤️‍👨,0x1f468 0x200d 0x2764 0xfe0f 0x200d 0x1f468,1000,20,30,950,"COUPLE WITH HEART: MAN, MAN",People & Body,Love
👨🏻‍❤️‍👨🏻,0x1f468 0x1f3fb 0x200d 0x2764 0xfe0f 0x200d 0x1f468 0x1f3fb,1000,20,30,950,"COUPLE WITH HEART: MAN, MAN, LIGHT SKIN TONE",People & Body,Love
👨🏻‍❤️‍👨🏼,0x1f468 0x1f3fb 0x200d 0x2764 0xfe0f 0x200d 0x1f468 0x1f3fc,1000,20,30,950,"COUPLE WITH HEART: MAN, MAN, LIGHT SKIN TONE, MEDIUM-LIGHT SKIN TONE",People & Body,Love
👨🏻‍❤️‍👨🏽,0x1f468 0x1f3fb 0x200d 0x2764 0xfe0f 0x200d 0x1f468 0x1f3fd,1000,20,30,950,"COUPLE WITH HEART: MAN, MAN, LIGHT SKIN TONE, MEDIUM SKIN TONE",People & Body,Love
👨🏻‍❤️‍👨🏾,0x1f468 0x1f3fb 0x200d 0x2764 0xfe0f 0x200d 0x1f468 0x1f3fe,1000,20,30,950,"COUPLE WITH HEART: MAN, MAN, LIGHT SKIN TONE, MEDIUM-DARK SKIN TONE",People & Body,Love
👨🏻‍❤️‍👨🏿,0x1f468 0x1f3fb 0x200d 0x2764 0xfe0f 0x200d 0x1f468 0x1f3ff,1000,20,30,950,"COUPLE WITH HEART: MAN, MAN, LIGHT SKIN TONE, DARK SKIN TONE",People & Body,Love
👨🏼‍❤️‍👨🏻,0x1f468 0x1f3fc 0x200d 0x2764 0xfe0f 0x200d 0x1f468 0x1f3fb,1000,20,30,950,"COUPLE WITH HEART: MAN, MAN, MEDIUM-LIGHT SKIN TONE, LIGHT SKIN TONE",People & Body,Love
👨🏼‍❤️‍👨🏼,0x1f468 0x1f3fc 0x200d 0x2764 0xfe0f 0x200d 0x1f468 0x1f3fc,1000,20,30,950,"COUPLE WITH HEART: MAN, MAN, MEDIUM-LIGHT SKIN TONE",People & Body,Love
👨🏼‍❤️‍👨🏽,0x1f468 0x1f3fc 0x200d 0x2764 0xfe0f 0x200d 0x1f468 0x1f3fd,1000,20,30,950,"COUPLE WITH HEART: MAN, MAN, MEDIUM-LIGHT SKIN TONE, MEDIUM SKIN TONE",People & Body,Love
👨🏼‍❤️‍👨🏾,0x1f468 0x1f3fc 0x200d 0x2764 0xfe0f 0x200d 0x1f468 0x1f3fe,1000,20,30,950,"COUPLE WITH HEART: MAN, MAN, MEDIUM-LIGHT SKIN TONE, MEDIUM-DARK SKIN TONE",People & Body,Love
👨🏼‍❤️‍👨🏿,0x1f468 0x1f3fc 0x200d 0x2764 0xfe0f 0x200d 0x1f468 0x1f3ff,1000,20,30,950,"COUPLE WITH HEART: MAN, MAN, MEDIUM-LIGHT SKIN TONE, DARK SKIN TONE",People & Body,Love
👨🏽‍❤️‍👨🏻,0x1f468 0x1f3fd 0x200d 0x2764 0xfe0f 0x200d 0x1f468 0x1f3fb,1000,20,30,950,"COUPLE WITH HEART: MAN, MAN, MEDIUM SKIN TONE, LIGHT SKIN TONE",People & Body,Love
👨🏽‍❤️‍👨🏼,0x1f468 0x1f3fd 0x200d 0x2764 0xfe0f 0x200d 0x1f468 0x1f3fc,1000,20,30,950,"COUPLE WITH HEART: MAN, MAN, MEDIUM SKIN TONE, MEDIUM-LIGHT SKIN TONE",People & Body,Love
👨🏽‍❤️‍👨🏽,0x1f468 0x1f3fd 0x200d 0x2764 0xfe0f 0x200d 0x1f468 0x1f3fd,1000,20,30,950,"COUPLE WITH HEART: MAN, MAN, MEDIUM SKIN TONE",People & Body,Love
👨🏽‍❤️‍👨🏾,0x1f468 0x1f3fd 0x200d 0x2764 0xfe0f 0x200d 0x1f468 0x1f3fe,1000,20,30,950,"COUPLE WITH HEART: MAN, MAN, MEDIUM SKIN TONE, MEDIUM-DARK SKIN TONE",People & Body,Love
👨🏽‍❤️‍👨🏿,0x1f468 0x1f3fd 0x200d 0x2764 0xfe0f 0x200d 0x1f468 0x1f3ff,1000,20,30,950,"COUPLE WITH HEART: MAN, MAN, MEDIUM SKIN TONE, DARK SKIN TONE",People & Body,Love
👨🏾‍❤️‍👨🏻,0x1f468 0x1f3fe 0x200d 0x2764 0xfe0f 0x200d 0x1f468 0x1f3fb,1000,20,30,950,"COUPLE WITH HEART: MAN, MAN, MEDIUM-DARK SKIN TONE, LIGHT SKIN TONE",People & Body,Love
👨🏾‍❤️‍👨🏼,0x1f468 0x1f3fe 0x200d 0x2764 0xfe0f 0x200d 0x1f468 0x1f3fc,1000,20,30,950,"COUPLE WITH HEART: MAN, MAN, MEDIUM-DARK SKIN TONE, MEDIUM-LIGHT SKIN TONE",People & Body,Love
👨🏾‍❤️‍👨🏽,0x1f468 0x1f3fe 0x200d 0x2764 0xfe0f 0x200d 0x1f468 0x1f3fd,1000,20,30,950,"COUPLE WITH HEART: MAN, MAN, MEDIUM-DARK SKIN TONE, MEDIUM SKIN TONE",People & Body,Love
👨🏾‍❤️‍👨🏾,0x1f468 0x1f3fe 0x200d 0x2764 0xfe0f 0x200d 0x1f468 0x1f3fe,1000,20,30,950,"COUPLE WITH HEART: MAN, MAN, MEDIUM-DARK SKIN TONE",People & Body,Love
👨🏾‍❤️‍👨🏿,0x1f468 0x1f3fe 0x200d 0x2764 0xfe0f 0x200d 0x1f468 0x1f3ff,1000,20,30,950,"COUPLE WITH HEART: MAN, MAN, MEDIUM-DARK SKIN TONE, DARK SKIN TONE",People & Body,Love
👨🏿‍❤️‍👨🏻,0x1f468 0x1f3ff 0x200d 0x2764 0xfe0f 0x200d 0x1f468 0x1f3fb,1000,20,30,950,"COUPLE WITH HEART: MAN, MAN, DARK SKIN TONE, LIGHT SKIN TONE",People & Body,Love
👨🏿‍❤️‍👨🏼,0x1f468 0x1f3ff 0x200d 0x2764 0xfe0f 0x200d 0x1f468 0x1f3fc,1000,20,30,950,"COUPLE WITH HEART: MAN, MAN, DARK SKIN TONE, MEDIUM-LIGHT SKIN TONE",People & Body,Love
👨🏿‍❤️‍👨🏽,0x1f468 0x1f3ff 0x200d 0x2764 0xfe0f 0x200d 0x1f468 0x1f3fd,1000,20,30,950,"COUPLE WITH HEART: MAN, MAN, DARK SKIN TONE, MEDIUM SKIN TONE",People & Body,Love
👨🏿‍❤️‍👨🏾,0x1f468 0x1f3ff 0x200d 0x2764 0xfe0f 0x200d 0x1f468 0x1f3fe,1000,20,30,950,"COUPLE WITH HEART: MAN, MAN, DARK SKIN TONE, MEDIUM-DARK SKIN TONE",People & Body,Love
👨🏿‍❤️‍👨🏿,0x1f468 0x1f3ff 0x200d 0x2764 0xfe0f 0x200d 0x1f468 0x1f3ff,1000,20,30,950,"COUPLE WITH HEART: MAN, MAN, DARK SKIN TONE",People & Body,Love
👩‍❤️‍👩,0x1f469 0x200d 0x2764 0xfe0f 0x200d 0x1f469,1000,20,30,950,"COUPLE WITH HEART: WOMAN, WOMAN",People & Body,Love
👩🏻‍❤️‍👩🏻,0x1f469 0x1f3fb 0x200d 0x2764 0xfe0f 0x200d 0x1f469 0x1f3fb,1000,20,30,950,"COUPLE WITH HEART: WOMAN, WOMAN, LIGHT SKIN TONE",People & Body,Love
👩🏻‍❤️‍👩🏼,0x1f469 0x1f3fb 0x200d 0x2764 0xfe0f 0x200d 0x1f469 0x1f3fc,1000,20,30,950,"COUPLE WITH HEART: WOMAN, WOMAN, LIGHT SKIN TONE, MEDIUM-LIGHT SKIN TONE",People & Body,Love
👩🏻‍❤️‍👩🏽,0x1f469 0x1f3fb 0x200d 0x2764 0xfe0f 0x200d 0x1f469 0x1f3fd,1000,20,30,950,"COUPLE WITH HEART: WOMAN, WOMAN, LIGHT SKIN TONE, MEDIUM SKIN TONE",People & Body,Love
👩🏻‍❤️‍👩🏾,0x1f469 0x1f3fb 0x200d 0x2764 0xfe0f 0x200d 0x1f469 0x1f3fe,1000,20,30,950,"COUPLE WITH HEART: WOMAN, WOMAN, LIGHT SKIN TONE, MEDIUM-DARK SKIN TONE",People & Body,Love
👩🏻‍❤️‍👩🏿,0x1f469 0x1f3fb 0x200d 0x2764 0xfe0f 0x200d 0x1f469 0x1f3ff,1000,20,30,950,"COUPLE WITH HEART: WOMAN, WOMAN, LIGHT SKIN TONE, DARK SKIN TONE",People & Body,Love
👩🏼‍❤️‍👩🏻,0x1f469 0x1f3fc 0x200d 0x2764 0xfe0f 0x200d 0x1f469 0x1f3fb,1000,20,30,950,"COUPLE WITH HEART: WOMAN, WOMAN, MEDIUM-LIGHT SKIN TONE, LIGHT SKIN TONE",People & Body,Love
👩🏼‍❤️‍👩🏼,0x1f469 0x1f3fc 0x200d 0x2764 0xfe0f 0x200d 0x1f469 0x1f3fc,1000,20,30,950,"COUPLE WITH HEART: WOMAN, WOMAN, MEDIUM-LIGHT SKIN TONE",People & Body,Love
👩🏼‍❤️‍👩🏽,0x1f469 0x1f3fc 0x200d 0x2764 0xfe0f 0x200d 0x1f469 0x1f3fd,1000,20,30,950,"COUPLE WITH HEART: WOMAN, WOMAN, MEDIUM-LIGHT SKIN TONE, MEDIUM SKIN TONE",People & Body,Love
👩🏼‍❤️‍👩🏾,0x1f469 0x1f3fc 0x200d 0x2764 0xfe0f 0x200d 0x1f469 0x1f3fe,1000,20,30,950,"COUPLE WITH HEART: WOMAN, WOMAN, MEDIUM-LIGHT SKIN TONE, MEDIUM-DARK SKIN TONE",People & Body,Love
👩🏼‍❤️‍👩🏿,0x1f469 0x1f3fc 0x200d 0x2764 0xfe0f 0x200d 0x1f469 0x1f3ff,1000,20,30,950,"COUPLE WITH HEART: WOMAN, WOMAN, MEDIUM-LIGHT SKIN TONE, DARK SKIN TONE",People & Body,Love
👩🏽‍❤️‍👩🏻,0x1f469 0x1f3fd 0x200d 0x2764 0xfe0f 0x200d 0x1f469 0x1f3fb,1000,20,30,950,"COUPLE WITH HEART: WOMAN, WOMAN, MEDIUM SKIN TONE, LIGHT SKIN TONE",People & Body,Love
👩🏽‍❤️‍👩🏼,0x1f469 0x1f3fd 0x200d 0x2764 0xfe0f 0x200d 0x1f469 0x1f3fc,1000,20,30,950,"COUPLE WITH HEART: WOMAN, WOMAN, MEDIUM SKIN TONE, MEDIUM-LIGHT SKIN TONE",People & Body,Love
👩🏽‍❤️‍👩🏽,0x1f469 0x1f3fd 0x200d 0x2764 0xfe0f 0x200d 0x1f469 0x1f3fd,1000,20,30,950,"COUPLE WITH HEART: WOMAN, WOMAN, MEDIUM SKIN TONE",People & Body,Love
👩🏽‍❤️‍👩🏾,0x1f469 0x1f3fd 0x200d 0x2764 0xfe0f 0x200d 0x1f469 0x1f3fe,1000,20,30,950,"COUPLE WITH HEART: WOMAN, WOMAN, MEDIUM SKIN TONE, MEDIUM-DARK SKIN TONE",People & Body,Love
👩🏽‍❤️‍👩🏿,0x1f469 0x1f3fd 0x200d 0x2764 0xfe0f 0x200d 0x1f469 0x1f3ff,1000,20,30,950,"COUPLE WITH HEART: WOMAN, WOMAN, MEDIUM SKIN TONE, DARK SKIN TONE",People & Body,Love
👩🏾‍❤️‍👩🏻,0x1f469 0x1f3fe 0x200d 0x2764 0xfe0f 0x200d 0x1f469 0x1f3fb,1000,20,30,950,"COUPLE WITH HEART: WOMAN, WOMAN, MEDIUM-DARK SKIN TONE, LIGHT SKIN TONE",People & Body,Love
👩🏾‍❤️‍👩🏼,0x1f469 0x1f3fe 0x200d 0x2764 0xfe0f 0x200d 0x1f469 0x1f3fc,1000,20,30,950,"COUPLE WITH HEART: WOMAN, WOMAN, MEDIUM-DARK SKIN TONE, MEDIUM-LIGHT SKIN TONE",People & Body,Love
👩🏾‍❤️‍👩🏽,0x1f469 0x1f3fe 0x200d 0x2764 0xfe0f 0x200d 0x1f469 0x1f3fd,1000,20,30,950,"COUPLE WITH HEART: WOMAN, WOMAN, MEDIUM-DARK SKIN TONE, MEDIUM SKIN TONE",People & Body,Love
👩🏾‍❤️‍👩🏾,0x1f469 0x1f3fe 0x200d 0x2764 0xfe0f 0x200d 0x1f469 0x1f3fe,1000,20,30,950,"COUPLE WITH HEART: WOMAN, WOMAN, MEDIUM-DARK SKIN TONE",People & Body,Love
👩🏾‍❤️‍👩🏿,0x1f469 0x1f3fe 0x200d 0x2764 0xfe0f 0x200d 0x1f469 0x1f3ff,1000,20,30,950,"COUPLE WITH HEART: WOMAN, WOMAN, MEDIUM-DARK SKIN TONE, DARK SKIN TONE",People & Body,Love
👩🏿‍❤️‍👩🏻,0x1f469 0x1f3ff 0x200d 0x2764 0xfe0f 0x200d 0x1f469 0x1f3fb,1000,20,30,950,"COUPLE WITH HEART: WOMAN, WOMAN, DARK SKIN TONE, LIGHT SKIN TONE",People & Body,Love
👩🏿‍❤️‍👩🏼,0x1f469 0x1f3ff 0x200d 0x2764 0xfe0f 0x200d 0x1f469 0x1f3fc,1000,20,30,950,"COUPLE WITH HEART: WOMAN, WOMAN, DARK SKIN TONE, MEDIUM-LIGHT SKIN TONE",People & Body,Love
👩🏿‍❤️‍👩🏽,0x1f469 0x1f3ff 0x200d 0x2764 0xfe0f 0x200d 0x1f469 0x1f3fd,1000,20,30,950,"COUPLE WITH HEART: WOMAN, WOMAN, DARK SKIN TONE, MEDIUM SKIN TONE",People & Body,Love
👩🏿‍❤️‍👩🏾,0x1f469 0x1f3ff 0x200d 0x2764 0xfe0f 0x200d 0x1f469 0x1f3fe,1000,20,30,950,"COUPLE WITH HEART: WOMAN, WOMAN, DARK SKIN TONE, MEDIUM-DARK SKIN TONE",People & Body,Love
👩🏿‍❤️‍👩🏿,0x1f469 0x1f3ff 0x200d 0x2764 0xfe0f 0x200d 0x1f469 0x1f3ff,1000,20,30,950,"COUPLE WITH HEART: WOMAN, WOMAN, DARK SKIN TONE",People & Body,Love
👪,0x1f46a,1000,100,400,500,FAMILY,People & Body,Neutral
👨‍👩‍👦,0x1f468 0x200d 0x1f469 0x200d 0x1f466,1000,100,400,500,"FAMILY: MAN, WOMAN, BOY",People & Body,Neutral
👨‍👩‍👧,0x1f468 0x200d 0x1f469 0x200d 0x1f467,1000,100,400,500,"FAMILY: MAN, WOMAN, GIRL",People & Body,Neutral
👨‍👩‍👧‍👦,0x1f468 0x200d 0x1f469 0x200d 0x1f467 0x200d 0x1f466,1000,100,400,500,"FAMILY: MAN, WOMAN, GIRL, BOY",People & Body,Neutral
👨‍👩‍👦‍👦,0x1f468 0x200d 0x1f469 0x200d 0x1f466 0x200d 0x1f466,1000,100,400,500,"FAMILY: MAN, WOMAN, BOY, BOY",People & Body,Neutral
👨‍👩‍👧‍👧,0x1f468 0x200d 0x1f469 0x200d 0x1f467 0x200d 0x1f467,1000,100,400,500,"FAMILY: MAN, WOMAN, GIRL, GIRL",People & Body,Neutral
👨‍👨‍👦,0x1f468 0x200d 0x1f468 0x200d 0x1f466,1000,100,400,500,"FAMILY: MAN, MAN, BOY",People & Body,Neutral
👨‍👨‍👧,0x1f468 0x200d 0x1f468 0x200d 0x1f467,1000,100,400,500,"FAMILY: MAN, MAN, GIRL",People & Body,Neutral
👨‍👨‍👧‍👦,0x1f468 0x200d 0x1f468 0x200d 0x1f467 0x200d 0x1f466,1000,100,400,500,"FAMILY: MAN, MAN, GIRL, BOY",People & Body,Neutral
👨‍👨‍👦‍👦,0x1f468 0x200d 0x1f468 0x200d 0x1f466 0x200d 0x1f466,1000,100,400,500,"FAMILY: MAN, MAN, BOY, BOY",People & Body,Neutral
👨‍👨‍👧‍👧,0x1f468 0x200d 0x1f468 0x200d 0x1f467 0x200d 0x1f467,1000,100,400,500,"FAMILY: MAN, MAN, GIRL, GIRL",People & Body,Neutral
👩‍👩‍👦,0x1f469 0x200d 0x1f469 0x200d 0x1f466,1000,100,400,500,"FAMILY: WOMAN, WOMAN, BOY",People & Body,Neutral
👩‍👩‍👧,0x1f469 0x200d 0x1f469 0x200d 0x1f467,1000,100,400,500,"FAMILY: WOMAN, WOMAN, GIRL",People & Body,Neutral
👩‍👩‍👧‍👦,0x1f469 0x200d 0x1f469 0x200d 0x1f467 0x200d 0x1f466,1000,100,400,500,"FAMILY: WOMAN, WOMAN, GIRL, BOY",People & Body,Neutral
👩‍👩‍👦‍👦,0x1f469 0x200d 0x1f469 0x200d 0x1f466 0x200d 0x1f466,1000,100,400,500,"FAMILY: WOMAN, WOMAN, BOY, BOY",People & Body,Neutral
👩‍👩‍👧‍👧,0x1f469 0x200d 0x1f469 0x200d 0x1f467 0x200d 0x1f467,1000,100,400,500,"FAMILY: WOMAN, WOMAN, GIRL, GIRL",People & Body,Neutral
👨‍👦,0x1f468 0x200d 0x1f466,1000,100,400,500,"FAMILY: MAN, BOY",People & Body,Neutral
👨‍👦‍👦,0x1f468 0x200d 0x1f466 0x200d 0x1f466,1000,100,400,500,"FAMILY: MAN, BOY, BOY",People & Body,Neutral
👨‍👧,0x1f468 0x200d 0x1f467,1000,100,400,500,"FAMILY: MAN, GIRL",People & Body,Neutral
👨‍👧‍👦,0x1f468 0x200d 0x1f467 0x200d 0x1f466,1000,100,400,500,"FAMILY: MAN, GIRL, BOY",People & Body,Neutral
👨‍👧‍👧,0x1f468 0x200d 0x1f467 0x200d 0x1f467,1000,100,400,500,"FAMILY: MAN, GIRL, GIRL",People & Body,Neutral
👩‍👦,0x1f469 0x200d 0x1f466,1000,100,400,500,"FAMILY: WOMAN, BOY",People & Body,Neutral
👩‍👦‍👦,0x1f469 0x200d 0x1f466 0x200d 0x1f466,1000,100,400,500,"FAMILY: WOMAN, BOY, BOY",People & Body,Neutral
👩‍👧,0x1f469 0x200d 0x1f467,1000,100,400,500,"FAMILY: WOMAN, GIRL",People & Body,Neutral
👩‍👧‍👦,0x1f469 0x200d 0x1f467 0x200d 0x1f466,1000,100,400,500,"FAMILY: WOMAN, GIRL, BOY",People & Body,Neutral
👩‍👧‍👧,0x1f469 0x200d 0x1f467 0x200d 0x1f467,1000,100,400,500,"FAMILY: WOMAN, GIRL, GIRL",People & Body,Neutral
🗣️,0x1f5e3 0xfe0f,1000,100,400,500,SPEAKING HEAD,People & Body,Neutral
👤,0x1f464,1000,100,400,500,BUST IN SILHOUETTE,People & Body,Neutral
👥,0x1f465,1000,100,400,500,BUSTS IN SILHOUETTE,People & Body,Neutral
🫂,0x1fac2,1000,100,400,500,PEOPLE HUGGING,People & Body,Neutral
👣,0x1f463,1000,100,400,500,FOOTPRINTS,People & Body,Neutral
🐵,0x1f435,1000,50,200,750,MONKEY FACE,Animals & Nature,Amusement
🐒,0x1f412,1000,50,200,750,MONKEY,Animals & Nature,Amusement
🦍,0x1f98d,1000,50,200,750,GORILLA,Animals & Nature,Amusement
🦧,0x1f9a7,1000,50,200,750,ORANGUTAN,Animals & Nature,Amusement
🐶,0x1f436,1000,50,200,750,DOG FACE,Animals & Nature,Amusement
🐕,0x1f415,1000,50,200,750,DOG,Animals & Nature,Amusement
🦮,0x1f9ae,1000,50,200,750,GUIDE DOG,Animals & Nature,Amusement
🐕‍🦺,0x1f415 0x200d 0x1f9ba,1000,50,200,750,SERVICE DOG,Animals & Nature,Amusement
🐩,0x1f429,1000,50,200,750,POODLE,Animals & Nature,Amusement
🐺,0x1f43a,1000,50,200,750,WOLF,Animals & Nature,Amusement
🦊,0x1f98a,1000,50,200,750,FOX,Animals & Nature,Amusement
🦝,0x1f99d,1000,50,200,750,RACCOON,Animals & Nature,Amusement
🐱,0x1f431,1000,50,200,750,CAT FACE,Animals & Nature,Amusement
🐈,0x1f408,1000,50,200,750,CAT,Animals & Nature,Amusement
🐈‍⬛,0x1f408 0x200d 0x2b1b,1000,50,200,750,BLACK CAT,Animals & Nature,Amusement
🦁,0x1f981,1000,50,200,750,LION,Animals & Nature,Amusement
🐯,0x1f42f,1000,50,200,750,TIGER FACE,Animals & Nature,Amusement
🐅,0x1f405,1000,50,200,750,TIGER,Animals & Nature,Amusement
🐆,0x1f406,1000,50,200,750,LEOPARD,Animals & Nature,Amusement
🐴,0x1f434,1000,50,200,750,HORSE FACE,Animals & Nature,Amusement
🫎,0x1face,1000,50,200,750,MOOSE,Animals & Nature,Amusement
🫏,0x1facf,1000,50,200,750,DONKEY,Animals & Nature,Amusement
🐎,0x1f40e,1000,50,200,750,HORSE,Animals & Nature,Amusement
🦄,0x1f984,1000,50,200,750,UNICORN,Animals & Nature,Amusement
🦓,0x1f993,1000,50,200,750,ZEBRA,Animals & Nature,Amusement
🦌,0x1f98c,1000,50,200,750,DEER,Animals & Nature,Amusement
🦬,0x1f9ac,1000,50,200,750,BISON,Animals & Nature,Amusement
🐮,0x1f42e,1000,50,200,750,COW FACE,Animals & Nature,Amusement
🐂,0x1f402,1000,50,200,750,OX,Animals & Nature,Amusement
🐃,0x1f403,1000,50,200,750,WATER BUFFALO,Animals & Nature,Amusement
🐄,0x1f404,1000,50,200,750,COW,Animals & Nature,Amusement
🐷,0x1f437,1000,50,200,750,PIG FACE,Animals & Nature,Amusement
🐖,0x1f416,1000,50,200,750,PIG,Animals & Nature,Amusement
🐗,0x1f417,1000,50,200,750,BOAR,Animals & Nature,Amusement
🐽,0x1f43d,1000,50,200,750,PIG NOSE,Animals & Nature,Amusement
🐏,0x1f40f,1000,50,200,750,RAM,Animals & Nature,Amusement
🐑,0x1f411,1000,50,200,750,EWE,Animals & Nature,Amusement
🐐,0x1f410,1000,50,200,750,GOAT,Animals & Nature,Amusement
🐪,0x1f42a,1000,50,200,750,CAMEL,Animals & Nature,Amusement
🐫,0x1f42b,1000,50,200,750,TWO-HUMP CAMEL,Animals & Nature,Amusement
🦙,0x1f999,1000,50,200,750,LLAMA,Animals & Nature,Amusement
🦒,0x1f992,1000,50,200,750,GIRAFFE,Animals & Nature,Amusement
🐘,0x1f418,1000,50,200,750,ELEPHANT,Animals & Nature,Amusement
🦣,0x1f9a3,1000,50,200,750,MAMMOTH,Animals & Nature,Amusement
🦏,0x1f98f,1000,50,200,750,RHINOCEROS,Animals & Nature,Amusement
🦛,0x1f99b,1000,50,200,750,HIPPOPOTAMUS,Animals & Nature,Amusement
🐭,0x1f42d,1000,50,200,750,MOUSE FACE,Animals & Nature,Amusement
🐁,0x1f401,1000,50,200,750,MOUSE,Animals & Nature,Amusement
🐀,0x1f400,1000,50,200,750,RAT,Animals & Nature,Amusement
🐹,0x1f439,1000,50,200,750,HAMSTER,Animals & Nature,Amusement
🐰,0x1f430,1000,50,200,750,RABBIT FACE,Animals & Nature,Amusement
🐇,0x1f407,1000,50,200,750,RABBIT,Animals & Nature,Amusement
🐿️,0x1f43f 0xfe0f,1000,50,200,750,CHIPMUNK,Animals & Nature,Amusement
🦫,0x1f9ab,1000,50,200,750,BEAVER,Animals & Nature,Amusement
🦔,0x1f994,1000,50,200,750,HEDGEHOG,Animals & Nature,Amusement
🦇,0x1f987,1000,50,200,750,BAT,Animals & Nature,Amusement
🐻,0x1f43b,1000,50,200,750,BEAR,Animals & Nature,Amusement
🐻‍❄️,0x1f43b 0x200d 0x2744 0xfe0f,1000,50,200,750,POLAR BEAR,Animals & Nature,Amusement
🐨,0x1f428,1000,50,200,750,KOALA,Animals & Nature,Amusement
🐼,0x1f43c,1000,50,200,750,PANDA,Animals & Nature,Amusement
🦥,0x1f9a5,1000,50,200,750,SLOTH,Animals & Nature,Amusement
🦦,0x1f9a6,1000,50,200,750,OTTER,Animals & Nature,Amusement
🦨,0x1f9a8,1000,50,200,750,SKUNK,Animals & Nature,Amusement
🦘,0x1f998,1000,50,200,750,KANGAROO,Animals & Nature,Amusement
🦡,0x1f9a1,1000,50,200,750,BADGER,Animals & Nature,Amusement
🐾,0x1f43e,1000,50,200,750,PAW PRINTS,Animals & Nature,Amusement
🦃,0x1f983,1000,50,200,750,TURKEY,Animals & Nature,Amusement
🐔,0x1f414,1000,50,200,750,CHICKEN,Animals & Nature,Amusement
🐓,0x1f413,1000,50,200,750,ROOSTER,Animals & Nature,Amusement
🐣,0x1f423,1000,50,200,750,HATCHING CHICK,Animals & Nature,Amusement
🐤,0x1f424,1000,50,200,750,BABY CHICK,Animals & Nature,Amusement
🐥,0x1f425,1000,50,200,750,FRONT-FACING BABY CHICK,Animals & Nature,Amusement
🐦,0x1f426,1000,50,200,750,BIRD,Animals & Nature,Amusement
🐧,0x1f427,1000,50,200,750,PENGUIN,Animals & Nature,Amusement
🕊️,0x1f54a 0xfe0f,1000,50,200,750,DOVE,Animals & Nature,Amusement
🦅,0x1f985,1000,50,200,750,EAGLE,Animals & Nature,Amusement
🦆,0x1f986,1000,50,200,750,DUCK,Animals & Nature,Amusement
🦢,0x1f9a2,1000,50,200,750,SWAN,Animals & Nature,Amusement
🦉,0x1f989,1000,50,200,750,OWL,Animals & Nature,Amusement
🦤,0x1f9a4,1000,50,200,750,DODO,Animals & Nature,Amusement
🪶,0x1fab6,1000,50,200,750,FEATHER,Animals & Nature,Amusement
🦩,0x1f9a9,1000,50,200,750,FLAMINGO,Animals & Nature,Amusement
🦚,0x1f99a,1000,50,200,750,PEACOCK,Animals & Nature,Amusement
🦜,0x1f99c,1000,50,200,750,PARROT,Animals & Nature,Amusement
🪽,0x1fabd,1000,50,200,750,WING,Animals & Nature,Amusement
🐦‍⬛,0x1f426 0x200d 0x2b1b,1000,50,200,750,BLACK BIRD,Animals & Nature,Amusement
🪿,0x1fabf,1000,50,200,750,GOOSE,Animals & Nature,Amusement
🐸,0x1f438,1000,50,200,750,FROG,Animals & Nature,Amusement
🐊,0x1f40a,1000,50,200,750,CROCODILE,Animals & Nature,Amusement
🐢,0x1f422,1000,50,200,750,TURTLE,Animals & Nature,Amusement
🦎,0x1f98e,1000,50,200,750,LIZARD,Animals & Nature,Amusement
🐍,0x1f40d,1000,50,200,750,SNAKE,Animals & Nature,Amusement
🐲,0x1f432,1000,50,200,750,DRAGON FACE,Animals & Nature,Amusement
🐉,0x1f409,1000,50,200,750,DRAGON,Animals & Nature,Amusement
🦕,0x1f995,1000,50,200,750,SAUROPOD,Animals & Nature,Amusement
🦖,0x1f996,1000,50,200,750,T-REX,Animals & Nature,Amusement
🐳,0x1f433,1000,850,100,50,SPOUTING WHALE,Animals & Nature,Anger
🐋,0x1f40b,1000,50,200,750,WHALE,Animals & Nature,Amusement
🐬,0x1f42c,1000,50,200,750,DOLPHIN,Animals & Nature,Amusement
🦭,0x1f9ad,1000,50,200,750,SEAL,Animals & Nature,Amusement
🐟,0x1f41f,1000,50,200,750,FISH,Animals & Nature,Amusement
🐠,0x1f420,1000,50,200,750,TROPICAL FISH,Animals & Nature,Amusement
🐡,0x1f421,1000,50,200,750,BLOWFISH,Animals & Nature,Amusement
🦈,0x1f988,1000,50,200,750,SHARK,Animals & Nature,Amusement
🐙,0x1f419,1000,50,200,750,OCTOPUS,Animals & Nature,Amusement
🐚,0x1f41a,1000,50,200,750,SPIRAL SHELL,Animals & Nature,Amusement
🪸,0x1fab8,1000,50,200,750,CORAL,Animals & Nature,Amusement
🪼,0x1fabc,1000,50,200,750,JELLYFISH,Animals & Nature,Amusement
🐌,0x1f40c,1000,50,200,750,SNAIL,Animals & Nature,Amusement
🦋,0x1f98b,1000,50,200,750,BUTTERFLY,Animals & Nature,Amusement
🐛,0x1f41b,1000,50,200,750,BUG,Animals & Nature,Amusement
🐜,0x1f41c,1000,50,200,750,ANT,Animals & Nature,Amusement
🐝,0x1f41d,1000,50,200,750,HONEYBEE,Animals & Nature,Amusement
🪲,0x1fab2,1000,50,200,750,BEETLE,Animals & Nature,Amusement
🐞,0x1f41e,1000,50,200,750,LADY BEETLE,Animals & Nature,Amusement
🦗,0x1f997,1000,50,200,750,CRICKET,Animals & Nature,Amusement
🪳,0x1fab3,1000,50,200,750,COCKROACH,Animals & Nature,Amusement
🕷️,0x1f577 0xfe0f,1000,50,200,750,SPIDER,Animals & Nature,Amusement
🕸️,0x1f578 0xfe0f,1000,50,200,750,SPIDER WEB,Animals & Nature,Amusement
🦂,0x1f982,1000,50,200,750,SCORPION,Animals & Nature,Amusement
🦟,0x1f99f,1000,50,200,750,MOSQUITO,Animals & Nature,Amusement
🪰,0x1fab0,1000,50,200,750,FLY,Animals & Nature,Amusement
🪱,0x1fab1,1000,50,200,750,WORM,Animals & Nature,Amusement
🦠,0x1f9a0,1000,50,200,750,MICROBE,Animals & Nature,Amusement
💐,0x1f490,1000,50,200,750,BOUQUET,Animals & Nature,Amusement
🌸,0x1f338,1000,50,200,750,CHERRY BLOSSOM,Animals & Nature,Amusement
💮,0x1f4ae,1000,50,200,750,WHITE FLOWER,Animals & Nature,Amusement
🪷,0x1fab7,1000,50,200,750,LOTUS,Animals & Nature,Amusement
🏵️,0x1f3f5 0xfe0f,1000,50,200,750,ROSETTE,Animals & Nature,Amusement
🌹,0x1f339,1000,50,200,750,ROSE,Animals & Nature,Amusement
🥀,0x1f940,1000,50,200,750,WILTED FLOWER,Animals & Nature,Amusement
🌺,0x1f33a,1000,50,200,750,HIBISCUS,Animals & Nature,Amusement
🌻,0x1f33b,1000,20,50,930,SUNFLOWER,Animals & Nature,Optimism
🌼,0x1f33c,1000,50,200,750,BLOSSOM,Animals & Nature,Amusement
🌷,0x1f337,1000,50,200,750,TULIP,Animals & Nature,Amusement
🪻,0x1fabb,1000,50,200,750,HYACINTH,Animals & Nature,Amusement
🌱,0x1f331,1000,50,200,750,SEEDLING,Animals & Nature,Amusement
🪴,0x1fab4,1000,50,200,750,POTTED PLANT,Animals & Nature,Amusement
🌲,0x1f332,1000,50,200,750,EVERGREEN TREE,Animals & Nature,Amusement
🌳,0x1f333,1000,50,200,750,DECIDUOUS TREE,Animals & Nature,Amusement
🌴,0x1f334,1000,50,200,750,PALM TREE,Animals & Nature,Amusement
🌵,0x1f335,1000,50,200,750,CACTUS,Animals & Nature,Amusement
🌾,0x1f33e,1000,50,200,750,SHEAF OF RICE,Animals & Nature,Amusement
🌿,0x1f33f,1000,50,200,750,HERB,Animals & Nature,Amusement
☘️,0x2618 0xfe0f,1000,50,200,750,SHAMROCK,Animals & Nature,Amusement
🍀,0x1f340,1000,20,30,950,FOUR LEAF CLOVER,Animals & Nature,Love
🍁,0x1f341,1000,50,200,750,MAPLE LEAF,Animals & Nature,Amusement
🍂,0x1f342,1000,50,200,750,FALLEN LEAF,Animals & Nature,Amusement
🍃,0x1f343,1000,50,200,750,LEAF FLUTTERING IN WIND,Animals & Nature,Amusement
🪹,0x1fab9,1000,50,200,750,EMPTY NEST,Animals & Nature,Amusement
🪺,0x1faba,1000,50,200,750,NEST WITH EGGS,Animals & Nature,Amusement
🍄,0x1f344,1000,50,200,750,MUSHROOM,Animals & Nature,Amusement
🍇,0x1f347,1000,50,100,850,GRAPES,Food & Drink,Joy
🍈,0x1f348,1000,50,100,850,MELON,Food & Drink,Joy
🍉,0x1f349,1000,50,100,850,WATERMELON,Food & Drink,Joy
🍊,0x1f34a,1000,50,100,850,TANGERINE,Food & Drink,Joy
🍋,0x1f34b,1000,50,100,850,LEMON,Food & Drink,Joy
🍌,0x1f34c,1000,50,100,850,BANANA,Food & Drink,Joy
🍍,0x1f34d,1000,50,100,850,PINEAPPLE,Food & Drink,Joy
🥭,0x1f96d,1000,50,100,850,MANGO,Food & Drink,Joy
🍎,0x1f34e,1000,50,100,850,RED APPLE,Food & Drink,Joy
🍏,0x1f34f,1000,50,100,850,GREEN APPLE,Food & Drink,Joy
🍐,0x1f350,1000,50,100,850,PEAR,Food & Drink,Joy
🍑,0x1f351,1000,50,100,850,PEACH,Food & Drink,Joy
🍒,0x1f352,1000,50,100,850,CHERRIES,Food & Drink,Joy
🍓,0x1f353,1000,50,100,850,STRAWBERRY,Food & Drink,Joy
🫐,0x1fad0,1000,50,100,850,BLUEBERRIES,Food & Drink,Joy
🥝,0x1f95d,1000,50,100,850,KIWI FRUIT,Food & Drink,Joy
🍅,0x1f345,1000,50,100,850,TOMATO,Food & Drink,Joy
🫒,0x1fad2,1000,50,100,850,OLIVE,Food & Drink,Joy
🥥,0x1f965,1000,50,100,850,COCONUT,Food & Drink,Joy
🥑,0x1f951,1000,50,100,850,AVOCADO,Food & Drink,Joy
🍆,0x1f346,1000,50,100,850,EGGPLANT,Food & Drink,Joy
🥔,0x1f954,1000,50,100,850,POTATO,Food & Drink,Joy
🥕,0x1f955,1000,50,100,850,CARROT,Food & Drink,Joy
🌽,0x1f33d,1000,50,100,850,EAR OF CORN,Food & Drink,Joy
🌶️,0x1f336 0xfe0f,1000,50,100,850,HOT PEPPER,Food & Drink,Joy
🫑,0x1fad1,1000,50,100,850,BELL PEPPER,Food & Drink,Joy
🥒,0x1f952,1000,50,100,850,CUCUMBER,Food & Drink,Joy
🥬,0x1f96c,1000,50,100,850,LEAFY GREEN,Food & Drink,Joy
🥦,0x1f966,1000,50,100,850,BROCCOLI,Food & Drink,Joy
🧄,0x1f9c4,1000,50,100,850,GARLIC,Food & Drink,Joy
🧅,0x1f9c5,1000,50,100,850,ONION,Food & Drink,Joy
🥜,0x1f95c,1000,50,100,850,PEANUTS,Food & Drink,Joy
🫘,0x1fad8,1000,50,100,850,BEANS,Food & Drink,Joy
🌰,0x1f330,1000,50,100,850,CHESTNUT,Food & Drink,Joy
🫚,0x1fada,1000,50,100,850,GINGER ROOT,Food & Drink,Joy
🫛,0x1fadb,1000,50,100,850,PEA POD,Food & Drink,Joy
🍞,0x1f35e,1000,50,100,850,BREAD,Food & Drink,Joy
🥐,0x1f950,1000,50,100,850,CROISSANT,Food & Drink,Joy
🥖,0x1f956,1000,50,100,850,BAGUETTE BREAD,Food & Drink,Joy
🫓,0x1fad3,1000,50,100,850,FLATBREAD,Food & Drink,Joy
🥨,0x1f968,1000,50,100,850,PRETZEL,Food & Drink,Joy
🥯,0x1f96f,1000,50,100,850,BAGEL,Food & Drink,Joy
🥞,0x1f95e,1000,50,100,850,PANCAKES,Food & Drink,Joy
🧇,0x1f9c7,1000,50,100,850,WAFFLE,Food & Drink,Joy
🧀,0x1f9c0,1000,50,100,850,CHEESE WEDGE,Food & Drink,Joy
🍖,0x1f356,1000,50,100,850,MEAT ON BONE,Food & Drink,Joy
🍗,0x1f357,1000,50,100,850,POULTRY LEG,Food & Drink,Joy
🥩,0x1f969,1000,50,100,850,CUT OF MEAT,Food & Drink,Joy
🥓,0x1f953,1000,50,100,850,BACON,Food & Drink,Joy
🍔,0x1f354,1000,50,100,850,HAMBURGER,Food & Drink,Joy
🍟,0x1f35f,1000,50,100,850,FRENCH FRIES,Food & Drink,Joy
🍕,0x1f355,1000,50,100,850,PIZZA,Food & Drink,Joy
🌭,0x1f32d,1000,50,100,850,HOT DOG,Food & Drink,Joy
🥪,0x1f96a,1000,50,100,850,SANDWICH,Food & Drink,Joy
🌮,0x1f32e,1000,50,100,850,TACO,Food & Drink,Joy
🌯,0x1f32f,1000,50,100,850,BURRITO,Food & Drink,Joy
🫔,0x1fad4,1000,50,100,850,TAMALE,Food & Drink,Joy
🥙,0x1f959,1000,50,100,850,STUFFED FLATBREAD,Food & Drink,Joy
🧆,0x1f9c6,1000,50,100,850,FALAFEL,Food & Drink,Joy
🥚,0x1f95a,1000,50,100,850,EGG,Food & Drink,Joy
🍳,0x1f373,1000,20,80,900,COOKING,Food & Drink,Approval
🥘,0x1f958,1000,50,100,850,SHALLOW PAN OF FOOD,Food & Drink,Joy
🍲,0x1f372,1000,50,100,850,POT OF FOOD,Food & Drink,Joy
🫕,0x1fad5,1000,50,100,850,FONDUE,Food & Drink,Joy
🥣,0x1f963,1000,50,100,850,BOWL WITH SPOON,Food & Drink,Joy
🥗,0x1f957,1000,50,100,850,GREEN SALAD,Food & Drink,Joy
🍿,0x1f37f,1000,50,100,850,POPCORN,Food & Drink,Joy
🧈,0x1f9c8,1000,50,100,850,BUTTER,Food & Drink,Joy
🧂,0x1f9c2,1000,50,100,850,SALT,Food & Drink,Joy
🥫,0x1f96b,1000,50,100,850,CANNED FOOD,Food & Drink,Joy
🍱,0x1f371,1000,50,100,850,BENTO BOX,Food & Drink,Joy
🍘,0x1f358,1000,50,100,850,RICE CRACKER,Food & Drink,Joy
🍙,0x1f359,1000,50,100,850,RICE BALL,Food & Drink,Joy
🍚,0x1f35a,1000,20,80,900,COOKED RICE,Food & Drink,Approval
🍛,0x1f35b,1000,50,100,850,CURRY RICE,Food & Drink,Joy
🍜,0x1f35c,1000,50,100,850,STEAMING BOWL,Food & Drink,Joy
🍝,0x1f35d,1000,50,100,850,SPAGHETTI,Food & Drink,Joy
🍠,0x1f360,1000,50,100,850,ROASTED SWEET POTATO,Food & Drink,Joy
🍢,0x1f362,1000,50,100,850,ODEN,Food & Drink,Joy
🍣,0x1f363,1000,50,100,850,SUSHI,Food & Drink,Joy
🍤,0x1f364,1000,50,100,850,FRIED SHRIMP,Food & Drink,Joy
🍥,0x1f365,1000,50,100,850,FISH CAKE WITH SWIRL,Food & Drink,Joy
🥮,0x1f96e,1000,50,100,850,MOON CAKE,Food & Drink,Joy
🍡,0x1f361,1000,50,100,850,DANGO,Food & Drink,Joy
🥟,0x1f95f,1000,50,100,850,DUMPLING,Food & Drink,Joy
🥠,0x1f960,1000,20,80,900,FORTUNE COOKIE,Food & Drink,Approval
🥡,0x1f961,1000,50,100,850,TAKEOUT BOX,Food & Drink,Joy
🦀,0x1f980,1000,50,100,850,CRAB,Food & Drink,Joy
🦞,0x1f99e,1000,50,100,850,LOBSTER,Food & Drink,Joy
🦐,0x1f990,1000,50,100,850,SHRIMP,Food & Drink,Joy
🦑,0x1f991,1000,50,100,850,SQUID,Food & Drink,Joy
🦪,0x1f9aa,1000,50,100,850,OYSTER,Food & Drink,Joy
🍦,0x1f366,1000,50,100,850,SOFT ICE CREAM,Food & Drink,Joy
🍧,0x1f367,1000,50,100,850,SHAVED ICE,Food & Drink,Joy
🍨,0x1f368,1000,50,100,850,ICE CREAM,Food & Drink,Joy
🍩,0x1f369,1000,50,100,850,DOUGHNUT,Food & Drink,Joy
🍪,0x1f36a,1000,20,80,900,COOKIE,Food & Drink,Approval
🎂,0x1f382,1000,50,100,850,BIRTHDAY CAKE,Food & Drink,Joy
🍰,0x1f370,1000,50,100,850,SHORTCAKE,Food & Drink,Joy
🧁,0x1f9c1,1000,50,100,850,CUPCAKE,Food & Drink,Joy
🥧,0x1f967,1000,50,100,850,PIE,Food & Drink,Joy
🍫,0x1f36b,1000,50,100,850,CHOCOLATE BAR,Food & Drink,Joy
🍬,0x1f36c,1000,50,100,850,CANDY,Food & Drink,Joy
🍭,0x1f36d,1000,50,100,850,LOLLIPOP,Food & Drink,Joy
🍮,0x1f36e,1000,30,50,920,CUSTARD,Food & Drink,Excitement
🍯,0x1f36f,1000,50,100,850,HONEY POT,Food & Drink,Joy
🍼,0x1f37c,1000,50,100,850,BABY BOTTLE,Food & Drink,Joy
🥛,0x1f95b,1000,50,100,850,GLASS OF MILK,Food & Drink,Joy
☕,0x2615,1000,850,100,50,HOT BEVERAGE,Food & Drink,Anger
🫖,0x1fad6,1000,50,100,850,TEAPOT,Food & Drink,Joy
🍵,0x1f375,1000,50,100,850,TEACUP WITHOUT HANDLE,Food & Drink,Joy
🍶,0x1f376,1000,50,100,850,SAKE,Food & Drink,Joy
🍾,0x1f37e,1000,50,100,850,BOTTLE WITH POPPING CORK,Food & Drink,Joy
🍷,0x1f377,1000,50,100,850,WINE GLASS,Food & Drink,Joy
🍸,0x1f378,1000,50,100,850,COCKTAIL GLASS,Food & Drink,Joy
🍹,0x1f379,1000,50,100,850,TROPICAL DRINK,Food & Drink,Joy
🍺,0x1f37a,1000,50,100,850,BEER MUG,Food & Drink,Joy
🍻,0x1f37b,1000,50,100,850,CLINKING BEER MUGS,Food & Drink,Joy
🥂,0x1f942,1000,50,100,850,CLINKING GLASSES,Food & Drink,Joy
🥃,0x1f943,1000,50,100,850,TUMBLER GLASS,Food & Drink,Joy
🫗,0x1fad7,1000,50,100,850,POURING LIQUID,Food & Drink,Joy
🥤,0x1f964,1000,50,100,850,CUP WITH STRAW,Food & Drink,Joy
🧋,0x1f9cb,1000,50,100,850,BUBBLE TEA,Food & Drink,Joy
🧃,0x1f9c3,1000,850,100,50,BEVERAGE BOX,Food & Drink,Anger
🧉,0x1f9c9,1000,50,100,850,MATE,Food & Drink,Joy
🧊,0x1f9ca,1000,50,100,850,ICE,Food & Drink,Joy
🥢,0x1f962,1000,50,100,850,CHOPSTICKS,Food & Drink,Joy
🍽️,0x1f37d 0xfe0f,1000,50,100,850,FORK AND KNIFE WITH PLATE,Food & Drink,Joy
🍴,0x1f374,1000,50,100,850,FORK AND KNIFE,Food & Drink,Joy
🥄,0x1f944,1000,50,100,850,SPOON,Food & Drink,Joy
🔪,0x1f52a,1000,50,100,850,KITCHEN KNIFE,Food & Drink,Joy
🫙,0x1fad9,1000,50,100,850,JAR,Food & Drink,Joy
🏺,0x1f3fa,1000,50,100,850,AMPHORA,Food & Drink,Joy
🌍,0x1f30d,1000,100,200,700,GLOBE SHOWING EUROPE-AFRICA,Travel & Places,Surprise
🌎,0x1f30e,1000,100,200,700,GLOBE SHOWING AMERICAS,Travel & Places,Surprise
🌏,0x1f30f,1000,100,200,700,GLOBE SHOWING ASIA-AUSTRALIA,Travel & Places,Surprise
🌐,0x1f310,1000,100,200,700,GLOBE WITH MERIDIANS,Travel & Places,Surprise
🗺️,0x1f5fa 0xfe0f,1000,100,200,700,WORLD MAP,Travel & Places,Surprise
🗾,0x1f5fe,1000,100,200,700,MAP OF JAPAN,Travel & Places,Surprise
🧭,0x1f9ed,1000,100,200,700,COMPASS,Travel & Places,Surprise
🏔️,0x1f3d4 0xfe0f,1000,100,200,700,SNOW-CAPPED MOUNTAIN,Travel & Places,Surprise
⛰️,0x26f0 0xfe0f,1000,100,200,700,MOUNTAIN,Travel & Places,Surprise
🌋,0x1f30b,1000,100,200,700,VOLCANO,Travel & Places,Surprise
🗻,0x1f5fb,1000,100,200,700,MOUNT FUJI,Travel & Places,Surprise
🏕️,0x1f3d5 0xfe0f,1000,100,200,700,CAMPING,Travel & Places,Surprise
🏖️,0x1f3d6 0xfe0f,1000,100,200,700,BEACH WITH UMBRELLA,Travel & Places,Surprise
🏜️,0x1f3dc 0xfe0f,1000,100,200,700,DESERT,Travel & Places,Surprise
🏝️,0x1f3dd 0xfe0f,1000,100,200,700,DESERT ISLAND,Travel & Places,Surprise
🏞️,0x1f3de 0xfe0f,1000,100,200,700,NATIONAL PARK,Travel & Places,Surprise
🏟️,0x1f3df 0xfe0f,1000,100,200,700,STADIUM,Travel & Places,Surprise
🏛️,0x1f3db 0xfe0f,1000,100,200,700,CLASSICAL BUILDING,Travel & Places,Surprise
🏗️,0x1f3d7 0xfe0f,1000,100,200,700,BUILDING CONSTRUCTION,Travel & Places,Surprise
🧱,0x1f9f1,1000,100,200,700,BRICK,Travel & Places,Surprise
🪨,0x1faa8,1000,100,200,700,ROCK,Travel & Places,Surprise
🪵,0x1fab5,1000,100,200,700,WOOD,Travel & Places,Surprise
🛖,0x1f6d6,1000,100,200,700,HUT,Travel & Places,Surprise
🏘️,0x1f3d8 0xfe0f,1000,100,200,700,HOUSES,Travel & Places,Surprise
🏚️,0x1f3da 0xfe0f,1000,100,200,700,DERELICT HOUSE,Travel & Places,Surprise
🏠,0x1f3e0,1000,100,200,700,HOUSE,Travel & Places,Surprise
🏡,0x1f3e1,1000,100,200,700,HOUSE WITH GARDEN,Travel & Places,Surprise
🏢,0x1f3e2,1000,100,200,700,OFFICE BUILDING,Travel & Places,Surprise
🏣,0x1f3e3,1000,100,200,700,JAPANESE POST OFFICE,Travel & Places,Surprise
🏤,0x1f3e4,1000,100,200,700,POST OFFICE,Travel & Places,Surprise
🏥,0x1f3e5,1000,100,200,700,HOSPITAL,Travel & Places,Surprise
🏦,0x1f3e6,1000,100,200,700,BANK,Travel & Places,Surprise
🏨,0x1f3e8,1000,100,200,700,HOTEL,Travel & Places,Surprise
🏩,0x1f3e9,1000,20,30,950,LOVE HOTEL,Travel & Places,Love
🏪,0x1f3ea,1000,100,200,700,CONVENIENCE STORE,Travel & Places,Surprise
🏫,0x1f3eb,1000,100,200,700,SCHOOL,Travel & Places,Surprise
🏬,0x1f3ec,1000,100,200,700,DEPARTMENT STORE,Travel & Places,Surprise
🏭,0x1f3ed,1000,100,200,700,FACTORY,Travel & Places,Surprise
🏯,0x1f3ef,1000,100,200,700,JAPANESE CASTLE,Travel & Places,Surprise
🏰,0x1f3f0,1000,100,200,700,CASTLE,Travel & Places,Surprise
💒,0x1f492,1000,100,200,700,WEDDING,Travel & Places,Surprise
🗼,0x1f5fc,1000,20,80,900,TOKYO TOWER,Travel & Places,Approval
🗽,0x1f5fd,1000,100,200,700,STATUE OF LIBERTY,Travel & Places,Surprise
⛪,0x26ea,1000,100,200,700,CHURCH,Travel & Places,Surprise
🕌,0x1f54c,1000,100,200,700,MOSQUE,Travel & Places,Surprise
🛕,0x1f6d5,1000,100,200,700,HINDU TEMPLE,Travel & Places,Surprise
🕍,0x1f54d,1000,100,200,700,SYNAGOGUE,Travel & Places,Surprise
⛩️,0x26e9 0xfe0f,1000,100,200,700,SHINTO SHRINE,Travel & Places,Surprise
🕋,0x1f54b,1000,100,200,700,KAABA,Travel & Places,Surprise
⛲,0x26f2,1000,100,200,700,FOUNTAIN,Travel & Places,Surprise
⛺,0x26fa,1000,100,200,700,TENT,Travel & Places,Surprise
🌁,0x1f301,1000,100,200,700,FOGGY,Travel & Places,Surprise
🌃,0x1f303,1000,30,50,920,NIGHT WITH STARS,Travel & Places,Excitement
🏙️,0x1f3d9 0xfe0f,1000,100,200,700,CITYSCAPE,Travel & Places,Surprise
🌄,0x1f304,1000,20,50,930,SUNRISE OVER MOUNTAINS,Travel & Places,Optimism
🌅,0x1f305,1000,20,50,930,SUNRISE,Travel & Places,Optimism
🌆,0x1f306,1000,100,200,700,CITYSCAPE AT DUSK,Travel & Places,Surprise
🌇,0x1f307,1000,20,50,930,SUNSET,Travel & Places,Optimism
🌉,0x1f309,1000,100,200,700,BRIDGE AT NIGHT,Travel & Places,Surprise
♨️,0x2668 0xfe0f,1000,100,200,700,HOT SPRINGS,Travel & Places,Surprise
🎠,0x1f3a0,1000,100,200,700,CAROUSEL HORSE,Travel & Places,Surprise
🛝,0x1f6dd,1000,100,200,700,PLAYGROUND SLIDE,Travel & Places,Surprise
🎡,0x1f3a1,1000,100,200,700,FERRIS WHEEL,Travel & Places,Surprise
🎢,0x1f3a2,1000,100,200,700,ROLLER COASTER,Travel & Places,Surprise
💈,0x1f488,1000,100,200,700,BARBER POLE,Travel & Places,Surprise
🎪,0x1f3aa,1000,100,200,700,CIRCUS TENT,Travel & Places,Surprise
🚂,0x1f682,1000,100,200,700,LOCOMOTIVE,Travel & Places,Surprise
🚃,0x1f683,1000,100,200,700,RAILWAY CAR,Travel & Places,Surprise
🚄,0x1f684,1000,100,200,700,HIGH-SPEED TRAIN,Travel & Places,Surprise
🚅,0x1f685,1000,100,200,700,BULLET TRAIN,Travel & Places,Surprise
🚆,0x1f686,1000,100,200,700,TRAIN,Travel & Places,Surprise
🚇,0x1f687,1000,100,200,700,METRO,Travel & Places,Surprise
🚈,0x1f688,1000,100,200,700,LIGHT RAIL,Travel & Places,Surprise
🚉,0x1f689,1000,100,200,700,STATION,Travel & Places,Surprise
🚊,0x1f68a,1000,100,200,700,TRAM,Travel & Places,Surprise
🚝,0x1f69d,1000,100,200,700,MONORAIL,Travel & Places,Surprise
🚞,0x1f69e,1000,100,200,700,MOUNTAIN RAILWAY,Travel & Places,Surprise
🚋,0x1f68b,1000,100,200,700,TRAM CAR,Travel & Places,Surprise
🚌,0x1f68c,1000,100,200,700,BUS,Travel & Places,Surprise
🚍,0x1f68d,1000,100,200,700,ONCOMING BUS,Travel & Places,Surprise
🚎,0x1f68e,1000,100,200,700,TROLLEYBUS,Travel & Places,Surprise
🚐,0x1f690,1000,100,200,700,MINIBUS,Travel & Places,Surprise
🚑,0x1f691,1000,100,200,700,AMBULANCE,Travel & Places,Surprise
🚒,0x1f692,1000,30,50,920,FIRE ENGINE,Travel & Places,Excitement
🚓,0x1f693,1000,100,200,700,POLICE CAR,Travel & Places,Surprise
🚔,0x1f694,1000,100,200,700,ONCOMING POLICE CAR,Travel & Places,Surprise
🚕,0x1f695,1000,100,200,700,TAXI,Travel & Places,Surprise
🚖,0x1f696,1000,100,200,700,ONCOMING TAXI,Travel & Places,Surprise
🚗,0x1f697,1000,100,200,700,AUTOMOBILE,Travel & Places,Surprise
🚘,0x1f698,1000,100,200,700,ONCOMING AUTOMOBILE,Travel & Places,Surprise
🚙,0x1f699,1000,100,200,700,SPORT UTILITY VEHICLE,Travel & Places,Surprise
🛻,0x1f6fb,1000,100,200,700,PICKUP TRUCK,Travel & Places,Surprise
🚚,0x1f69a,1000,100,200,700,DELIVERY TRUCK,Travel & Places,Surprise
🚛,0x1f69b,1000,100,200,700,ARTICULATED LORRY,Travel & Places,Surprise
🚜,0x1f69c,1000,100,200,700,TRACTOR,Travel & Places,Surprise
🏎️,0x1f3ce 0xfe0f,1000,100,200,700,RACING CAR,Travel & Places,Surprise
🏍️,0x1f3cd 0xfe0f,1000,100,200,700,MOTORCYCLE,Travel & Places,Surprise
🛵,0x1f6f5,1000,100,200,700,MOTOR SCOOTER,Travel & Places,Surprise
🦽,0x1f9bd,1000,100,200,700,MANUAL WHEELCHAIR,Travel & Places,Surprise
🦼,0x1f9bc,1000,100,200,700,MOTORIZED WHEELCHAIR,Travel & Places,Surprise
🛺,0x1f6fa,1000,100,200,700,AUTO RICKSHAW,Travel & Places,Surprise
🚲,0x1f6b2,1000,100,200,700,BICYCLE,Travel & Places,Surprise
🛴,0x1f6f4,1000,100,200,700,KICK SCOOTER,Travel & Places,Surprise
🛹,0x1f6f9,1000,100,200,700,SKATEBOARD,Travel & Places,Surprise
🛼,0x1f6fc,1000,100,200,700,ROLLER SKATE,Travel & Places,Surprise
🚏,0x1f68f,1000,100,200,700,BUS STOP,Travel & Places,Surprise
🛣️,0x1f6e3 0xfe0f,1000,100,200,700,MOTORWAY,Travel & Places,Surprise
🛤️,0x1f6e4 0xfe0f,1000,100,200,700,RAILWAY TRACK,Travel & Places,Surprise
🛢️,0x1f6e2 0xfe0f,1000,100,200,700,OIL DRUM,Travel & Places,Surprise
⛽,0x26fd,1000,100,200,700,FUEL PUMP,Travel & Places,Surprise
🛞,0x1f6de,1000,100,200,700,WHEEL,Travel & Places,Surprise
🚨,0x1f6a8,1000,100,200,700,POLICE CAR LIGHT,Travel & Places,Surprise
🚥,0x1f6a5,1000,100,200,700,HORIZONTAL TRAFFIC LIGHT,Travel & Places,Surprise
🚦,0x1f6a6,1000,100,200,700,VERTICAL TRAFFIC LIGHT,Travel & Places,Surprise
🛑,0x1f6d1,1000,100,200,700,STOP SIGN,Travel & Places,Surprise
🚧,0x1f6a7,1000,100,200,700,CONSTRUCTION,Travel & Places,Surprise
⚓,0x2693,1000,100,200,700,ANCHOR,Travel & Places,Surprise
🛟,0x1f6df,1000,100,200,700,RING BUOY,Travel & Places,Surprise
⛵,0x26f5,1000,100,200,700,SAILBOAT,Travel & Places,Surprise
🛶,0x1f6f6,1000,100,200,700,CANOE,Travel & Places,Surprise
🚤,0x1f6a4,1000,100,200,700,SPEEDBOAT,Travel & Places,Surprise
🛳️,0x1f6f3 0xfe0f,1000,100,200,700,PASSENGER SHIP,Travel & Places,Surprise
⛴️,0x26f4 0xfe0f,1000,100,200,700,FERRY,Travel & Places,Surprise
🛥️,0x1f6e5 0xfe0f,1000,100,200,700,MOTOR BOAT,Travel & Places,Surprise
🚢,0x1f6a2,1000,100,200,700,SHIP,Travel & Places,Surprise
✈️,0x2708 0xfe0f,1000,100,200,700,AIRPLANE,Travel & Places,Surprise
🛩️,0x1f6e9 0xfe0f,1000,100,200,700,SMALL AIRPLANE,Travel & Places,Surprise
🛫,0x1f6eb,1000,100,200,700,AIRPLANE DEPARTURE,Travel & Places,Surprise
🛬,0x1f6ec,1000,100,200,700,AIRPLANE ARRIVAL,Travel & Places,Surprise
🪂,0x1fa82,1000,100,200,700,PARACHUTE,Travel & Places,Surprise
💺,0x1f4ba,1000,100,200,700,SEAT,Travel & Places,Surprise
🚁,0x1f681,1000,100,200,700,HELICOPTER,Travel & Places,Surprise
🚟,0x1f69f,1000,100,200,700,SUSPENSION RAILWAY,Travel & Places,Surprise
🚠,0x1f6a0,1000,100,200,700,MOUNTAIN CABLEWAY,Travel & Places,Surprise
🚡,0x1f6a1,1000,100,200,700,AERIAL TRAMWAY,Travel & Places,Surprise
🛰️,0x1f6f0 0xfe0f,1000,100,200,700,SATELLITE,Travel & Places,Surprise
🚀,0x1f680,1000,30,50,920,ROCKET,Travel & Places,Excitement
🛸,0x1f6f8,1000,100,200,700,FLYING SAUCER,Travel & Places,Surprise
🛎️,0x1f6ce 0xfe0f,1000,100,200,700,BELLHOP BELL,Travel & Places,Surprise
🧳,0x1f9f3,1000,100,200,700,LUGGAGE,Travel & Places,Surprise
⌛,0x231b,1000,100,200,700,HOURGLASS DONE,Travel & Places,Surprise
⏳,0x23f3,1000,100,200,700,HOURGLASS NOT DONE,Travel & Places,Surprise
⌚,0x231a,1000,100,200,700,WATCH,Travel & Places,Surprise
⏰,0x23f0,1000,100,200,700,ALARM CLOCK,Travel & Places,Surprise
⏱️,0x23f1 0xfe0f,1000,100,200,700,STOPWATCH,Travel & Places,Surprise
⏲️,0x23f2 0xfe0f,1000,100,200,700,TIMER CLOCK,Travel & Places,Surprise
🕰️,0x1f570 0xfe0f,1000,100,200,700,MANTELPIECE CLOCK,Travel & Places,Surprise
🕛,0x1f55b,1000,100,200,700,TWELVE O’CLOCK,Travel & Places,Surprise
🕧,0x1f567,1000,100,200,700,TWELVE-THIRTY,Travel & Places,Surprise
🕐,0x1f550,1000,100,200,700,ONE O’CLOCK,Travel & Places,Surprise
🕜,0x1f55c,1000,100,200,700,ONE-THIRTY,Travel & Places,Surprise
🕑,0x1f551,1000,100,200,700,TWO O’CLOCK,Travel & Places,Surprise
🕝,0x1f55d,1000,100,200,700,TWO-THIRTY,Travel & Places,Surprise
🕒,0x1f552,1000,100,200,700,THREE O’CLOCK,Travel & Places,Surprise
🕞,0x1f55e,1000,100,200,700,THREE-THIRTY,Travel & Places,Surprise
🕓,0x1f553,1000,100,200,700,FOUR O’CLOCK,Travel & Places,Surprise
🕟,0x1f55f,1000,100,200,700,FOUR-THIRTY,Travel & Places,Surprise
🕔,0x1f554,1000,100,200,700,FIVE O’CLOCK,Travel & Places,Surprise
🕠,0x1f560,1000,100,200,700,FIVE-THIRTY,Travel & Places,Surprise
🕕,0x1f555,1000,100,200,700,SIX O’CLOCK,Travel & Places,Surprise
🕡,0x1f561,1000,100,200,700,SIX-THIRTY,Travel & Places,Surprise
🕖,0x1f556,1000,100,200,700,SEVEN O’CLOCK,Travel & Places,Surprise
🕢,0x1f562,1000,100,200,700,SEVEN-THIRTY,Travel & Places,Surprise
🕗,0x1f557,1000,100,200,700,EIGHT O’CLOCK,Travel & Places,Surprise
🕣,0x1f563,1000,100,200,700,EIGHT-THIRTY,Travel & Places,Surprise
🕘,0x1f558,1000,100,200,700,NINE O’CLOCK,Travel & Places,Surprise
🕤,0x1f564,1000,100,200,700,NINE-THIRTY,Travel & Places,Surprise
🕙,0x1f559,1000,100,200,700,TEN O’CLOCK,Travel & Places,Surprise
🕥,0x1f565,1000,100,200,700,TEN-THIRTY,Travel & Places,Surprise
🕚,0x1f55a,1000,100,200,700,ELEVEN O’CLOCK,Travel & Places,Surprise
🕦,0x1f566,1000,100,200,700,ELEVEN-THIRTY,Travel & Places,Surprise
🌑,0x1f311,1000,100,200,700,NEW MOON,Travel & Places,Surprise
🌒,0x1f312,1000,100,200,700,WAXING CRESCENT MOON,Travel & Places,Surprise
🌓,0x1f313,1000,100,200,700,FIRST QUARTER MOON,Travel & Places,Surprise
🌔,0x1f314,1000,100,200,700,WAXING GIBBOUS MOON,Travel & Places,Surprise
🌕,0x1f315,1000,100,200,700,FULL MOON,Travel & Places,Surprise
🌖,0x1f316,1000,100,200,700,WANING GIBBOUS MOON,Travel & Places,Surprise
🌗,0x1f317,1000,100,200,700,LAST QUARTER MOON,Travel & Places,Surprise
🌘,0x1f318,1000,100,200,700,WANING CRESCENT MOON,Travel & Places,Surprise
🌙,0x1f319,1000,100,200,700,CRESCENT MOON,Travel & Places,Surprise
🌚,0x1f31a,1000,100,200,700,NEW MOON FACE,Travel & Places,Surprise
🌛,0x1f31b,1000,100,200,700,FIRST QUARTER MOON FACE,Travel & Places,Surprise
🌜,0x1f31c,1000,100,200,700,LAST QUARTER MOON FACE,Travel & Places,Surprise
🌡️,0x1f321 0xfe0f,1000,100,200,700,THERMOMETER,Travel & Places,Surprise
☀️,0x2600 0xfe0f,1000,20,50,930,SUN,Travel & Places,Optimism
🌝,0x1f31d,1000,100,200,700,FULL MOON FACE,Travel & Places,Surprise
🌞,0x1f31e,1000,20,50,930,SUN WITH FACE,Travel & Places,Optimism
🪐,0x1fa90,1000,100,200,700,RINGED PLANET,Travel & Places,Surprise
⭐,0x2b50,1000,30,50,920,STAR,Travel & Places,Excitement
🌟,0x1f31f,1000,30,50,920,GLOWING STAR,Travel & Places,Excitement
🌠,0x1f320,1000,30,50,920,SHOOTING STAR,Travel & Places,Excitement
🌌,0x1f30c,1000,100,200,700,MILKY WAY,Travel & Places,Surprise
☁️,0x2601 0xfe0f,1000,100,200,700,CLOUD,Travel & Places,Surprise
⛅,0x26c5,1000,20,50,930,SUN BEHIND CLOUD,Travel & Places,Optimism
⛈️,0x26c8 0xfe0f,1000,100,200,700,CLOUD WITH LIGHTNING AND RAIN,Travel & Places,Surprise
🌤️,0x1f324 0xfe0f,1000,20,50,930,SUN BEHIND SMALL CLOUD,Travel & Places,Optimism
🌥️,0x1f325 0xfe0f,1000,20,50,930,SUN BEHIND LARGE CLOUD,Travel & Places,Optimism
🌦️,0x1f326 0xfe0f,1000,20,50,930,SUN BEHIND RAIN CLOUD,Travel & Places,Optimism
🌧️,0x1f327 0xfe0f,1000,100,200,700,CLOUD WITH RAIN,Travel & Places,Surprise
🌨️,0x1f328 0xfe0f,1000,100,200,700,CLOUD WITH SNOW,Travel & Places,Surprise
🌩️,0x1f329 0xfe0f,1000,100,200,700,CLOUD WITH LIGHTNING,Travel & Places,Surprise
🌪️,0x1f32a 0xfe0f,1000,100,200,700,TORNADO,Travel & Places,Surprise
🌫️,0x1f32b 0xfe0f,1000,100,200,700,FOG,Travel & Places,Surprise
🌬️,0x1f32c 0xfe0f,1000,100,200,700,WIND FACE,Travel & Places,Surprise
🌀,0x1f300,1000,100,200,700,CYCLONE,Travel & Places,Surprise
🌈,0x1f308,1000,20,50,930,RAINBOW,Travel & Places,Optimism
🌂,0x1f302,1000,100,200,700,CLOSED UMBRELLA,Travel & Places,Surprise
☂️,0x2602 0xfe0f,1000,100,200,700,UMBRELLA,Travel & Places,Surprise
☔,0x2614,1000,100,200,700,UMBRELLA WITH RAIN DROPS,Travel & Places,Surprise
⛱️,0x26f1 0xfe0f,1000,100,200,700,UMBRELLA ON GROUND,Travel & Places,Surprise
⚡,0x26a1,1000,100,200,700,HIGH VOLTAGE,Travel & Places,Surprise
❄️,0x2744 0xfe0f,1000,100,200,700,SNOWFLAKE,Travel & Places,Surprise
☃️,0x2603 0xfe0f,1000,100,200,700,SNOWMAN,Travel & Places,Surprise
⛄,0x26c4,1000,100,200,700,SNOWMAN WITHOUT SNOW,Travel & Places,Surprise
☄️,0x2604 0xfe0f,1000,100,200,700,COMET,Travel & Places,Surprise
🔥,0x1f525,1000,30,50,920,FIRE,Travel & Places,Excitement
💧,0x1f4a7,1000,100,200,700,DROPLET,Travel & Places,Surprise
🌊,0x1f30a,1000,100,200,700,WATER WAVE,Travel & Places,Surprise
🎃,0x1f383,1000,50,100,850,JACK-O-LANTERN,Activities,Excitement
🎄,0x1f384,1000,50,100,850,CHRISTMAS TREE,Activities,Excitement
🎆,0x1f386,1000,30,50,920,FIREWORKS,Activities,Excitement
🎇,0x1f387,1000,20,50,930,SPARKLER,Activities,Optimism
🧨,0x1f9e8,1000,30,50,920,FIRECRACKER,Activities,Excitement
✨,0x2728,1000,20,50,930,SPARKLES,Activities,Optimism
🎈,0x1f388,1000,50,100,850,BALLOON,Activities,Excitement
🎉,0x1f389,1000,30,50,920,PARTY POPPER,Activities,Excitement
🎊,0x1f38a,1000,50,100,850,CONFETTI BALL,Activities,Excitement
🎋,0x1f38b,1000,50,100,850,TANABATA TREE,Activities,Excitement
🎍,0x1f38d,1000,50,100,850,PINE DECORATION,Activities,Excitement
🎎,0x1f38e,1000,50,100,850,JAPANESE DOLLS,Activities,Excitement
🎏,0x1f38f,1000,50,100,850,CARP STREAMER,Activities,Excitement
🎐,0x1f390,1000,50,100,850,WIND CHIME,Activities,Excitement
🎑,0x1f391,1000,50,100,850,MOON VIEWING CEREMONY,Activities,Excitement
🧧,0x1f9e7,1000,50,100,850,RED ENVELOPE,Activities,Excitement
🎀,0x1f380,1000,50,100,850,RIBBON,Activities,Excitement
🎁,0x1f381,1000,50,100,850,WRAPPED GIFT,Activities,Excitement
🎗️,0x1f397 0xfe0f,1000,50,100,850,REMINDER RIBBON,Activities,Excitement
🎟️,0x1f39f 0xfe0f,1000,50,100,850,ADMISSION TICKETS,Activities,Excitement
🎫,0x1f3ab,1000,50,100,850,TICKET,Activities,Excitement
🎖️,0x1f396 0xfe0f,1000,10,40,950,MILITARY MEDAL,Activities,Admiration
🏆,0x1f3c6,1000,10,40,950,TROPHY,Activities,Admiration
🏅,0x1f3c5,1000,10,40,950,SPORTS MEDAL,Activities,Admiration
🥇,0x1f947,1000,10,40,950,1ST PLACE MEDAL,Activities,Admiration
🥈,0x1f948,1000,10,40,950,2ND PLACE MEDAL,Activities,Admiration
🥉,0x1f949,1000,10,40,950,3RD PLACE MEDAL,Activities,Admiration
⚽,0x26bd,1000,50,100,850,SOCCER BALL,Activities,Excitement
⚾,0x26be,1000,50,100,850,BASEBALL,Activities,Excitement
🥎,0x1f94e,1000,50,100,850,SOFTBALL,Activities,Excitement
🏀,0x1f3c0,1000,50,100,850,BASKETBALL,Activities,Excitement
🏐,0x1f3d0,1000,50,100,850,VOLLEYBALL,Activities,Excitement
🏈,0x1f3c8,1000,50,100,850,AMERICAN FOOTBALL,Activities,Excitement
🏉,0x1f3c9,1000,50,100,850,RUGBY FOOTBALL,Activities,Excitement
🎾,0x1f3be,1000,50,100,850,TENNIS,Activities,Excitement
🥏,0x1f94f,1000,50,100,850,FLYING DISC,Activities,Excitement
🎳,0x1f3b3,1000,50,100,850,BOWLING,Activities,Excitement
🏏,0x1f3cf,1000,50,100,850,CRICKET GAME,Activities,Excitement
🏑,0x1f3d1,1000,50,100,850,FIELD HOCKEY,Activities,Excitement
🏒,0x1f3d2,1000,50,100,850,ICE HOCKEY,Activities,Excitement
🥍,0x1f94d,1000,50,100,850,LACROSSE,Activities,Excitement
🏓,0x1f3d3,1000,50,100,850,PING PONG,Activities,Excitement
🏸,0x1f3f8,1000,50,100,850,BADMINTON,Activities,Excitement
🥊,0x1f94a,1000,20,30,950,BOXING GLOVE,Activities,Love
🥋,0x1f94b,1000,50,100,850,MARTIAL ARTS UNIFORM,Activities,Excitement
🥅,0x1f945,1000,50,100,850,GOAL NET,Activities,Excitement
⛳,0x26f3,1000,50,100,850,FLAG IN HOLE,Activities,Excitement
⛸️,0x26f8 0xfe0f,1000,50,100,850,ICE SKATE,Activities,Excitement
🎣,0x1f3a3,1000,50,100,850,FISHING POLE,Activities,Excitement
🤿,0x1f93f,1000,50,100,850,DIVING MASK,Activities,Excitement
🎽,0x1f3bd,1000,50,100,850,RUNNING SHIRT,Activities,Excitement
🎿,0x1f3bf,1000,50,100,850,SKIS,Activities,Excitement
🛷,0x1f6f7,1000,50,100,850,SLED,Activities,Excitement
🥌,0x1f94c,1000,50,100,850,CURLING STONE,Activities,Excitement
🎯,0x1f3af,1000,50,100,850,BULLSEYE,Activities,Excitement
🪀,0x1fa80,1000,50,100,850,YO-YO,Activities,Excitement
🪁,0x1fa81,1000,50,100,850,KITE,Activities,Excitement
🔫,0x1f52b,1000,50,100,850,WATER PISTOL,Activities,Excitement
🎱,0x1f3b1,1000,50,100,850,POOL 8 BALL,Activities,Excitement
🔮,0x1f52e,1000,700,200,100,CRYSTAL BALL,Activities,Sadness
🪄,0x1fa84,1000,50,100,850,MAGIC WAND,Activities,Excitement
🎮,0x1f3ae,1000,50,100,850,VIDEO GAME,Activities,Excitement
🕹️,0x1f579 0xfe0f,1000,50,50,900,JOYSTICK,Activities,Amusement
🎰,0x1f3b0,1000,50,100,850,SLOT MACHINE,Activities,Excitement
🎲,0x1f3b2,1000,50,100,850,GAME DIE,Activities,Excitement
🧩,0x1f9e9,1000,50,100,850,PUZZLE PIECE,Activities,Excitement
🧸,0x1f9f8,1000,50,100,850,TEDDY BEAR,Activities,Excitement
🪅,0x1fa85,1000,50,100,850,PIÑATA,Activities,Excitement
🪩,0x1faa9,1000,50,100,850,MIRROR BALL,Activities,Excitement
🪆,0x1fa86,1000,50,100,850,NESTING DOLLS,Activities,Excitement
♠️,0x2660 0xfe0f,1000,50,100,850,SPADE SUIT,Activities,Excitement
♥️,0x2665 0xfe0f,1000,20,30,950,HEART SUIT,Activities,Love
♦️,0x2666 0xfe0f,1000,50,100,850,DIAMOND SUIT,Activities,Excitement
♣️,0x2663 0xfe0f,1000,50,100,850,CLUB SUIT,Activities,Excitement
♟️,0x265f 0xfe0f,1000,50,100,850,CHESS PAWN,Activities,Excitement
🃏,0x1f0cf,1000,20,80,900,JOKER,Activities,Approval
🀄,0x1f004,1000,50,100,850,MAHJONG RED DRAGON,Activities,Excitement
🎴,0x1f3b4,1000,50,100,850,FLOWER PLAYING CARDS,Activities,Excitement
🎭,0x1f3ad,1000,50,100,850,PERFORMING ARTS,Activities,Excitement
🖼️,0x1f5bc 0xfe0f,1000,50,100,850,FRAMED PICTURE,Activities,Excitement
🎨,0x1f3a8,1000,50,100,850,ARTIST PALETTE,Activities,Excitement
🧵,0x1f9f5,1000,50,100,850,THREAD,Activities,Excitement
🪡,0x1faa1,1000,50,100,850,SEWING NEEDLE,Activities,Excitement
🧶,0x1f9f6,1000,50,100,850,YARN,Activities,Excitement
🪢,0x1faa2,1000,50,100,850,KNOT,Activities,Excitement
👓,0x1f453,1000,100,400,500,GLASSES,Objects,Neutral
🕶️,0x1f576 0xfe0f,1000,20,50,930,SUNGLASSES,Objects,Optimism
🥽,0x1f97d,1000,100,400,500,GOGGLES,Objects,Neutral
🥼,0x1f97c,1000,100,400,500,LAB COAT,Objects,Neutral
🦺,0x1f9ba,1000,100,400,500,SAFETY VEST,Objects,Neutral
👔,0x1f454,1000,100,400,500,NECKTIE,Objects,Neutral
👕,0x1f455,1000,100,400,500,T-SHIRT,Objects,Neutral
👖,0x1f456,1000,100,400,500,JEANS,Objects,Neutral
🧣,0x1f9e3,1000,100,400,500,SCARF,Objects,Neutral
🧤,0x1f9e4,1000,20,30,950,GLOVES,Objects,Love
🧥,0x1f9e5,1000,100,400,500,COAT,Objects,Neutral
🧦,0x1f9e6,1000,100,400,500,SOCKS,Objects,Neutral
👗,0x1f457,1000,100,400,500,DRESS,Objects,Neutral
👘,0x1f458,1000,100,400,500,KIMONO,Objects,Neutral
🥻,0x1f97b,1000,100,400,500,SARI,Objects,Neutral
🩱,0x1fa71,1000,100,400,500,ONE-PIECE SWIMSUIT,Objects,Neutral
🩲,0x1fa72,1000,100,400,500,BRIEFS,Objects,Neutral
🩳,0x1fa73,1000,100,400,500,SHORTS,Objects,Neutral
👙,0x1f459,1000,100,400,500,BIKINI,Objects,Neutral
👚,0x1f45a,1000,100,400,500,WOMAN’S CLOTHES,Objects,Neutral
🪭,0x1faad,1000,100,400,500,FOLDING HAND FAN,Objects,Neutral
👛,0x1f45b,1000,100,400,500,PURSE,Objects,Neutral
👜,0x1f45c,1000,100,400,500,HANDBAG,Objects,Neutral
👝,0x1f45d,1000,100,400,500,CLUTCH BAG,Objects,Neutral
🛍️,0x1f6cd 0xfe0f,1000,100,400,500,SHOPPING BAGS,Objects,Neutral
🎒,0x1f392,1000,100,400,500,BACKPACK,Objects,Neutral
🩴,0x1fa74,1000,100,400,500,THONG SANDAL,Objects,Neutral
👞,0x1f45e,1000,100,400,500,MAN’S SHOE,Objects,Neutral
👟,0x1f45f,1000,100,400,500,RUNNING SHOE,Objects,Neutral
🥾,0x1f97e,1000,100,400,500,HIKING BOOT,Objects,Neutral
🥿,0x1f97f,1000,100,400,500,FLAT SHOE,Objects,Neutral
👠,0x1f460,1000,100,400,500,HIGH-HEELED SHOE,Objects,Neutral
👡,0x1f461,1000,100,400,500,WOMAN’S SANDAL,Objects,Neutral
🩰,0x1fa70,1000,100,400,500,BALLET SHOES,Objects,Neutral
👢,0x1f462,1000,100,400,500,WOMAN’S BOOT,Objects,Neutral
🪮,0x1faae,1000,100,400,500,HAIR PICK,Objects,Neutral
👑,0x1f451,1000,10,40,950,CROWN,Objects,Admiration
👒,0x1f452,1000,100,400,500,WOMAN’S HAT,Objects,Neutral
🎩,0x1f3a9,1000,100,400,500,TOP HAT,Objects,Neutral
🎓,0x1f393,1000,100,400,500,GRADUATION CAP,Objects,Neutral
🧢,0x1f9e2,1000,100,400,500,BILLED CAP,Objects,Neutral
🪖,0x1fa96,1000,100,400,500,MILITARY HELMET,Objects,Neutral
⛑️,0x26d1 0xfe0f,1000,100,400,500,RESCUE WORKER’S HELMET,Objects,Neutral
📿,0x1f4ff,1000,20,80,900,PRAYER BEADS,Objects,Gratitude
💄,0x1f484,1000,100,400,500,LIPSTICK,Objects,Neutral
💍,0x1f48d,1000,100,400,500,RING,Objects,Neutral
💎,0x1f48e,1000,100,400,500,GEM STONE,Objects,Neutral
🔇,0x1f507,1000,100,400,500,MUTED SPEAKER,Objects,Neutral
🔈,0x1f508,1000,100,400,500,SPEAKER LOW VOLUME,Objects,Neutral
🔉,0x1f509,1000,100,400,500,SPEAKER MEDIUM VOLUME,Objects,Neutral
🔊,0x1f50a,1000,100,400,500,SPEAKER HIGH VOLUME,Objects,Neutral
📢,0x1f4e2,1000,100,400,500,LOUDSPEAKER,Objects,Neutral
📣,0x1f4e3,1000,100,400,500,MEGAPHONE,Objects,Neutral
📯,0x1f4ef,1000,100,400,500,POSTAL HORN,Objects,Neutral
🔔,0x1f514,1000,100,400,500,BELL,Objects,Neutral
🔕,0x1f515,1000,100,400,500,BELL WITH SLASH,Objects,Neutral
🎼,0x1f3bc,1000,100,400,500,MUSICAL SCORE,Objects,Neutral
🎵,0x1f3b5,1000,100,400,500,MUSICAL NOTE,Objects,Neutral
🎶,0x1f3b6,1000,100,400,500,MUSICAL NOTES,Objects,Neutral
🎙️,0x1f399 0xfe0f,1000,100,400,500,STUDIO MICROPHONE,Objects,Neutral
🎚️,0x1f39a 0xfe0f,1000,100,400,500,LEVEL SLIDER,Objects,Neutral
🎛️,0x1f39b 0xfe0f,1000,100,400,500,CONTROL KNOBS,Objects,Neutral
🎤,0x1f3a4,1000,100,400,500,MICROPHONE,Objects,Neutral
🎧,0x1f3a7,1000,100,400,500,HEADPHONE,Objects,Neutral
📻,0x1f4fb,1000,100,400,500,RADIO,Objects,Neutral
🎷,0x1f3b7,1000,100,400,500,SAXOPHONE,Objects,Neutral
🪗,0x1fa97,1000,100,400,500,ACCORDION,Objects,Neutral
🎸,0x1f3b8,1000,100,400,500,GUITAR,Objects,Neutral
🎹,0x1f3b9,1000,100,400,500,MUSICAL KEYBOARD,Objects,Neutral
🎺,0x1f3ba,1000,100,400,500,TRUMPET,Objects,Neutral
🎻,0x1f3bb,1000,100,400,500,VIOLIN,Objects,Neutral
🪕,0x1fa95,1000,100,400,500,BANJO,Objects,Neutral
🥁,0x1f941,1000,100,400,500,DRUM,Objects,Neutral
🪘,0x1fa98,1000,100,400,500,LONG DRUM,Objects,Neutral
🪇,0x1fa87,1000,100,400,500,MARACAS,Objects,Neutral
🪈,0x1fa88,1000,100,400,500,FLUTE,Objects,Neutral
📱,0x1f4f1,1000,100,400,500,MOBILE PHONE,Objects,Neutral
📲,0x1f4f2,1000,100,400,500,MOBILE PHONE WITH ARROW,Objects,Neutral
☎️,0x260e 0xfe0f,1000,100,400,500,TELEPHONE,Objects,Neutral
📞,0x1f4de,1000,100,400,500,TELEPHONE RECEIVER,Objects,Neutral
📟,0x1f4df,1000,100,400,500,PAGER,Objects,Neutral
📠,0x1f4e0,1000,100,400,500,FAX MACHINE,Objects,Neutral
🔋,0x1f50b,1000,100,400,500,BATTERY,Objects,Neutral
🪫,0x1faab,1000,100,400,500,LOW BATTERY,Objects,Neutral
🔌,0x1f50c,1000,100,400,500,ELECTRIC PLUG,Objects,Neutral
💻,0x1f4bb,1000,100,400,500,LAPTOP,Objects,Neutral
🖥️,0x1f5a5 0xfe0f,1000,100,400,500,DESKTOP COMPUTER,Objects,Neutral
🖨️,0x1f5a8 0xfe0f,1000,100,400,500,PRINTER,Objects,Neutral
⌨️,0x2328 0xfe0f,1000,100,400,500,KEYBOARD,Objects,Neutral
🖱️,0x1f5b1 0xfe0f,1000,100,400,500,COMPUTER MOUSE,Objects,Neutral
🖲️,0x1f5b2 0xfe0f,1000,100,400,500,TRACKBALL,Objects,Neutral
💽,0x1f4bd,1000,100,400,500,COMPUTER DISK,Objects,Neutral
💾,0x1f4be,1000,100,400,500,FLOPPY DISK,Objects,Neutral
💿,0x1f4bf,1000,100,400,500,OPTICAL DISK,Objects,Neutral
📀,0x1f4c0,1000,100,400,500,DVD,Objects,Neutral
🧮,0x1f9ee,1000,100,400,500,ABACUS,Objects,Neutral
🎥,0x1f3a5,1000,100,400,500,MOVIE CAMERA,Objects,Neutral
🎞️,0x1f39e 0xfe0f,1000,100,400,500,FILM FRAMES,Objects,Neutral
📽️,0x1f4fd 0xfe0f,1000,100,400,500,FILM PROJECTOR,Objects,Neutral
🎬,0x1f3ac,1000,20,80,900,CLAPPER BOARD,Objects,Gratitude
📺,0x1f4fa,1000,100,400,500,TELEVISION,Objects,Neutral
📷,0x1f4f7,1000,100,400,500,CAMERA,Objects,Neutral
📸,0x1f4f8,1000,100,400,500,CAMERA WITH FLASH,Objects,Neutral
📹,0x1f4f9,1000,100,400,500,VIDEO CAMERA,Objects,Neutral
📼,0x1f4fc,1000,100,400,500,VIDEOCASSETTE,Objects,Neutral
🔍,0x1f50d,1000,100,400,500,MAGNIFYING GLASS TILTED LEFT,Objects,Neutral
🔎,0x1f50e,1000,100,400,500,MAGNIFYING GLASS TILTED RIGHT,Objects,Neutral
🕯️,0x1f56f 0xfe0f,1000,100,400,500,CANDLE,Objects,Neutral
💡,0x1f4a1,1000,100,400,500,LIGHT BULB,Objects,Neutral
🔦,0x1f526,1000,100,400,500,FLASHLIGHT,Objects,Neutral
🏮,0x1f3ee,1000,100,400,500,RED PAPER LANTERN,Objects,Neutral
🪔,0x1fa94,1000,100,400,500,DIYA LAMP,Objects,Neutral
📔,0x1f4d4,1000,20,80,900,NOTEBOOK WITH DECORATIVE COVER,Objects,Approval
📕,0x1f4d5,1000,20,80,900,CLOSED BOOK,Objects,Approval
📖,0x1f4d6,1000,20,80,900,OPEN BOOK,Objects,Approval
📗,0x1f4d7,1000,20,80,900,GREEN BOOK,Objects,Approval
📘,0x1f4d8,1000,20,80,900,BLUE BOOK,Objects,Approval
📙,0x1f4d9,1000,20,80,900,ORANGE BOOK,Objects,Approval
📚,0x1f4da,1000,20,80,900,BOOKS,Objects,Approval
📓,0x1f4d3,1000,20,80,900,NOTEBOOK,Objects,Approval
📒,0x1f4d2,1000,100,400,500,LEDGER,Objects,Neutral
📃,0x1f4c3,1000,100,400,500,PAGE WITH CURL,Objects,Neutral
📜,0x1f4dc,1000,100,400,500,SCROLL,Objects,Neutral
📄,0x1f4c4,1000,100,400,500,PAGE FACING UP,Objects,Neutral
📰,0x1f4f0,1000,100,400,500,NEWSPAPER,Objects,Neutral
🗞️,0x1f5de 0xfe0f,1000,100,400,500,ROLLED-UP NEWSPAPER,Objects,Neutral
📑,0x1f4d1,1000,20,80,900,BOOKMARK TABS,Objects,Approval
🔖,0x1f516,1000,20,80,900,BOOKMARK,Objects,Approval
🏷️,0x1f3f7 0xfe0f,1000,100,400,500,LABEL,Objects,Neutral
💰,0x1f4b0,1000,100,400,500,MONEY BAG,Objects,Neutral
🪙,0x1fa99,1000,100,400,500,COIN,Objects,Neutral
💴,0x1f4b4,1000,100,400,500,YEN BANKNOTE,Objects,Neutral
💵,0x1f4b5,1000,100,400,500,DOLLAR BANKNOTE,Objects,Neutral
💶,0x1f4b6,1000,100,400,500,EURO BANKNOTE,Objects,Neutral
💷,0x1f4b7,1000,100,400,500,POUND BANKNOTE,Objects,Neutral
💸,0x1f4b8,1000,100,400,500,MONEY WITH WINGS,Objects,Neutral
💳,0x1f4b3,1000,100,400,500,CREDIT CARD,Objects,Neutral
🧾,0x1f9fe,1000,100,400,500,RECEIPT,Objects,Neutral
💹,0x1f4b9,1000,100,400,500,CHART INCREASING WITH YEN,Objects,Neutral
✉️,0x2709 0xfe0f,1000,100,400,500,ENVELOPE,Objects,Neutral
📧,0x1f4e7,1000,100,400,500,E-MAIL,Objects,Neutral
📨,0x1f4e8,1000,100,400,500,INCOMING ENVELOPE,Objects,Neutral
📩,0x1f4e9,1000,100,400,500,ENVELOPE WITH ARROW,Objects,Neutral
📤,0x1f4e4,1000,100,400,500,OUTBOX TRAY,Objects,Neutral
📥,0x1f4e5,1000,100,400,500,INBOX TRAY,Objects,Neutral
📦,0x1f4e6,1000,100,400,500,PACKAGE,Objects,Neutral
📫,0x1f4eb,1000,100,400,500,CLOSED MAILBOX WITH RAISED FLAG,Objects,Neutral
📪,0x1f4ea,1000,100,400,500,CLOSED MAILBOX WITH LOWERED FLAG,Objects,Neutral
📬,0x1f4ec,1000,100,400,500,OPEN MAILBOX WITH RAISED FLAG,Objects,Neutral
📭,0x1f4ed,1000,100,400,500,OPEN MAILBOX WITH LOWERED FLAG,Objects,Neutral
📮,0x1f4ee,1000,100,400,500,POSTBOX,Objects,Neutral
🗳️,0x1f5f3 0xfe0f,1000,100,400,500,BALLOT BOX WITH BALLOT,Objects,Neutral
✏️,0x270f 0xfe0f,1000,100,400,500,PENCIL,Objects,Neutral
✒️,0x2712 0xfe0f,1000,100,400,500,BLACK NIB,Objects,Neutral
🖋️,0x1f58b 0xfe0f,1000,100,400,500,FOUNTAIN PEN,Objects,Neutral
🖊️,0x1f58a 0xfe0f,1000,100,400,500,PEN,Objects,Neutral
🖌️,0x1f58c 0xfe0f,1000,100,400,500,PAINTBRUSH,Objects,Neutral
🖍️,0x1f58d 0xfe0f,1000,100,400,500,CRAYON,Objects,Neutral
📝,0x1f4dd,1000,100,400,500,MEMO,Objects,Neutral
💼,0x1f4bc,1000,100,400,500,BRIEFCASE,Objects,Neutral
📁,0x1f4c1,1000,100,400,500,FILE FOLDER,Objects,Neutral
📂,0x1f4c2,1000,100,400,500,OPEN FILE FOLDER,Objects,Neutral
🗂️,0x1f5c2 0xfe0f,1000,100,400,500,CARD INDEX DIVIDERS,Objects,Neutral
📅,0x1f4c5,1000,100,400,500,CALENDAR,Objects,Neutral
📆,0x1f4c6,1000,700,200,100,TEAR-OFF CALENDAR,Objects,Sadness
🗒️,0x1f5d2 0xfe0f,1000,100,400,500,SPIRAL NOTEPAD,Objects,Neutral
🗓️,0x1f5d3 0xfe0f,1000,100,400,500,SPIRAL CALENDAR,Objects,Neutral
📇,0x1f4c7,1000,100,400,500,CARD INDEX,Objects,Neutral
📈,0x1f4c8,1000,100,400,500,CHART INCREASING,Objects,Neutral
📉,0x1f4c9,1000,100,400,500,CHART DECREASING,Objects,Neutral
📊,0x1f4ca,1000,100,400,500,BAR CHART,Objects,Neutral
📋,0x1f4cb,1000,100,400,500,CLIPBOARD,Objects,Neutral
📌,0x1f4cc,1000,100,400,500,PUSHPIN,Objects,Neutral
📍,0x1f4cd,1000,100,400,500,ROUND PUSHPIN,Objects,Neutral
📎,0x1f4ce,1000,100,400,500,PAPERCLIP,Objects,Neutral
🖇️,0x1f587 0xfe0f,1000,100,400,500,LINKED PAPERCLIPS,Objects,Neutral
📏,0x1f4cf,1000,100,400,500,STRAIGHT RULER,Objects,Neutral
📐,0x1f4d0,1000,100,400,500,TRIANGULAR RULER,Objects,Neutral
✂️,0x2702 0xfe0f,1000,100,400,500,SCISSORS,Objects,Neutral
🗃️,0x1f5c3 0xfe0f,1000,100,400,500,CARD FILE BOX,Objects,Neutral
🗄️,0x1f5c4 0xfe0f,1000,100,400,500,FILE CABINET,Objects,Neutral
🗑️,0x1f5d1 0xfe0f,1000,100,400,500,WASTEBASKET,Objects,Neutral
🔒,0x1f512,1000,100,400,500,LOCKED,Objects,Neutral
🔓,0x1f513,1000,100,400,500,UNLOCKED,Objects,Neutral
🔏,0x1f50f,1000,100,400,500,LOCKED WITH PEN,Objects,Neutral
🔐,0x1f510,1000,100,400,500,LOCKED WITH KEY,Objects,Neutral
🔑,0x1f511,1000,100,400,500,KEY,Objects,Neutral
🗝️,0x1f5dd 0xfe0f,1000,100,400,500,OLD KEY,Objects,Neutral
🔨,0x1f528,1000,100,400,500,HAMMER,Objects,Neutral
🪓,0x1fa93,1000,100,400,500,AXE,Objects,Neutral
⛏️,0x26cf 0xfe0f,1000,100,400,500,PICK,Objects,Neutral
⚒️,0x2692 0xfe0f,1000,100,400,500,HAMMER AND PICK,Objects,Neutral
🛠️,0x1f6e0 0xfe0f,1000,100,400,500,HAMMER AND WRENCH,Objects,Neutral
🗡️,0x1f5e1 0xfe0f,1000,100,400,500,DAGGER,Objects,Neutral
⚔️,0x2694 0xfe0f,1000,100,400,500,CROSSED SWORDS,Objects,Neutral
💣,0x1f4a3,1000,100,400,500,BOMB,Objects,Neutral
🪃,0x1fa83,1000,100,400,500,BOOMERANG,Objects,Neutral
🏹,0x1f3f9,1000,100,400,500,BOW AND ARROW,Objects,Neutral
🛡️,0x1f6e1 0xfe0f,1000,100,400,500,SHIELD,Objects,Neutral
🪚,0x1fa9a,1000,100,400,500,CARPENTRY SAW,Objects,Neutral
🔧,0x1f527,1000,100,400,500,WRENCH,Objects,Neutral
🪛,0x1fa9b,1000,100,400,500,SCREWDRIVER,Objects,Neutral
🔩,0x1f529,1000,100,400,500,NUT AND BOLT,Objects,Neutral
⚙️,0x2699 0xfe0f,1000,100,400,500,GEAR,Objects,Neutral
🗜️,0x1f5dc 0xfe0f,1000,100,400,500,CLAMP,Objects,Neutral
⚖️,0x2696 0xfe0f,1000,100,400,500,BALANCE SCALE,Objects,Neutral
🦯,0x1f9af,1000,100,400,500,WHITE CANE,Objects,Neutral
🔗,0x1f517,1000,100,400,500,LINK,Objects,Neutral
⛓️,0x26d3 0xfe0f,1000,100,400,500,CHAINS,Objects,Neutral
🪝,0x1fa9d,1000,20,80,900,HOOK,Objects,Approval
🧰,0x1f9f0,1000,100,400,500,TOOLBOX,Objects,Neutral
🧲,0x1f9f2,1000,100,400,500,MAGNET,Objects,Neutral
🪜,0x1fa9c,1000,100,400,500,LADDER,Objects,Neutral
⚗️,0x2697 0xfe0f,1000,100,400,500,ALEMBIC,Objects,Neutral
🧪,0x1f9ea,1000,100,400,500,TEST TUBE,Objects,Neutral
🧫,0x1f9eb,1000,100,400,500,PETRI DISH,Objects,Neutral
🧬,0x1f9ec,1000,100,400,500,DNA,Objects,Neutral
🔬,0x1f52c,1000,100,400,500,MICROSCOPE,Objects,Neutral
🔭,0x1f52d,1000,100,400,500,TELESCOPE,Objects,Neutral
📡,0x1f4e1,1000,100,400,500,SATELLITE ANTENNA,Objects,Neutral
💉,0x1f489,1000,100,400,500,SYRINGE,Objects,Neutral
🩸,0x1fa78,1000,100,400,500,DROP OF BLOOD,Objects,Neutral
💊,0x1f48a,1000,100,400,500,PILL,Objects,Neutral
🩹,0x1fa79,1000,100,400,500,ADHESIVE BANDAGE,Objects,Neutral
🩼,0x1fa7c,1000,100,400,500,CRUTCH,Objects,Neutral
🩺,0x1fa7a,1000,100,400,500,STETHOSCOPE,Objects,Neutral
🩻,0x1fa7b,1000,100,400,500,X-RAY,Objects,Neutral
🚪,0x1f6aa,1000,100,400,500,DOOR,Objects,Neutral
🛗,0x1f6d7,1000,100,400,500,ELEVATOR,Objects,Neutral
🪞,0x1fa9e,1000,100,400,500,MIRROR,Objects,Neutral
🪟,0x1fa9f,1000,100,400,500,WINDOW,Objects,Neutral
🛏️,0x1f6cf 0xfe0f,1000,100,400,500,BED,Objects,Neutral
🛋️,0x1f6cb 0xfe0f,1000,100,400,500,COUCH AND LAMP,Objects,Neutral
🪑,0x1fa91,1000,100,400,500,CHAIR,Objects,Neutral
🚽,0x1f6bd,1000,100,400,500,TOILET,Objects,Neutral
🪠,0x1faa0,1000,100,400,500,PLUNGER,Objects,Neutral
🚿,0x1f6bf,1000,100,400,500,SHOWER,Objects,Neutral
🛁,0x1f6c1,1000,100,400,500,BATHTUB,Objects,Neutral
🪤,0x1faa4,1000,100,400,500,MOUSE TRAP,Objects,Neutral
🪒,0x1fa92,1000,100,400,500,RAZOR,Objects,Neutral
🧴,0x1f9f4,1000,100,400,500,LOTION BOTTLE,Objects,Neutral
🧷,0x1f9f7,1000,100,400,500,SAFETY PIN,Objects,Neutral
🧹,0x1f9f9,1000,100,400,500,BROOM,Objects,Neutral
🧺,0x1f9fa,1000,100,400,500,BASKET,Objects,Neutral
🧻,0x1f9fb,1000,100,400,500,ROLL OF PAPER,Objects,Neutral
🪣,0x1faa3,1000,100,400,500,BUCKET,Objects,Neutral
🧼,0x1f9fc,1000,100,400,500,SOAP,Objects,Neutral
🫧,0x1fae7,1000,100,400,500,BUBBLES,Objects,Neutral
🪥,0x1faa5,1000,100,400,500,TOOTHBRUSH,Objects,Neutral
🧽,0x1f9fd,1000,100,400,500,SPONGE,Objects,Neutral
🧯,0x1f9ef,1000,30,50,920,FIRE EXTINGUISHER,Objects,Excitement
🛒,0x1f6d2,1000,100,400,500,SHOPPING CART,Objects,Neutral
🚬,0x1f6ac,1000,100,400,500,CIGARETTE,Objects,Neutral
⚰️,0x26b0 0xfe0f,1000,100,400,500,COFFIN,Objects,Neutral
🪦,0x1faa6,1000,100,400,500,HEADSTONE,Objects,Neutral
⚱️,0x26b1 0xfe0f,1000,100,400,500,FUNERAL URN,Objects,Neutral
🧿,0x1f9ff,1000,100,400,500,NAZAR AMULET,Objects,Neutral
🪬,0x1faac,1000,100,400,500,HAMSA,Objects,Neutral
🗿,0x1f5ff,1000,100,400,500,MOAI,Objects,Neutral
🪧,0x1faa7,1000,100,400,500,PLACARD,Objects,Neutral
🪪,0x1faaa,1000,100,400,500,IDENTIFICATION CARD,Objects,Neutral
🏧,0x1f3e7,1000,50,150,800,ATM SIGN,Symbols,Optimism
🚮,0x1f6ae,1000,50,150,800,LITTER IN BIN SIGN,Symbols,Optimism
🚰,0x1f6b0,1000,50,150,800,POTABLE WATER,Symbols,Optimism
♿,0x267f,1000,50,150,800,WHEELCHAIR SYMBOL,Symbols,Optimism
🚹,0x1f6b9,1000,50,150,800,MEN’S ROOM,Symbols,Optimism
🚺,0x1f6ba,1000,50,150,800,WOMEN’S ROOM,Symbols,Optimism
🚻,0x1f6bb,1000,50,150,800,RESTROOM,Symbols,Optimism
🚼,0x1f6bc,1000,50,150,800,BABY SYMBOL,Symbols,Optimism
🚾,0x1f6be,1000,50,150,800,WATER CLOSET,Symbols,Optimism
🛂,0x1f6c2,1000,50,150,800,PASSPORT CONTROL,Symbols,Optimism
🛃,0x1f6c3,1000,50,150,800,CUSTOMS,Symbols,Optimism
🛄,0x1f6c4,1000,50,150,800,BAGGAGE CLAIM,Symbols,Optimism
🛅,0x1f6c5,1000,50,150,800,LEFT LUGGAGE,Symbols,Optimism
⚠️,0x26a0 0xfe0f,1000,50,150,800,WARNING,Symbols,Optimism
🚸,0x1f6b8,1000,50,150,800,CHILDREN CROSSING,Symbols,Optimism
⛔,0x26d4,1000,50,150,800,NO ENTRY,Symbols,Optimism
🚫,0x1f6ab,1000,50,150,800,PROHIBITED,Symbols,Optimism
🚳,0x1f6b3,1000,50,150,800,NO BICYCLES,Symbols,Optimism
🚭,0x1f6ad,1000,20,80,900,NO SMOKING,Symbols,Approval
🚯,0x1f6af,1000,50,150,800,NO LITTERING,Symbols,Optimism
🚱,0x1f6b1,1000,50,150,800,NON-POTABLE WATER,Symbols,Optimism
🚷,0x1f6b7,1000,50,150,800,NO PEDESTRIANS,Symbols,Optimism
📵,0x1f4f5,1000,50,150,800,NO MOBILE PHONES,Symbols,Optimism
🔞,0x1f51e,1000,50,150,800,NO ONE UNDER EIGHTEEN,Symbols,Optimism
☢️,0x2622 0xfe0f,1000,50,150,800,RADIOACTIVE,Symbols,Optimism
☣️,0x2623 0xfe0f,1000,50,150,800,BIOHAZARD,Symbols,Optimism
⬆️,0x2b06 0xfe0f,1000,50,150,800,UP ARROW,Symbols,Optimism
↗️,0x2197 0xfe0f,1000,50,150,800,UP-RIGHT ARROW,Symbols,Optimism
➡️,0x27a1 0xfe0f,1000,50,150,800,RIGHT ARROW,Symbols,Optimism
↘️,0x2198 0xfe0f,1000,50,150,800,DOWN-RIGHT ARROW,Symbols,Optimism
⬇️,0x2b07 0xfe0f,1000,50,150,800,DOWN ARROW,Symbols,Optimism
↙️,0x2199 0xfe0f,1000,50,150,800,DOWN-LEFT ARROW,Symbols,Optimism
⬅️,0x2b05 0xfe0f,1000,50,150,800,LEFT ARROW,Symbols,Optimism
↖️,0x2196 0xfe0f,1000,50,150,800,UP-LEFT ARROW,Symbols,Optimism
↕️,0x2195 0xfe0f,1000,50,150,800,UP-DOWN ARROW,Symbols,Optimism
↔️,0x2194 0xfe0f,1000,50,150,800,LEFT-RIGHT ARROW,Symbols,Optimism
↩️,0x21a9 0xfe0f,1000,50,150,800,RIGHT ARROW CURVING LEFT,Symbols,Optimism
↪️,0x21aa 0xfe0f,1000,50,150,800,LEFT ARROW CURVING RIGHT,Symbols,Optimism
⤴️,0x2934 0xfe0f,1000,50,150,800,RIGHT ARROW CURVING UP,Symbols,Optimism
⤵️,0x2935 0xfe0f,1000,50,150,800,RIGHT ARROW CURVING DOWN,Symbols,Optimism
🔃,0x1f503,1000,50,150,800,CLOCKWISE VERTICAL ARROWS,Symbols,Optimism
🔄,0x1f504,1000,50,150,800,COUNTERCLOCKWISE ARROWS BUTTON,Symbols,Optimism
🔙,0x1f519,1000,50,150,800,BACK ARROW,Symbols,Optimism
🔚,0x1f51a,1000,50,150,800,END ARROW,Symbols,Optimism
🔛,0x1f51b,1000,50,150,800,ON! ARROW,Symbols,Optimism
🔜,0x1f51c,1000,50,150,800,SOON ARROW,Symbols,Optimism
🔝,0x1f51d,1000,50,150,800,TOP ARROW,Symbols,Optimism
🛐,0x1f6d0,1000,50,150,800,PLACE OF WORSHIP,Symbols,Optimism
⚛️,0x269b 0xfe0f,1000,50,150,800,ATOM SYMBOL,Symbols,Optimism
🕉️,0x1f549 0xfe0f,1000,50,150,800,OM,Symbols,Optimism
✡️,0x2721 0xfe0f,1000,30,50,920,STAR OF DAVID,Symbols,Excitement
☸️,0x2638 0xfe0f,1000,50,150,800,WHEEL OF DHARMA,Symbols,Optimism
☯️,0x262f 0xfe0f,1000,50,150,800,YIN YANG,Symbols,Optimism
✝️,0x271d 0xfe0f,1000,50,150,800,LATIN CROSS,Symbols,Optimism
☦️,0x2626 0xfe0f,1000,50,150,800,ORTHODOX CROSS,Symbols,Optimism
☪️,0x262a 0xfe0f,1000,30,50,920,STAR AND CRESCENT,Symbols,Excitement
☮️,0x262e 0xfe0f,1000,50,150,800,PEACE SYMBOL,Symbols,Optimism
🕎,0x1f54e,1000,50,150,800,MENORAH,Symbols,Optimism
🔯,0x1f52f,1000,30,50,920,DOTTED SIX-POINTED STAR,Symbols,Excitement
🪯,0x1faaf,1000,50,150,800,KHANDA,Symbols,Optimism
♈,0x2648,1000,50,150,800,ARIES,Symbols,Optimism
♉,0x2649,1000,50,150,800,TAURUS,Symbols,Optimism
♊,0x264a,1000,50,150,800,GEMINI,Symbols,Optimism
♋,0x264b,1000,50,150,800,CANCER,Symbols,Optimism
♌,0x264c,1000,50,150,800,LEO,Symbols,Optimism
♍,0x264d,1000,50,150,800,VIRGO,Symbols,Optimism
♎,0x264e,1000,50,150,800,LIBRA,Symbols,Optimism
♏,0x264f,1000,50,150,800,SCORPIO,Symbols,Optimism
♐,0x2650,1000,50,150,800,SAGITTARIUS,Symbols,Optimism
♑,0x2651,1000,50,150,800,CAPRICORN,Symbols,Optimism
♒,0x2652,1000,50,150,800,AQUARIUS,Symbols,Optimism
♓,0x2653,1000,50,150,800,PISCES,Symbols,Optimism
⛎,0x26ce,1000,50,150,800,OPHIUCHUS,Symbols,Optimism
🔀,0x1f500,1000,50,150,800,SHUFFLE TRACKS BUTTON,Symbols,Optimism
🔁,0x1f501,1000,50,150,800,REPEAT BUTTON,Symbols,Optimism
🔂,0x1f502,1000,50,150,800,REPEAT SINGLE BUTTON,Symbols,Optimism
▶️,0x25b6 0xfe0f,1000,50,150,800,PLAY BUTTON,Symbols,Optimism
⏩,0x23e9,1000,50,150,800,FAST-FORWARD BUTTON,Symbols,Optimism
⏭️,0x23ed 0xfe0f,1000,50,150,800,NEXT TRACK BUTTON,Symbols,Optimism
⏯️,0x23ef 0xfe0f,1000,50,150,800,PLAY OR PAUSE BUTTON,Symbols,Optimism
◀️,0x25c0 0xfe0f,1000,50,150,800,REVERSE BUTTON,Symbols,Optimism
⏪,0x23ea,1000,50,150,800,FAST REVERSE BUTTON,Symbols,Optimism
⏮️,0x23ee 0xfe0f,1000,50,150,800,LAST TRACK BUTTON,Symbols,Optimism
🔼,0x1f53c,1000,50,150,800,UPWARDS BUTTON,Symbols,Optimism
⏫,0x23eb,1000,50,150,800,FAST UP BUTTON,Symbols,Optimism
🔽,0x1f53d,1000,50,150,800,DOWNWARDS BUTTON,Symbols,Optimism
⏬,0x23ec,1000,50,150,800,FAST DOWN BUTTON,Symbols,Optimism
⏸️,0x23f8 0xfe0f,1000,50,150,800,PAUSE BUTTON,Symbols,Optimism
⏹️,0x23f9 0xfe0f,1000,50,150,800,STOP BUTTON,Symbols,Optimism
⏺️,0x23fa 0xfe0f,1000,50,150,800,RECORD BUTTON,Symbols,Optimism
⏏️,0x23cf 0xfe0f,1000,50,150,800,EJECT BUTTON,Symbols,Optimism
🎦,0x1f3a6,1000,50,150,800,CINEMA,Symbols,Optimism
🔅,0x1f505,1000,50,150,800,DIM BUTTON,Symbols,Optimism
🔆,0x1f506,1000,50,150,800,BRIGHT BUTTON,Symbols,Optimism
📶,0x1f4f6,1000,50,150,800,ANTENNA BARS,Symbols,Optimism
🛜,0x1f6dc,1000,50,150,800,WIRELESS,Symbols,Optimism
📳,0x1f4f3,1000,50,150,800,VIBRATION MODE,Symbols,Optimism
📴,0x1f4f4,1000,50,150,800,MOBILE PHONE OFF,Symbols,Optimism
♀️,0x2640 0xfe0f,1000,50,150,800,FEMALE SIGN,Symbols,Optimism
♂️,0x2642 0xfe0f,1000,50,150,800,MALE SIGN,Symbols,Optimism
⚧️,0x26a7 0xfe0f,1000,50,150,800,TRANSGENDER SYMBOL,Symbols,Optimism
✖️,0x2716 0xfe0f,1000,50,150,800,MULTIPLY,Symbols,Optimism
➕,0x2795,1000,50,150,800,PLUS,Symbols,Optimism
➖,0x2796,1000,50,150,800,MINUS,Symbols,Optimism
➗,0x2797,1000,50,150,800,DIVIDE,Symbols,Optimism
🟰,0x1f7f0,1000,50,150,800,HEAVY EQUALS SIGN,Symbols,Optimism
♾️,0x267e 0xfe0f,1000,50,150,800,INFINITY,Symbols,Optimism
‼️,0x203c 0xfe0f,1000,50,150,800,DOUBLE EXCLAMATION MARK,Symbols,Optimism
⁉️,0x2049 0xfe0f,1000,50,350,600,EXCLAMATION QUESTION MARK,Symbols,Curiosity
❓,0x2753,1000,50,350,600,RED QUESTION MARK,Symbols,Curiosity
❔,0x2754,1000,50,350,600,WHITE QUESTION MARK,Symbols,Curiosity
❕,0x2755,1000,50,150,800,WHITE EXCLAMATION MARK,Symbols,Optimism
❗,0x2757,1000,50,150,800,RED EXCLAMATION MARK,Symbols,Optimism
〰️,0x3030 0xfe0f,1000,50,150,800,WAVY DASH,Symbols,Optimism
💱,0x1f4b1,1000,50,150,800,CURRENCY EXCHANGE,Symbols,Optimism
💲,0x1f4b2,1000,50,150,800,HEAVY DOLLAR SIGN,Symbols,Optimism
⚕️,0x2695 0xfe0f,1000,50,150,800,MEDICAL SYMBOL,Symbols,Optimism
♻️,0x267b 0xfe0f,1000,50,150,800,RECYCLING SYMBOL,Symbols,Optimism
⚜️,0x269c 0xfe0f,1000,50,150,800,FLEUR-DE-LIS,Symbols,Optimism
🔱,0x1f531,1000,50,150,800,TRIDENT EMBLEM,Symbols,Optimism
📛,0x1f4db,1000,50,150,800,NAME BADGE,Symbols,Optimism
🔰,0x1f530,1000,50,150,800,JAPANESE SYMBOL FOR BEGINNER,Symbols,Optimism
⭕,0x2b55,1000,50,150,800,HOLLOW RED CIRCLE,Symbols,Optimism
✅,0x2705,1000,20,80,900,CHECK MARK BUTTON,Symbols,Approval
☑️,0x2611 0xfe0f,1000,20,80,900,CHECK BOX WITH CHECK,Symbols,Approval
✔️,0x2714 0xfe0f,1000,20,80,900,CHECK MARK,Symbols,Approval
❌,0x274c,1000,50,150,800,CROSS MARK,Symbols,Optimism
❎,0x274e,1000,50,150,800,CROSS MARK BUTTON,Symbols,Optimism
➰,0x27b0,1000,50,150,800,CURLY LOOP,Symbols,Optimism
➿,0x27bf,1000,50,150,800,DOUBLE CURLY LOOP,Symbols,Optimism
〽️,0x303d 0xfe0f,1000,50,150,800,PART ALTERNATION MARK,Symbols,Optimism
✳️,0x2733 0xfe0f,1000,20,80,900,EIGHT-SPOKED ASTERISK,Symbols,Approval
✴️,0x2734 0xfe0f,1000,30,50,920,EIGHT-POINTED STAR,Symbols,Excitement
❇️,0x2747 0xfe0f,1000,20,50,930,SPARKLE,Symbols,Optimism
©️,0x00a9 0xfe0f,1000,50,150,800,COPYRIGHT,Symbols,Optimism
®️,0x00ae 0xfe0f,1000,50,150,800,REGISTERED,Symbols,Optimism
™️,0x2122 0xfe0f,1000,50,150,800,TRADE MARK,Symbols,Optimism
*️⃣,0x002a 0xfe0f 0x20e3,1000,50,150,800,KEYCAP: *,Symbols,Optimism
0️⃣,0x0030 0xfe0f 0x20e3,1000,50,150,800,KEYCAP: 0,Symbols,Optimism
1️⃣,0x0031 0xfe0f 0x20e3,1000,50,150,800,KEYCAP: 1,Symbols,Optimism
2️⃣,0x0032 0xfe0f 0x20e3,1000,50,150,800,KEYCAP: 2,Symbols,Optimism
3️⃣,0x0033 0xfe0f 0x20e3,1000,50,150,800,KEYCAP: 3,Symbols,Optimism
4️⃣,0x0034 0xfe0f 0x20e3,1000,50,150,800,KEYCAP: 4,Symbols,Optimism
5️⃣,0x0035 0xfe0f 0x20e3,1000,50,150,800,KEYCAP: 5,Symbols,Optimism
6️⃣,0x0036 0xfe0f 0x20e3,1000,50,150,800,KEYCAP: 6,Symbols,Optimism
7️⃣,0x0037 0xfe0f 0x20e3,1000,50,150,800,KEYCAP: 7,Symbols,Optimism
8️⃣,0x0038 0xfe0f 0x20e3,1000,50,150,800,KEYCAP: 8,Symbols,Optimism
9️⃣,0x0039 0xfe0f 0x20e3,1000,50,150,800,KEYCAP: 9,Symbols,Optimism
🔟,0x1f51f,1000,50,150,800,KEYCAP: 10,Symbols,Optimism
🔠,0x1f520,1000,50,150,800,INPUT LATIN UPPERCASE,Symbols,Optimism
🔡,0x1f521,1000,50,150,800,INPUT LATIN LOWERCASE,Symbols,Optimism
🔢,0x1f522,1000,50,150,800,INPUT NUMBERS,Symbols,Optimism
🔣,0x1f523,1000,50,150,800,INPUT SYMBOLS,Symbols,Optimism
🔤,0x1f524,1000,50,150,800,INPUT LATIN LETTERS,Symbols,Optimism
🅰️,0x1f170 0xfe0f,1000,50,150,800,A BUTTON (BLOOD TYPE),Symbols,Optimism
🆎,0x1f18e,1000,50,150,800,AB BUTTON (BLOOD TYPE),Symbols,Optimism
🅱️,0x1f171 0xfe0f,1000,50,150,800,B BUTTON (BLOOD TYPE),Symbols,Optimism
🆑,0x1f191,1000,50,150,800,CL BUTTON,Symbols,Optimism
🆒,0x1f192,1000,50,150,800,COOL BUTTON,Symbols,Optimism
🆓,0x1f193,1000,50,150,800,FREE BUTTON,Symbols,Optimism
ℹ️,0x2139 0xfe0f,1000,50,150,800,INFORMATION,Symbols,Optimism
🆔,0x1f194,1000,50,150,800,ID BUTTON,Symbols,Optimism
Ⓜ️,0x24c2 0xfe0f,1000,50,150,800,CIRCLED M,Symbols,Optimism
🆕,0x1f195,1000,50,150,800,NEW BUTTON,Symbols,Optimism
🆖,0x1f196,1000,50,150,800,NG BUTTON,Symbols,Optimism
🅾️,0x1f17e 0xfe0f,1000,50,150,800,O BUTTON (BLOOD TYPE),Symbols,Optimism
🆗,0x1f197,1000,20,80,900,OK BUTTON,Symbols,Approval
🅿️,0x1f17f 0xfe0f,1000,50,150,800,P BUTTON,Symbols,Optimism
🆘,0x1f198,1000,50,150,800,SOS BUTTON,Symbols,Optimism
🆙,0x1f199,1000,50,150,800,UP! BUTTON,Symbols,Optimism
🆚,0x1f19a,1000,50,150,800,VS BUTTON,Symbols,Optimism
🈁,0x1f201,1000,50,150,800,JAPANESE “HERE” BUTTON,Symbols,Optimism
🈂️,0x1f202 0xfe0f,1000,50,150,800,JAPANESE “SERVICE CHARGE” BUTTON,Symbols,Optimism
🈷️,0x1f237 0xfe0f,1000,50,150,800,JAPANESE “MONTHLY AMOUNT” BUTTON,Symbols,Optimism
🈶,0x1f236,1000,50,150,800,JAPANESE “NOT FREE OF CHARGE” BUTTON,Symbols,Optimism
🈯,0x1f22f,1000,50,150,800,JAPANESE “RESERVED” BUTTON,Symbols,Optimism
🉐,0x1f250,1000,50,150,800,JAPANESE “BARGAIN” BUTTON,Symbols,Optimism
🈹,0x1f239,1000,50,150,800,JAPANESE “DISCOUNT” BUTTON,Symbols,Optimism
🈚,0x1f21a,1000,50,150,800,JAPANESE “FREE OF CHARGE” BUTTON,Symbols,Optimism
🈲,0x1f232,1000,50,150,800,JAPANESE “PROHIBITED” BUTTON,Symbols,Optimism
🉑,0x1f251,1000,50,150,800,JAPANESE “ACCEPTABLE” BUTTON,Symbols,Optimism
🈸,0x1f238,1000,50,150,800,JAPANESE “APPLICATION” BUTTON,Symbols,Optimism
🈴,0x1f234,1000,50,150,800,JAPANESE “PASSING GRADE” BUTTON,Symbols,Optimism
🈳,0x1f233,1000,50,150,800,JAPANESE “VACANCY” BUTTON,Symbols,Optimism
㊗️,0x3297 0xfe0f,1000,50,150,800,JAPANESE “CONGRATULATIONS” BUTTON,Symbols,Optimism
㊙️,0x3299 0xfe0f,1000,50,150,800,JAPANESE “SECRET” BUTTON,Symbols,Optimism
🈺,0x1f23a,1000,50,150,800,JAPANESE “OPEN FOR BUSINESS” BUTTON,Symbols,Optimism
🈵,0x1f235,1000,50,150,800,JAPANESE “NO VACANCY” BUTTON,Symbols,Optimism
🔴,0x1f534,1000,50,150,800,RED CIRCLE,Symbols,Optimism
🟠,0x1f7e0,1000,50,150,800,ORANGE CIRCLE,Symbols,Optimism
🟡,0x1f7e1,1000,50,150,800,YELLOW CIRCLE,Symbols,Optimism
🟢,0x1f7e2,1000,50,150,800,GREEN CIRCLE,Symbols,Optimism
🔵,0x1f535,1000,50,150,800,BLUE CIRCLE,Symbols,Optimism
🟣,0x1f7e3,1000,50,150,800,PURPLE CIRCLE,Symbols,Optimism
🟤,0x1f7e4,1000,50,150,800,BROWN CIRCLE,Symbols,Optimism
⚫,0x26ab,1000,50,150,800,BLACK CIRCLE,Symbols,Optimism
⚪,0x26aa,1000,50,150,800,WHITE CIRCLE,Symbols,Optimism
🟥,0x1f7e5,1000,50,150,800,RED SQUARE,Symbols,Optimism
🟧,0x1f7e7,1000,50,150,800,ORANGE SQUARE,Symbols,Optimism
🟨,0x1f7e8,1000,50,150,800,YELLOW SQUARE,Symbols,Optimism
🟩,0x1f7e9,1000,50,150,800,GREEN SQUARE,Symbols,Optimism
🟦,0x1f7e6,1000,50,150,800,BLUE SQUARE,Symbols,Optimism
🟪,0x1f7ea,1000,50,150,800,PURPLE SQUARE,Symbols,Optimism
🟫,0x1f7eb,1000,50,150,800,BROWN SQUARE,Symbols,Optimism
⬛,0x2b1b,1000,50,150,800,BLACK LARGE SQUARE,Symbols,Optimism
⬜,0x2b1c,1000,50,150,800,WHITE LARGE SQUARE,Symbols,Optimism
◼️,0x25fc 0xfe0f,1000,50,150,800,BLACK MEDIUM SQUARE,Symbols,Optimism
◻️,0x25fb 0xfe0f,1000,50,150,800,WHITE MEDIUM SQUARE,Symbols,Optimism
◾,0x25fe,1000,50,150,800,BLACK MEDIUM-SMALL SQUARE,Symbols,Optimism
◽,0x25fd,1000,50,150,800,WHITE MEDIUM-SMALL SQUARE,Symbols,Optimism
▪️,0x25aa 0xfe0f,1000,50,150,800,BLACK SMALL SQUARE,Symbols,Optimism
▫️,0x25ab 0xfe0f,1000,50,150,800,WHITE SMALL SQUARE,Symbols,Optimism
🔶,0x1f536,1000,50,150,800,LARGE ORANGE DIAMOND,Symbols,Optimism
🔷,0x1f537,1000,50,150,800,LARGE BLUE DIAMOND,Symbols,Optimism
🔸,0x1f538,1000,50,150,800,SMALL ORANGE DIAMOND,Symbols,Optimism
🔹,0x1f539,1000,50,150,800,SMALL BLUE DIAMOND,Symbols,Optimism
🔺,0x1f53a,1000,50,150,800,RED TRIANGLE POINTED UP,Symbols,Optimism
🔻,0x1f53b,1000,50,150,800,RED TRIANGLE POINTED DOWN,Symbols,Optimism
💠,0x1f4a0,1000,50,150,800,DIAMOND WITH A DOT,Symbols,Optimism
🔘,0x1f518,1000,50,150,800,RADIO BUTTON,Symbols,Optimism
🔳,0x1f533,1000,50,150,800,WHITE SQUARE BUTTON,Symbols,Optimism
🔲,0x1f532,1000,50,150,800,BLACK SQUARE BUTTON,Symbols,Optimism
🏁,0x1f3c1,1000,100,400,500,CHEQUERED FLAG,Flags,Neutral
🚩,0x1f6a9,1000,100,400,500,TRIANGULAR FLAG,Flags,Neutral
🎌,0x1f38c,1000,100,400,500,CROSSED FLAGS,Flags,Neutral
🏴,0x1f3f4,1000,100,400,500,BLACK FLAG,Flags,Neutral
🏳️,0x1f3f3 0xfe0f,1000,100,400,500,WHITE FLAG,Flags,Neutral
🏳️‍🌈,0x1f3f3 0xfe0f 0x200d 0x1f308,1000,20,50,930,RAINBOW FLAG,Flags,Optimism
🏳️‍⚧️,0x1f3f3 0xfe0f 0x200d 0x26a7 0xfe0f,1000,100,400,500,TRANSGENDER FLAG,Flags,Neutral
🏴‍☠️,0x1f3f4 0x200d 0x2620 0xfe0f,1000,100,400,500,PIRATE FLAG,Flags,Neutral
🇦🇨,0x1f1e6 0x1f1e8,1000,100,400,500,FLAG: ASCENSION ISLAND,Flags,Neutral
🇦🇩,0x1f1e6 0x1f1e9,1000,100,400,500,FLAG: ANDORRA,Flags,Neutral
🇦🇪,0x1f1e6 0x1f1ea,1000,100,400,500,FLAG: UNITED ARAB EMIRATES,Flags,Neutral
🇦🇫,0x1f1e6 0x1f1eb,1000,100,400,500,FLAG: AFGHANISTAN,Flags,Neutral
🇦🇬,0x1f1e6 0x1f1ec,1000,100,400,500,FLAG: ANTIGUA & BARBUDA,Flags,Neutral
🇦🇮,0x1f1e6 0x1f1ee,1000,100,400,500,FLAG: ANGUILLA,Flags,Neutral
🇦🇱,0x1f1e6 0x1f1f1,1000,100,400,500,FLAG: ALBANIA,Flags,Neutral
🇦🇲,0x1f1e6 0x1f1f2,1000,100,400,500,FLAG: ARMENIA,Flags,Neutral
🇦🇴,0x1f1e6 0x1f1f4,1000,100,400,500,FLAG: ANGOLA,Flags,Neutral
🇦🇶,0x1f1e6 0x1f1f6,1000,100,400,500,FLAG: ANTARCTICA,Flags,Neutral
🇦🇷,0x1f1e6 0x1f1f7,1000,100,400,500,FLAG: ARGENTINA,Flags,Neutral
🇦🇸,0x1f1e6 0x1f1f8,1000,100,400,500,FLAG: AMERICAN SAMOA,Flags,Neutral
🇦🇹,0x1f1e6 0x1f1f9,1000,100,400,500,FLAG: AUSTRIA,Flags,Neutral
🇦🇺,0x1f1e6 0x1f1fa,1000,100,400,500,FLAG: AUSTRALIA,Flags,Neutral
🇦🇼,0x1f1e6 0x1f1fc,1000,100,400,500,FLAG: ARUBA,Flags,Neutral
🇦🇽,0x1f1e6 0x1f1fd,1000,100,400,500,FLAG: ÅLAND ISLANDS,Flags,Neutral
🇦🇿,0x1f1e6 0x1f1ff,1000,100,400,500,FLAG: AZERBAIJAN,Flags,Neutral
🇧🇦,0x1f1e7 0x1f1e6,1000,100,400,500,FLAG: BOSNIA & HERZEGOVINA,Flags,Neutral
🇧🇧,0x1f1e7 0x1f1e7,1000,100,400,500,FLAG: BARBADOS,Flags,Neutral
🇧🇩,0x1f1e7 0x1f1e9,1000,100,400,500,FLAG: BANGLADESH,Flags,Neutral
🇧🇪,0x1f1e7 0x1f1ea,1000,100,400,500,FLAG: BELGIUM,Flags,Neutral
🇧🇫,0x1f1e7 0x1f1eb,1000,100,400,500,FLAG: BURKINA FASO,Flags,Neutral
🇧🇬,0x1f1e7 0x1f1ec,1000,100,400,500,FLAG: BULGARIA,Flags,Neutral
🇧🇭,0x1f1e7 0x1f1ed,1000,100,400,500,FLAG: BAHRAIN,Flags,Neutral
🇧🇮,0x1f1e7 0x1f1ee,1000,100,400,500,FLAG: BURUNDI,Flags,Neutral
🇧🇯,0x1f1e7 0x1f1ef,1000,100,400,500,FLAG: BENIN,Flags,Neutral
🇧🇱,0x1f1e7 0x1f1f1,1000,100,400,500,FLAG: ST. BARTHÉLEMY,Flags,Neutral
🇧🇲,0x1f1e7 0x1f1f2,1000,100,400,500,FLAG: BERMUDA,Flags,Neutral
🇧🇳,0x1f1e7 0x1f1f3,1000,100,400,500,FLAG: BRUNEI,Flags,Neutral
🇧🇴,0x1f1e7 0x1f1f4,1000,100,400,500,FLAG: BOLIVIA,Flags,Neutral
🇧🇶,0x1f1e7 0x1f1f6,1000,100,400,500,FLAG: CARIBBEAN NETHERLANDS,Flags,Neutral
🇧🇷,0x1f1e7 0x1f1f7,1000,100,400,500,FLAG: BRAZIL,Flags,Neutral
🇧🇸,0x1f1e7 0x1f1f8,1000,100,400,500,FLAG: BAHAMAS,Flags,Neutral
🇧🇹,0x1f1e7 0x1f1f9,1000,100,400,500,FLAG: BHUTAN,Flags,Neutral
🇧🇻,0x1f1e7 0x1f1fb,1000,100,400,500,FLAG: BOUVET ISLAND,Flags,Neutral
🇧🇼,0x1f1e7 0x1f1fc,1000,100,400,500,FLAG: BOTSWANA,Flags,Neutral
🇧🇾,0x1f1e7 0x1f1fe,1000,100,400,500,FLAG: BELARUS,Flags,Neutral
🇧🇿,0x1f1e7 0x1f1ff,1000,100,400,500,FLAG: BELIZE,Flags,Neutral
🇨🇦,0x1f1e8 0x1f1e6,1000,100,400,500,FLAG: CANADA,Flags,Neutral
🇨🇨,0x1f1e8 0x1f1e8,1000,100,400,500,FLAG: COCOS (KEELING) ISLANDS,Flags,Neutral
🇨🇩,0x1f1e8 0x1f1e9,1000,100,400,500,FLAG: CONGO - KINSHASA,Flags,Neutral
🇨🇫,0x1f1e8 0x1f1eb,1000,100,400,500,FLAG: CENTRAL AFRICAN REPUBLIC,Flags,Neutral
🇨🇬,0x1f1e8 0x1f1ec,1000,100,400,500,FLAG: CONGO - BRAZZAVILLE,Flags,Neutral
🇨🇭,0x1f1e8 0x1f1ed,1000,100,400,500,FLAG: SWITZERLAND,Flags,Neutral
🇨🇮,0x1f1e8 0x1f1ee,1000,100,400,500,FLAG: CÔTE D’IVOIRE,Flags,Neutral
🇨🇰,0x1f1e8 0x1f1f0,1000,20,80,900,FLAG: COOK ISLANDS,Flags,Approval
🇨🇱,0x1f1e8 0x1f1f1,1000,100,400,500,FLAG: CHILE,Flags,Neutral
🇨🇲,0x1f1e8 0x1f1f2,1000,100,400,500,FLAG: CAMEROON,Flags,Neutral
🇨🇳,0x1f1e8 0x1f1f3,1000,100,400,500,FLAG: CHINA,Flags,Neutral
🇨🇴,0x1f1e8 0x1f1f4,1000,100,400,500,FLAG: COLOMBIA,Flags,Neutral
🇨🇵,0x1f1e8 0x1f1f5,1000,100,400,500,FLAG: CLIPPERTON ISLAND,Flags,Neutral
🇨🇷,0x1f1e8 0x1f1f7,1000,100,400,500,FLAG: COSTA RICA,Flags,Neutral
🇨🇺,0x1f1e8 0x1f1fa,1000,100,400,500,FLAG: CUBA,Flags,Neutral
🇨🇻,0x1f1e8 0x1f1fb,1000,100,400,500,FLAG: CAPE VERDE,Flags,Neutral
🇨🇼,0x1f1e8 0x1f1fc,1000,100,400,500,FLAG: CURAÇAO,Flags,Neutral
🇨🇽,0x1f1e8 0x1f1fd,1000,100,400,500,FLAG: CHRISTMAS ISLAND,Flags,Neutral
🇨🇾,0x1f1e8 0x1f1fe,1000,100,400,500,FLAG: CYPRUS,Flags,Neutral
🇨🇿,0x1f1e8 0x1f1ff,1000,100,400,500,FLAG: CZECHIA,Flags,Neutral
🇩🇪,0x1f1e9 0x1f1ea,1000,100,400,500,FLAG: GERMANY,Flags,Neutral
🇩🇬,0x1f1e9 0x1f1ec,1000,100,400,500,FLAG: DIEGO GARCIA,Flags,Neutral
🇩🇯,0x1f1e9 0x1f1ef,1000,100,400,500,FLAG: DJIBOUTI,Flags,Neutral
🇩🇰,0x1f1e9 0x1f1f0,1000,100,400,500,FLAG: DENMARK,Flags,Neutral
🇩🇲,0x1f1e9 0x1f1f2,1000,100,400,500,FLAG: DOMINICA,Flags,Neutral
🇩🇴,0x1f1e9 0x1f1f4,1000,100,400,500,FLAG: DOMINICAN REPUBLIC,Flags,Neutral
🇩🇿,0x1f1e9 0x1f1ff,1000,100,400,500,FLAG: ALGERIA,Flags,Neutral
🇪🇦,0x1f1ea 0x1f1e6,1000,100,400,500,FLAG: CEUTA & MELILLA,Flags,Neutral
🇪🇨,0x1f1ea 0x1f1e8,1000,100,400,500,FLAG: ECUADOR,Flags,Neutral
🇪🇪,0x1f1ea 0x1f1ea,1000,100,400,500,FLAG: ESTONIA,Flags,Neutral
🇪🇬,0x1f1ea 0x1f1ec,1000,100,400,500,FLAG: EGYPT,Flags,Neutral
🇪🇭,0x1f1ea 0x1f1ed,1000,100,400,500,FLAG: WESTERN SAHARA,Flags,Neutral
🇪🇷,0x1f1ea 0x1f1f7,1000,100,400,500,FLAG: ERITREA,Flags,Neutral
🇪🇸,0x1f1ea 0x1f1f8,1000,100,400,500,FLAG: SPAIN,Flags,Neutral
🇪🇹,0x1f1ea 0x1f1f9,1000,100,400,500,FLAG: ETHIOPIA,Flags,Neutral
🇪🇺,0x1f1ea 0x1f1fa,1000,100,400,500,FLAG: EUROPEAN UNION,Flags,Neutral
🇫🇮,0x1f1eb 0x1f1ee,1000,100,400,500,FLAG: FINLAND,Flags,Neutral
🇫🇯,0x1f1eb 0x1f1ef,1000,100,400,500,FLAG: FIJI,Flags,Neutral
🇫🇰,0x1f1eb 0x1f1f0,1000,100,400,500,FLAG: FALKLAND ISLANDS,Flags,Neutral
🇫🇲,0x1f1eb 0x1f1f2,1000,100,400,500,FLAG: MICRONESIA,Flags,Neutral
🇫🇴,0x1f1eb 0x1f1f4,1000,100,400,500,FLAG: FAROE ISLANDS,Flags,Neutral
🇫🇷,0x1f1eb 0x1f1f7,1000,100,400,500,FLAG: FRANCE,Flags,Neutral
🇬🇦,0x1f1ec 0x1f1e6,1000,100,400,500,FLAG: GABON,Flags,Neutral
🇬🇧,0x1f1ec 0x1f1e7,1000,100,400,500,FLAG: UNITED KINGDOM,Flags,Neutral
🇬🇩,0x1f1ec 0x1f1e9,1000,100,400,500,FLAG: GRENADA,Flags,Neutral
🇬🇪,0x1f1ec 0x1f1ea,1000,100,400,500,FLAG: GEORGIA,Flags,Neutral
🇬🇫,0x1f1ec 0x1f1eb,1000,100,400,500,FLAG: FRENCH GUIANA,Flags,Neutral
🇬🇬,0x1f1ec 0x1f1ec,1000,100,400,500,FLAG: GUERNSEY,Flags,Neutral
🇬🇭,0x1f1ec 0x1f1ed,1000,100,400,500,FLAG: GHANA,Flags,Neutral
🇬🇮,0x1f1ec 0x1f1ee,1000,100,400,500,FLAG: GIBRALTAR,Flags,Neutral
🇬🇱,0x1f1ec 0x1f1f1,1000,100,400,500,FLAG: GREENLAND,Flags,Neutral
🇬🇲,0x1f1ec 0x1f1f2,1000,100,400,500,FLAG: GAMBIA,Flags,Neutral
🇬🇳,0x1f1ec 0x1f1f3,1000,100,400,500,FLAG: GUINEA,Flags,Neutral
🇬🇵,0x1f1ec 0x1f1f5,1000,100,400,500,FLAG: GUADELOUPE,Flags,Neutral
🇬🇶,0x1f1ec 0x1f1f6,1000,100,400,500,FLAG: EQUATORIAL GUINEA,Flags,Neutral
🇬🇷,0x1f1ec 0x1f1f7,1000,100,400,500,FLAG: GREECE,Flags,Neutral
🇬🇸,0x1f1ec 0x1f1f8,1000,100,400,500,FLAG: SOUTH GEORGIA & SOUTH SANDWICH ISLANDS,Flags,Neutral
🇬🇹,0x1f1ec 0x1f1f9,1000,100,400,500,FLAG: GUATEMALA,Flags,Neutral
🇬🇺,0x1f1ec 0x1f1fa,1000,100,400,500,FLAG: GUAM,Flags,Neutral
🇬🇼,0x1f1ec 0x1f1fc,1000,100,400,500,FLAG: GUINEA-BISSAU,Flags,Neutral
🇬🇾,0x1f1ec 0x1f1fe,1000,100,400,500,FLAG: GUYANA,Flags,Neutral
🇭🇰,0x1f1ed 0x1f1f0,1000,100,400,500,FLAG: HONG KONG SAR CHINA,Flags,Neutral
🇭🇲,0x1f1ed 0x1f1f2,1000,100,400,500,FLAG: HEARD & MCDONALD ISLANDS,Flags,Neutral
🇭🇳,0x1f1ed 0x1f1f3,1000,100,400,500,FLAG: HONDURAS,Flags,Neutral
🇭🇷,0x1f1ed 0x1f1f7,1000,100,400,500,FLAG: CROATIA,Flags,Neutral
🇭🇹,0x1f1ed 0x1f1f9,1000,100,400,500,FLAG: HAITI,Flags,Neutral
🇭🇺,0x1f1ed 0x1f1fa,1000,100,400,500,FLAG: HUNGARY,Flags,Neutral
🇮🇨,0x1f1ee 0x1f1e8,1000,100,400,500,FLAG: CANARY ISLANDS,Flags,Neutral
🇮🇩,0x1f1ee 0x1f1e9,1000,100,400,500,FLAG: INDONESIA,Flags,Neutral
🇮🇪,0x1f1ee 0x1f1ea,1000,100,400,500,FLAG: IRELAND,Flags,Neutral
🇮🇱,0x1f1ee 0x1f1f1,1000,100,400,500,FLAG: ISRAEL,Flags,Neutral
🇮🇲,0x1f1ee 0x1f1f2,1000,100,400,500,FLAG: ISLE OF MAN,Flags,Neutral
🇮🇳,0x1f1ee 0x1f1f3,1000,100,400,500,FLAG: INDIA,Flags,Neutral
🇮🇴,0x1f1ee 0x1f1f4,1000,100,400,500,FLAG: BRITISH INDIAN OCEAN TERRITORY,Flags,Neutral
🇮🇶,0x1f1ee 0x1f1f6,1000,100,400,500,FLAG: IRAQ,Flags,Neutral
🇮🇷,0x1f1ee 0x1f1f7,1000,100,400,500,FLAG: IRAN,Flags,Neutral
🇮🇸,0x1f1ee 0x1f1f8,1000,100,400,500,FLAG: ICELAND,Flags,Neutral
🇮🇹,0x1f1ee 0x1f1f9,1000,100,400,500,FLAG: ITALY,Flags,Neutral
🇯🇪,0x1f1ef 0x1f1ea,1000,100,400,500,FLAG: JERSEY,Flags,Neutral
🇯🇲,0x1f1ef 0x1f1f2,1000,100,400,500,FLAG: JAMAICA,Flags,Neutral
🇯🇴,0x1f1ef 0x1f1f4,1000,100,400,500,FLAG: JORDAN,Flags,Neutral
🇯🇵,0x1f1ef 0x1f1f5,1000,100,400,500,FLAG: JAPAN,Flags,Neutral
🇰🇪,0x1f1f0 0x1f1ea,1000,100,400,500,FLAG: KENYA,Flags,Neutral
🇰🇬,0x1f1f0 0x1f1ec,1000,100,400,500,FLAG: KYRGYZSTAN,Flags,Neutral
🇰🇭,0x1f1f0 0x1f1ed,1000,100,400,500,FLAG: CAMBODIA,Flags,Neutral
🇰🇮,0x1f1f0 0x1f1ee,1000,100,400,500,FLAG: KIRIBATI,Flags,Neutral
🇰🇲,0x1f1f0 0x1f1f2,1000,100,400,500,FLAG: COMOROS,Flags,Neutral
🇰🇳,0x1f1f0 0x1f1f3,1000,100,400,500,FLAG: ST. KITTS & NEVIS,Flags,Neutral
🇰🇵,0x1f1f0 0x1f1f5,1000,100,400,500,FLAG: NORTH KOREA,Flags,Neutral
🇰🇷,0x1f1f0 0x1f1f7,1000,100,400,500,FLAG: SOUTH KOREA,Flags,Neutral
🇰🇼,0x1f1f0 0x1f1fc,1000,100,400,500,FLAG: KUWAIT,Flags,Neutral
🇰🇾,0x1f1f0 0x1f1fe,1000,100,400,500,FLAG: CAYMAN ISLANDS,Flags,Neutral
🇰🇿,0x1f1f0 0x1f1ff,1000,100,400,500,FLAG: KAZAKHSTAN,Flags,Neutral
🇱🇦,0x1f1f1 0x1f1e6,1000,100,400,500,FLAG: LAOS,Flags,Neutral
🇱🇧,0x1f1f1 0x1f1e7,1000,100,400,500,FLAG: LEBANON,Flags,Neutral
🇱🇨,0x1f1f1 0x1f1e8,1000,100,400,500,FLAG: ST. LUCIA,Flags,Neutral
🇱🇮,0x1f1f1 0x1f1ee,1000,100,400,500,FLAG: LIECHTENSTEIN,Flags,Neutral
🇱🇰,0x1f1f1 0x1f1f0,1000,100,400,500,FLAG: SRI LANKA,Flags,Neutral
🇱🇷,0x1f1f1 0x1f1f7,1000,100,400,500,FLAG: LIBERIA,Flags,Neutral
🇱🇸,0x1f1f1 0x1f1f8,1000,100,400,500,FLAG: LESOTHO,Flags,Neutral
🇱🇹,0x1f1f1 0x1f1f9,1000,100,400,500,FLAG: LITHUANIA,Flags,Neutral
🇱🇺,0x1f1f1 0x1f1fa,1000,100,400,500,FLAG: LUXEMBOURG,Flags,Neutral
🇱🇻,0x1f1f1 0x1f1fb,1000,100,400,500,FLAG: LATVIA,Flags,Neutral
🇱🇾,0x1f1f1 0x1f1fe,1000,100,400,500,FLAG: LIBYA,Flags,Neutral
🇲🇦,0x1f1f2 0x1f1e6,1000,100,400,500,FLAG: MOROCCO,Flags,Neutral
🇲🇨,0x1f1f2 0x1f1e8,1000,100,400,500,FLAG: MONACO,Flags,Neutral
🇲🇩,0x1f1f2 0x1f1e9,1000,100,400,500,FLAG: MOLDOVA,Flags,Neutral
🇲🇪,0x1f1f2 0x1f1ea,1000,100,400,500,FLAG: MONTENEGRO,Flags,Neutral
🇲🇫,0x1f1f2 0x1f1eb,1000,100,400,500,FLAG: ST. MARTIN,Flags,Neutral
🇲🇬,0x1f1f2 0x1f1ec,1000,100,400,500,FLAG: MADAGASCAR,Flags,Neutral
🇲🇭,0x1f1f2 0x1f1ed,1000,100,400,500,FLAG: MARSHALL ISLANDS,Flags,Neutral
🇲🇰,0x1f1f2 0x1f1f0,1000,100,400,500,FLAG: NORTH MACEDONIA,Flags,Neutral
🇲🇱,0x1f1f2 0x1f1f1,1000,100,400,500,FLAG: MALI,Flags,Neutral
🇲🇲,0x1f1f2 0x1f1f2,1000,100,400,500,FLAG: MYANMAR (BURMA),Flags,Neutral
🇲🇳,0x1f1f2 0x1f1f3,1000,100,400,500,FLAG: MONGOLIA,Flags,Neutral
🇲🇴,0x1f1f2 0x1f1f4,1000,100,400,500,FLAG: MACAO SAR CHINA,Flags,Neutral
🇲🇵,0x1f1f2 0x1f1f5,1000,100,400,500,FLAG: NORTHERN MARIANA ISLANDS,Flags,Neutral
🇲🇶,0x1f1f2 0x1f1f6,1000,100,400,500,FLAG: MARTINIQUE,Flags,Neutral
🇲🇷,0x1f1f2 0x1f1f7,1000,100,400,500,FLAG: MAURITANIA,Flags,Neutral
🇲🇸,0x1f1f2 0x1f1f8,1000,100,400,500,FLAG: MONTSERRAT,Flags,Neutral
🇲🇹,0x1f1f2 0x1f1f9,1000,100,400,500,FLAG: MALTA,Flags,Neutral
🇲🇺,0x1f1f2 0x1f1fa,1000,100,400,500,FLAG: MAURITIUS,Flags,Neutral
🇲🇻,0x1f1f2 0x1f1fb,1000,100,400,500,FLAG: MALDIVES,Flags,Neutral
🇲🇼,0x1f1f2 0x1f1fc,1000,100,400,500,FLAG: MALAWI,Flags,Neutral
🇲🇽,0x1f1f2 0x1f1fd,1000,100,400,500,FLAG: MEXICO,Flags,Neutral
🇲🇾,0x1f1f2 0x1f1fe,1000,100,400,500,FLAG: MALAYSIA,Flags,Neutral
🇲🇿,0x1f1f2 0x1f1ff,1000,100,400,500,FLAG: MOZAMBIQUE,Flags,Neutral
🇳🇦,0x1f1f3 0x1f1e6,1000,100,400,500,FLAG: NAMIBIA,Flags,Neutral
🇳🇨,0x1f1f3 0x1f1e8,1000,100,400,500,FLAG: NEW CALEDONIA,Flags,Neutral
🇳🇪,0x1f1f3 0x1f1ea,1000,100,400,500,FLAG: NIGER,Flags,Neutral
🇳🇫,0x1f1f3 0x1f1eb,1000,100,400,500,FLAG: NORFOLK ISLAND,Flags,Neutral
🇳🇬,0x1f1f3 0x1f1ec,1000,100,400,500,FLAG: NIGERIA,Flags,Neutral
🇳🇮,0x1f1f3 0x1f1ee,1000,100,400,500,FLAG: NICARAGUA,Flags,Neutral
🇳🇱,0x1f1f3 0x1f1f1,1000,100,400,500,FLAG: NETHERLANDS,Flags,Neutral
🇳🇴,0x1f1f3 0x1f1f4,1000,100,400,500,FLAG: NORWAY,Flags,Neutral
🇳🇵,0x1f1f3 0x1f1f5,1000,100,400,500,FLAG: NEPAL,Flags,Neutral
🇳🇷,0x1f1f3 0x1f1f7,1000,100,400,500,FLAG: NAURU,Flags,Neutral
🇳🇺,0x1f1f3 0x1f1fa,1000,100,400,500,FLAG: NIUE,Flags,Neutral
🇳🇿,0x1f1f3 0x1f1ff,1000,100,400,500,FLAG: NEW ZEALAND,Flags,Neutral
🇴🇲,0x1f1f4 0x1f1f2,1000,100,400,500,FLAG: OMAN,Flags,Neutral
🇵🇦,0x1f1f5 0x1f1e6,1000,100,400,500,FLAG: PANAMA,Flags,Neutral
🇵🇪,0x1f1f5 0x1f1ea,1000,100,400,500,FLAG: PERU,Flags,Neutral
🇵🇫,0x1f1f5 0x1f1eb,1000,100,400,500,FLAG: FRENCH POLYNESIA,Flags,Neutral
🇵🇬,0x1f1f5 0x1f1ec,1000,100,400,500,FLAG: PAPUA NEW GUINEA,Flags,Neutral
🇵🇭,0x1f1f5 0x1f1ed,1000,100,400,500,FLAG: PHILIPPINES,Flags,Neutral
🇵🇰,0x1f1f5 0x1f1f0,1000,100,400,500,FLAG: PAKISTAN,Flags,Neutral
🇵🇱,0x1f1f5 0x1f1f1,1000,100,400,500,FLAG: POLAND,Flags,Neutral
🇵🇲,0x1f1f5 0x1f1f2,1000,100,400,500,FLAG: ST. PIERRE & MIQUELON,Flags,Neutral
🇵🇳,0x1f1f5 0x1f1f3,1000,100,400,500,FLAG: PITCAIRN ISLANDS,Flags,Neutral
🇵🇷,0x1f1f5 0x1f1f7,1000,100,400,500,FLAG: PUERTO RICO,Flags,Neutral
🇵🇸,0x1f1f5 0x1f1f8,1000,100,400,500,FLAG: PALESTINIAN TERRITORIES,Flags,Neutral
🇵🇹,0x1f1f5 0x1f1f9,1000,100,400,500,FLAG: PORTUGAL,Flags,Neutral
🇵🇼,0x1f1f5 0x1f1fc,1000,100,400,500,FLAG: PALAU,Flags,Neutral
🇵🇾,0x1f1f5 0x1f1fe,1000,100,400,500,FLAG: PARAGUAY,Flags,Neutral
🇶🇦,0x1f1f6 0x1f1e6,1000,100,400,500,FLAG: QATAR,Flags,Neutral
🇷🇪,0x1f1f7 0x1f1ea,1000,100,400,500,FLAG: RÉUNION,Flags,Neutral
🇷🇴,0x1f1f7 0x1f1f4,1000,100,400,500,FLAG: ROMANIA,Flags,Neutral
🇷🇸,0x1f1f7 0x1f1f8,1000,100,400,500,FLAG: SERBIA,Flags,Neutral
🇷🇺,0x1f1f7 0x1f1fa,1000,100,400,500,FLAG: RUSSIA,Flags,Neutral
🇷🇼,0x1f1f7 0x1f1fc,1000,100,400,500,FLAG: RWANDA,Flags,Neutral
🇸🇦,0x1f1f8 0x1f1e6,1000,100,400,500,FLAG: SAUDI ARABIA,Flags,Neutral
🇸🇧,0x1f1f8 0x1f1e7,1000,100,400,500,FLAG: SOLOMON ISLANDS,Flags,Neutral
🇸🇨,0x1f1f8 0x1f1e8,1000,100,400,500,FLAG: SEYCHELLES,Flags,Neutral
🇸🇩,0x1f1f8 0x1f1e9,1000,100,400,500,FLAG: SUDAN,Flags,Neutral
🇸🇪,0x1f1f8 0x1f1ea,1000,100,400,500,FLAG: SWEDEN,Flags,Neutral
🇸🇬,0x1f1f8 0x1f1ec,1000,100,400,500,FLAG: SINGAPORE,Flags,Neutral
🇸🇭,0x1f1f8 0x1f1ed,1000,100,400,500,FLAG: ST. HELENA,Flags,Neutral
🇸🇮,0x1f1f8 0x1f1ee,1000,20,30,950,FLAG: SLOVENIA,Flags,Love
🇸🇯,0x1f1f8 0x1f1ef,1000,100,400,500,FLAG: SVALBARD & JAN MAYEN,Flags,Neutral
🇸🇰,0x1f1f8 0x1f1f0,1000,100,400,500,FLAG: SLOVAKIA,Flags,Neutral
🇸🇱,0x1f1f8 0x1f1f1,1000,100,400,500,FLAG: SIERRA LEONE,Flags,Neutral
🇸🇲,0x1f1f8 0x1f1f2,1000,100,400,500,FLAG: SAN MARINO,Flags,Neutral
🇸🇳,0x1f1f8 0x1f1f3,1000,100,400,500,FLAG: SENEGAL,Flags,Neutral
🇸🇴,0x1f1f8 0x1f1f4,1000,100,400,500,FLAG: SOMALIA,Flags,Neutral
🇸🇷,0x1f1f8 0x1f1f7,1000,100,400,500,FLAG: SURINAME,Flags,Neutral
🇸🇸,0x1f1f8 0x1f1f8,1000,100,400,500,FLAG: SOUTH SUDAN,Flags,Neutral
🇸🇹,0x1f1f8 0x1f1f9,1000,100,400,500,FLAG: SÃO TOMÉ & PRÍNCIPE,Flags,Neutral
🇸🇻,0x1f1f8 0x1f1fb,1000,100,400,500,FLAG: EL SALVADOR,Flags,Neutral
🇸🇽,0x1f1f8 0x1f1fd,1000,100,400,500,FLAG: SINT MAARTEN,Flags,Neutral
🇸🇾,0x1f1f8 0x1f1fe,1000,100,400,500,FLAG: SYRIA,Flags,Neutral
🇸🇿,0x1f1f8 0x1f1ff,1000,100,400,500,FLAG: ESWATINI,Flags,Neutral
🇹🇦,0x1f1f9 0x1f1e6,1000,100,400,500,FLAG: TRISTAN DA CUNHA,Flags,Neutral
🇹🇨,0x1f1f9 0x1f1e8,1000,100,400,500,FLAG: TURKS & CAICOS ISLANDS,Flags,Neutral
🇹🇩,0x1f1f9 0x1f1e9,1000,100,400,500,FLAG: CHAD,Flags,Neutral
🇹🇫,0x1f1f9 0x1f1eb,1000,100,400,500,FLAG: FRENCH SOUTHERN TERRITORIES,Flags,Neutral
🇹🇬,0x1f1f9 0x1f1ec,1000,100,400,500,FLAG: TOGO,Flags,Neutral
🇹🇭,0x1f1f9 0x1f1ed,1000,100,400,500,FLAG: THAILAND,Flags,Neutral
🇹🇯,0x1f1f9 0x1f1ef,1000,100,400,500,FLAG: TAJIKISTAN,Flags,Neutral
🇹🇰,0x1f1f9 0x1f1f0,1000,20,80,900,FLAG: TOKELAU,Flags,Approval
🇹🇱,0x1f1f9 0x1f1f1,1000,100,400,500,FLAG: TIMOR-LESTE,Flags,Neutral
🇹🇲,0x1f1f9 0x1f1f2,1000,100,400,500,FLAG: TURKMENISTAN,Flags,Neutral
🇹🇳,0x1f1f9 0x1f1f3,1000,100,400,500,FLAG: TUNISIA,Flags,Neutral
🇹🇴,0x1f1f9 0x1f1f4,1000,100,400,500,FLAG: TONGA,Flags,Neutral
🇹🇷,0x1f1f9 0x1f1f7,1000,100,400,500,FLAG: TURKEY,Flags,Neutral
🇹🇹,0x1f1f9 0x1f1f9,1000,100,400,500,FLAG: TRINIDAD & TOBAGO,Flags,Neutral
🇹🇻,0x1f1f9 0x1f1fb,1000,100,400,500,FLAG: TUVALU,Flags,Neutral
🇹🇼,0x1f1f9 0x1f1fc,1000,100,400,500,FLAG: TAIWAN,Flags,Neutral
🇹🇿,0x1f1f9 0x1f1ff,1000,100,400,500,FLAG: TANZANIA,Flags,Neutral
🇺🇦,0x1f1fa 0x1f1e6,1000,100,400,500,FLAG: UKRAINE,Flags,Neutral
🇺🇬,0x1f1fa 0x1f1ec,1000,100,400,500,FLAG: UGANDA,Flags,Neutral
🇺🇲,0x1f1fa 0x1f1f2,1000,100,400,500,FLAG: U.S. OUTLYING ISLANDS,Flags,Neutral
🇺🇳,0x1f1fa 0x1f1f3,1000,100,400,500,FLAG: UNITED NATIONS,Flags,Neutral
🇺🇸,0x1f1fa 0x1f1f8,1000,100,400,500,FLAG: UNITED STATES,Flags,Neutral
🇺🇾,0x1f1fa 0x1f1fe,1000,100,400,500,FLAG: URUGUAY,Flags,Neutral
🇺🇿,0x1f1fa 0x1f1ff,1000,100,400,500,FLAG: UZBEKISTAN,Flags,Neutral
🇻🇦,0x1f1fb 0x1f1e6,1000,100,400,500,FLAG: VATICAN CITY,Flags,Neutral
🇻🇨,0x1f1fb 0x1f1e8,1000,100,400,500,FLAG: ST. VINCENT & GRENADINES,Flags,Neutral
🇻🇪,0x1f1fb 0x1f1ea,1000,100,400,500,FLAG: VENEZUELA,Flags,Neutral
🇻🇬,0x1f1fb 0x1f1ec,1000,100,400,500,FLAG: BRITISH VIRGIN ISLANDS,Flags,Neutral
🇻🇮,0x1f1fb 0x1f1ee,1000,100,400,500,FLAG: U.S. VIRGIN ISLANDS,Flags,Neutral
🇻🇳,0x1f1fb 0x1f1f3,1000,100,400,500,FLAG: VIETNAM,Flags,Neutral
🇻🇺,0x1f1fb 0x1f1fa,1000,100,400,500,FLAG: VANUATU,Flags,Neutral
🇼🇫,0x1f1fc 0x1f1eb,1000,100,400,500,FLAG: WALLIS & FUTUNA,Flags,Neutral
🇼🇸,0x1f1fc 0x1f1f8,1000,100,400,500,FLAG: SAMOA,Flags,Neutral
🇽🇰,0x1f1fd 0x1f1f0,1000,100,400,500,FLAG: KOSOVO,Flags,Neutral
🇾🇪,0x1f1fe 0x1f1ea,1000,100,400,500,FLAG: YEMEN,Flags,Neutral
🇾🇹,0x1f1fe 0x1f1f9,1000,100,400,500,FLAG: MAYOTTE,Flags,Neutral
🇿🇦,0x1f1ff 0x1f1e6,1000,100,400,500,FLAG: SOUTH AFRICA,Flags,Neutral
🇿🇲,0x1f1ff 0x1f1f2,1000,100,400,500,FLAG: ZAMBIA,Flags,Neutral
🇿🇼,0x1f1ff 0x1f1fc,1000,100,400,500,FLAG: ZIMBABWE,Flags,Neutral
🏴󠁧󠁢󠁥󠁮󠁧󠁿,0x1f3f4 0xe0067 0xe0062 0xe0065 0xe006e 0xe0067 0xe007f,1000,100,400,500,FLAG: ENGLAND,Flags,Neutral
🏴󠁧󠁢󠁳󠁣󠁴󠁿,0x1f3f4 0xe0067 0xe0062 0xe0073 0xe0063 0xe0074 0xe007f,1000,100,400,500,FLAG: SCOTLAND,Flags,Neutral
🏴󠁧󠁢󠁷󠁬󠁳󠁿,0x1f3f4 0xe0067 0xe0062 0xe0077 0xe006c 0xe0073 0xe007f,1000,100,400,500,FLAG: WALES,Flags,Neutral
